thisRow.t,notes,block,Trialtype,withinblocktrial,resp,cor,dots direction,cor_resp,coherence,RTdec,dotlife,SR_conf,interval,interTrial.interval,scale,start_conf,RTrating,sub,age,gender,handedness,
,,0,tutorial,0,down,1,270,down,0.9,,,,,,,,,14,7,7,,
,,0,tutorial,1,down,1,270,down,0.9,,,,,,,,,14,7,7,,
,,0,tutorial,2,up,1,90,up,0.9,,,,,,,,,14,7,7,,
,,0,tutorial,3,up,1,90,up,0.9,,,,,,,,,14,7,7,,
,,0,tutorial,4,up,1,90,up,0.9,,,,,,,,,14,7,7,,
,,0,tutorial,5,down,1,270,down,0.9,,,,,,,,,14,7,7,,
,,1,SC dotlife,0,up,1,90,up,0.9,0.6140825999991648,11,,,,,,,14,7,7,,
,,1,SC dotlife,1,down,1,270,down,0.9,0.44606500000008964,9,,,,,,,14,7,7,,
,,1,SC dotlife,2,up,1,90,up,0.9,0.3306064999997034,7,,,,,,,14,7,7,,
,,1,SC dotlife,3,up,1,90,up,0.9,0.3148599000014656,7,,,,,,,14,7,7,,
,,1,SC dotlife,4,up,1,90,up,0.9,0.38178330000118876,7,,,,,,,14,7,7,,
,,1,SC dotlife,5,up,1,90,up,0.9,0.4234959000004892,5,,,,,,,14,7,7,,
,,1,SC dotlife,6,down,1,270,down,0.9,0.37539079999987734,5,,,,,,,14,7,7,,
,,1,SC dotlife,7,up,1,90,up,0.9,0.35835190000034345,5,,,,,,,14,7,7,,
,,1,SC dotlife,8,up,1,90,up,0.9,0.3794866999996884,3,,,,,,,14,7,7,,
,,1,SC dotlife,9,up,1,90,up,0.9,0.3798644999988028,3,,,,,,,14,7,7,,
,,1,SC dotlife,10,up,1,90,up,0.9,0.3278917999996338,3,,,,,,,14,7,7,,
,,1,SC dotlife,11,down,1,270,down,0.9,0.36189029999877675,3,,,,,,,14,7,7,,
,,1,SC dotlife,12,up,0,270,down,0.9,0.3124688000007154,3,,,,,,,14,7,7,,
,,1,SC dotlife,13,down,1,270,down,0.9,0.44571109999924374,5,,,,,,,14,7,7,,
,,1,SC dotlife,14,up,1,90,up,0.9,0.42927790000067034,3,,,,,,,14,7,7,,
,,1,SC dotlife,15,up,1,90,up,0.9,0.4952749000003678,3,,,,,,,14,7,7,,
,,1,SC dotlife,16,down,1,270,down,0.9,0.6899875999988581,3,,,,,,,14,7,7,,
,,1,SC dotlife,17,down,1,270,down,0.9,0.4115573000017321,3,,,,,,,14,7,7,,
,,1,SC dotlife,18,up,1,90,up,0.9,0.31136899999910383,3,,,,,,,14,7,7,,
,,1,SC dotlife,19,down,1,270,down,0.9,0.3615446999992855,3,,,,,,,14,7,7,,
,,1,SC dotlife,20,up,1,90,up,0.9,0.34385399999882793,3,,,,,,,14,7,7,,
,,1,SC dotlife,21,down,0,90,up,0.9,0.31193870000060997,3,,,,,,,14,7,7,,
,,1,SC dotlife,22,down,1,270,down,0.9,0.36150000000088767,3,,,,,,,14,7,7,,
,,1,SC dotlife,23,up,0,270,down,0.9,0.36246179999943706,3,,,,,,,14,7,7,,
,,1,SC dotlife,24,up,0,270,down,0.9,0.2956102000007377,5,,,,,,,14,7,7,,
,,1,SC dotlife,25,down,1,270,down,0.9,0.8051379999997152,5,,,,,,,14,7,7,,
,,1,SC dotlife,26,up,1,90,up,0.9,0.4305695000002743,5,,,,,,,14,7,7,,
,,1,SC dotlife,27,up,1,90,up,0.9,0.41235710000000836,5,,,,,,,14,7,7,,
,,1,SC dotlife,28,down,1,270,down,0.9,0.47870139999940875,5,,,,,,,14,7,7,,
,,1,SC dotlife,29,down,1,270,down,0.9,0.6114493000004586,5,,,,,,,14,7,7,,
,,1,SC dotlife,30,up,1,90,up,0.9,0.39662420000058773,5,,,,,,,14,7,7,,
,,1,SC dotlife,31,up,1,90,up,0.9,0.6133552000010241,3,,,,,,,14,7,7,,
,,1,SC dotlife,32,down,1,270,down,0.9,0.37897549999979674,3,,,,,,,14,7,7,,
,,1,SC dotlife,33,up,1,90,up,0.9,0.5638233999998192,3,,,,,,,14,7,7,,
,,1,SC dotlife,34,down,1,270,down,0.9,0.5801922999999078,3,,,,,,,14,7,7,,
,,1,SC dotlife,35,down,1,270,down,0.9,0.4285945999999967,3,,,,,,,14,7,7,,
,,1,SC dotlife,36,down,1,270,down,0.9,0.4461719999999332,3,,,,,,,14,7,7,,
,,1,SC dotlife,37,up,1,90,up,0.9,0.4615866999993159,3,,,,,,,14,7,7,,
,,1,SC dotlife,38,down,1,270,down,0.9,0.8081054000012955,3,,,,,,,14,7,7,,
,,1,SC dotlife,39,up,0,270,down,0.9,0.8937002000002394,3,,,,,,,14,7,7,,
,,2,SC coherence,0,up,0,270,down,0.3,0.48487290000048233,3.18500028912677,,,,,,,14,7,7,,
,,2,SC coherence,1,up,1,90,up,0.5,0.5440737999997509,3.18500028912677,,,,,,,14,7,7,,
,,2,SC coherence,2,up,1,90,up,0.48333333333333334,0.4441575000000739,3.18500028912677,,,,,,,14,7,7,,
,,2,SC coherence,3,down,1,270,down,0.4583333333333333,0.4768989000003785,3.18500028912677,,,,,,,14,7,7,,
,,2,SC coherence,4,up,0,270,down,0.4583333333333333,0.5250582999997278,3.18500028912677,,,,,,,14,7,7,,
,,2,SC coherence,5,down,1,270,down,0.5833333333333334,0.7425949000007677,3.18500028912677,,,,,,,14,7,7,,
,,2,SC coherence,6,up,1,90,up,0.5833333333333334,0.4774208999988332,3.18500028912677,,,,,,,14,7,7,,
,,2,SC coherence,7,down,1,270,down,0.5583333333333333,0.47730679999949643,3.18500028912677,,,,,,,14,7,7,,
,,2,SC coherence,8,down,1,270,down,0.5583333333333333,0.5299304999989545,3.18500028912677,,,,,,,14,7,7,,
,,2,SC coherence,9,up,1,90,up,0.5583333333333333,0.48936289999983273,3.18500028912677,,,,,,,14,7,7,,
,,2,SC coherence,10,down,1,270,down,0.5416666666666666,0.5894520999991073,3.18500028912677,,,,,,,14,7,7,,
,,2,SC coherence,11,down,1,270,down,0.5416666666666666,0.576602199998888,3.18500028912677,,,,,,,14,7,7,,
,,2,SC coherence,12,up,1,90,up,0.5416666666666666,0.44441399999959685,3.18500028912677,,,,,,,14,7,7,,
,,2,SC coherence,13,down,1,270,down,0.5166666666666667,0.494398299999375,3.18500028912677,,,,,,,14,7,7,,
,,2,SC coherence,14,up,1,90,up,0.5166666666666667,0.4052061999991565,3.18500028912677,,,,,,,14,7,7,,
,,2,SC coherence,15,down,1,270,down,0.5166666666666667,0.4409365000010439,3.18500028912677,,,,,,,14,7,7,,
,,2,SC coherence,16,up,1,90,up,0.5,0.35766289999992296,3.18500028912677,,,,,,,14,7,7,,
,,2,SC coherence,17,up,0,270,down,0.5,0.41110810000100173,3.18500028912677,,,,,,,14,7,7,,
,,2,SC coherence,18,down,1,270,down,0.6,0.6412302999997337,3.18500028912677,,,,,,,14,7,7,,
,,2,SC coherence,19,up,1,90,up,0.5833333333333334,0.3932920999995986,3.18500028912677,,,,,,,14,7,7,,
,,2,SC coherence,20,down,1,270,down,0.5833333333333334,0.4091511000005994,3.18500028912677,,,,,,,14,7,7,,
,,2,SC coherence,21,up,1,90,up,0.5833333333333334,1.043490500000189,3.18500028912677,,,,,,,14,7,7,,
,,2,SC coherence,22,up,1,90,up,0.5833333333333334,0.5096235000000888,3.18500028912677,,,,,,,14,7,7,,
,,2,SC coherence,23,up,1,90,up,0.5833333333333334,0.5104812999998103,3.18500028912677,,,,,,,14,7,7,,
,,2,SC coherence,24,down,1,270,down,0.5583333333333333,0.4422873999992589,3.18500028912677,,,,,,,14,7,7,,
,,2,SC coherence,25,up,1,90,up,0.5583333333333333,0.4928159000010055,3.18500028912677,,,,,,,14,7,7,,
,,2,SC coherence,26,down,1,270,down,0.5583333333333333,0.3921178999989934,3.18500028912677,,,,,,,14,7,7,,
,,2,SC coherence,27,up,1,90,up,0.5583333333333333,0.45734839999931864,3.18500028912677,,,,,,,14,7,7,,
,,2,SC coherence,28,down,1,270,down,0.5416666666666666,0.4933469999996305,3.18500028912677,,,,,,,14,7,7,,
,,2,SC coherence,29,up,1,90,up,0.4166666666666667,0.9109487999994599,3.18500028912677,,,,,,,14,7,7,,
,,2,SC coherence,30,up,1,90,up,0.4166666666666667,0.4761348000010912,3.18500028912677,,,,,,,14,7,7,,
,,2,SC coherence,31,up,1,90,up,0.4,0.40914080000038666,3.18500028912677,,,,,,,14,7,7,,
,,2,SC coherence,32,up,0,270,down,0.38333333333333336,0.5253128000003926,3.18500028912677,,,,,,,14,7,7,,
,,2,SC coherence,33,up,1,90,up,0.5416666666666666,0.5273197999995318,3.18500028912677,,,,,,,14,7,7,,
,,2,SC coherence,34,down,1,270,down,0.5416666666666666,0.4256791999996494,3.18500028912677,,,,,,,14,7,7,,
,,2,SC coherence,35,up,1,90,up,0.5416666666666666,0.4579049000003579,3.18500028912677,,,,,,,14,7,7,,
,,2,SC coherence,36,up,1,90,up,0.4166666666666667,0.45668339999974705,3.18500028912677,,,,,,,14,7,7,,
,,2,SC coherence,37,down,1,270,down,0.4166666666666667,0.4938511999989714,3.18500028912677,,,,,,,14,7,7,,
,,2,SC coherence,38,down,1,270,down,0.4,0.6616557999986981,3.18500028912677,,,,,,,14,7,7,,
,,2,SC coherence,39,down,1,270,down,0.4,0.4774257999997644,3.18500028912677,,,,,,,14,7,7,,
,,2,SC coherence,40,up,1,90,up,0.38333333333333336,0.4258757000006881,3.18500028912677,,,,,,,14,7,7,,
,,2,SC coherence,41,up,1,90,up,0.38333333333333336,0.4778501000000688,3.18500028912677,,,,,,,14,7,7,,
,,2,SC coherence,42,down,1,270,down,0.35833333333333334,0.759311499999967,3.18500028912677,,,,,,,14,7,7,,
,,2,SC coherence,43,down,1,270,down,0.35833333333333334,0.49198140000044077,3.18500028912677,,,,,,,14,7,7,,
,,2,SC coherence,44,up,1,90,up,0.3416666666666667,0.811669200000324,3.18500028912677,,,,,,,14,7,7,,
,,2,SC coherence,45,down,1,270,down,0.3416666666666667,0.7104032000006555,3.18500028912677,,,,,,,14,7,7,,
,,2,SC coherence,46,up,1,90,up,0.31666666666666665,0.6418438000000606,3.18500028912677,,,,,,,14,7,7,,
,,2,SC coherence,47,down,1,270,down,0.31666666666666665,0.9427058000001125,3.18500028912677,,,,,,,14,7,7,,
,,2,SC coherence,48,up,0,270,down,0.3,0.6232108999993216,3.18500028912677,,,,,,,14,7,7,,
,,2,SC coherence,49,up,1,90,up,0.3416666666666667,0.44375880000006873,3.18500028912677,,,,,,,14,7,7,,
,,2,SC coherence,50,up,1,90,up,0.31666666666666665,0.5276625000005879,3.18500028912677,,,,,,,14,7,7,,
,,2,SC coherence,51,down,1,270,down,0.31666666666666665,0.5470353000000614,3.18500028912677,,,,,,,14,7,7,,
,,2,SC coherence,52,up,1,90,up,0.3,0.8937669000006281,3.18500028912677,,,,,,,14,7,7,,
,,2,SC coherence,53,down,1,270,down,0.3,0.7089523999984522,3.18500028912677,,,,,,,14,7,7,,
,,2,SC coherence,54,up,0,270,down,0.2833333333333333,0.9700021999997261,3.18500028912677,,,,,,,14,7,7,,
,,2,SC coherence,55,up,1,90,up,0.31666666666666665,0.41258949999973993,3.18500028912677,,,,,,,14,7,7,,
,,2,SC coherence,56,up,1,90,up,0.3,0.792287900001611,3.18500028912677,,,,,,,14,7,7,,
,,2,SC coherence,57,up,1,90,up,0.3,0.5500803000013548,3.18500028912677,,,,,,,14,7,7,,
,,2,SC coherence,58,down,1,270,down,0.2833333333333333,0.5772332999986247,3.18500028912677,,,,,,,14,7,7,,
,,2,SC coherence,59,up,1,90,up,0.2833333333333333,0.6759146000003966,3.18500028912677,,,,,,,14,7,7,,
,,2,SC coherence,60,down,1,270,down,0.25833333333333336,0.5248135999991064,3.18500028912677,,,,,,,14,7,7,,
,,2,SC coherence,61,down,1,270,down,0.25833333333333336,0.537142600000152,3.18500028912677,,,,,,,14,7,7,,
,,2,SC coherence,62,down,1,270,down,0.24166666666666667,0.5446052000006603,3.18500028912677,,,,,,,14,7,7,,
,,2,SC coherence,63,up,1,90,up,0.21666666666666667,1.5400994999999966,3.18500028912677,,,,,,,14,7,7,,
,,2,SC coherence,64,down,1,270,down,0.21666666666666667,0.4940568000001804,3.18500028912677,,,,,,,14,7,7,,
,,2,SC coherence,65,down,0,90,up,0.2,0.5100572999999713,3.18500028912677,,,,,,,14,7,7,,
,,2,SC coherence,66,down,1,270,down,0.24166666666666667,0.4584498000003805,3.18500028912677,,,,,,,14,7,7,,
,,2,SC coherence,67,down,0,90,up,0.21666666666666667,1.2942696999998589,3.18500028912677,,,,,,,14,7,7,,
,,2,SC coherence,68,up,1,90,up,0.24166666666666667,0.5764478000000963,3.18500028912677,,,,,,,14,7,7,,
,,2,SC coherence,69,down,1,270,down,0.24166666666666667,1.3572784000007232,3.18500028912677,,,,,,,14,7,7,,
,,2,SC coherence,70,down,1,270,down,0.21666666666666667,0.892040900000211,3.18500028912677,,,,,,,14,7,7,,
,,2,SC coherence,71,down,0,90,up,0.21666666666666667,0.7768845000009605,3.18500028912677,,,,,,,14,7,7,,
,,2,SC coherence,72,up,1,90,up,0.6416666666666667,0.6093883000012283,3.18500028912677,,,,,,,14,7,7,,
,,2,SC coherence,73,down,1,270,down,0.6166666666666667,0.5588015000012092,3.18500028912677,,,,,,,14,7,7,,
,,2,SC coherence,74,up,1,90,up,0.24166666666666667,0.5261629999986326,3.18500028912677,,,,,,,14,7,7,,
,,2,SC coherence,75,down,0,90,up,0.24166666666666667,0.79271830000107,3.18500028912677,,,,,,,14,7,7,,
,,2,SC coherence,76,up,1,90,up,0.6166666666666667,0.5097624000009091,3.18500028912677,,,,,,,14,7,7,,
,,2,SC coherence,77,down,1,270,down,0.6,0.4588086999992811,3.18500028912677,,,,,,,14,7,7,,
,,2,SC coherence,78,up,1,90,up,0.25833333333333336,0.8270958000011888,3.18500028912677,,,,,,,14,7,7,,
,,2,SC coherence,79,down,1,270,down,0.25833333333333336,0.9281771999994817,3.18500028912677,,,,,,,14,7,7,,
,,3,Training - scale,0,down,1,270,down,0.8,0.5852166999993642,3.18500028912677,0.75,,,,,,14,7,7,,
,,3,Training - scale,1,up,1,90,up,1.0,0.5665705999999773,3.18500028912677,0.84,,,,,,14,7,7,,
,,3,Training - scale,2,down,1,270,down,0.4,1.5349996999993891,3.18500028912677,0.59,,,,,,14,7,7,,
,,3,Training - scale,3,up,1,90,up,0.30000000000000004,1.2193091999997705,3.18500028912677,0.62,,,,,,14,7,7,,
,,3,Training - scale,4,down,1,270,down,0.6,1.2350686999998288,3.18500028912677,0.81,,,,,,14,7,7,,
,,3,Training - scale,5,[],0,90,up,0.2,nan,3.18500028912677,None,,,,,,14,7,7,,
,,3,Training - scale,6,down,1,270,down,0.5,0.6452652999996644,3.18500028912677,0.79,,,,,,14,7,7,,
,,3,Training - scale,7,up,0,270,down,0.1,1.7167726999996376,3.18500028912677,0.71,,,,,,14,7,7,,
,,3,Training - scale,8,up,1,90,up,0.9,0.7994187000003876,3.18500028912677,1,,,,,,14,7,7,,
,,3,Training - scale,9,up,1,90,up,0.7000000000000001,0.6853373999983887,3.18500028912677,1.0,,,,,,14,7,7,,
,,2,Main,0,up,1,90,up,0.31666666666666665,1.271213899999566,3.18500028912677,0.58,3.032207960032652,2.0141215384610662,conf,0.25996499390959166,1.7541617000006227,14,7,7,,
,,2,Main,1,up,0,270,down,0.058333333333333334,1.3050125999998272,3.18500028912677,0.68,2.522755923914051,2.8536715176791088,conf,0.7041428806900785,1.7331237999987934,14,7,7,,
,,2,Main,2,up,0,270,down,0.16666666666666666,1.848571799999263,3.18500028912677,0.33,2.799861063949545,2.5885031322601972,conf,0.3483535613971756,0.8993448999990505,14,7,7,,
,,2,Main,3,down,1,270,down,0.24166666666666667,1.0948367999990296,3.18500028912677,0.82,2.6022725846737336,2.840648990775825,conf,0.6962629114916677,1.3771864000009373,14,7,7,,
,,2,Main,4,up,1,90,up,0.6166666666666667,1.1937887999993109,3.18500028912677,1,4.3389643134090035,2.5233385501490537,conf,0.5972282425498986,0.5224742999998853,14,7,7,,
,,2,Main,5,up,1,90,up,0.16666666666666666,1.396033000000898,3.18500028912677,0.9,3.2452862588738265,3.0884728507921846,conf,0.7115589674597865,1.1503926000004867,14,7,7,,
,,2,Main,6,up,1,90,up,0.058333333333333334,1.515259199999491,3.18500028912677,0.38,3.066378276619336,2.6810831799852908,conf,0.4001770508815355,1.2477928000007523,14,7,7,,
,,2,Main,7,up,1,90,up,0.16666666666666666,1.8333707000001596,3.18500028912677,0.63,3.6263978830587433,2.8896390393507634,conf,0.4096773888615158,1.189139800000703,14,7,7,,
,,2,Main,8,up,0,270,down,0.24166666666666667,1.5623844000001554,3.18500028912677,0.76,4.723618390570593,3.156262449130761,conf,0.6354397749364211,0.5894296000005852,14,7,7,,
,,2,Main,9,down,1,270,down,0.31666666666666665,1.1949536000010994,3.18500028912677,0.85,3.9905832990155288,2.880966084349198,conf,0.5673146873468402,0.7057531999998901,14,7,7,,
,,2,Main,10,down,1,270,down,0.6166666666666667,0.9856328000005306,3.18500028912677,1.0,3.479346673178211,3.1224335776370267,conf,0.703700441588764,0.5244798999992781,14,7,7,,
,,2,Main,11,up,1,90,up,0.24166666666666667,1.328961299999719,3.18500028912677,0.77,4.805742683330442,3.06911813781723,conf,0.5718006390137378,0.9618340000015451,14,7,7,,
,,2,Main,12,down,1,270,down,0.31666666666666665,1.663167800001247,3.18500028912677,0.6,2.1347100831522132,2.2099589951631837,conf,0.5249819306263066,0.6498056000000361,14,7,7,,
,,2,Main,13,up,1,90,up,0.24166666666666667,1.252145999998902,3.18500028912677,0.57,4.80492969977603,3.0922932786273774,conf,0.711642589164964,0.9490879999993922,14,7,7,,
,,2,Main,14,up,1,90,up,0.24166666666666667,1.2118503999990935,3.18500028912677,0.73,3.2592146448555552,2.901012209429046,conf,0.5858847712018636,0.6187117000008584,14,7,7,,
,,2,Main,15,[],0,270,down,0.16666666666666666,1.2118503999990935,3.18500028912677,None,None,2.8217503180677883,None,0.5858847712018636,None,14,7,7,,
,,2,Main,16,up,1,90,up,0.31666666666666665,1.0274066999991192,3.18500028912677,0.98,4.650645334148357,2.4183655919740916,conf,0.4809510972821245,1.5622487999989971,14,7,7,,
,,2,Main,17,down,1,270,down,0.24166666666666667,1.4152905000009923,3.18500028912677,0.52,4.931758975133778,3.108632940751225,conf,0.5161532509383064,0.9679847999996127,14,7,7,,
,,2,Main,18,up,0,270,down,0.16666666666666666,1.094735300001048,3.18500028912677,0.63,3.964311198930168,2.633178994829637,conf,0.40887433944720825,0.916015899998456,14,7,7,,
,,2,Main,19,down,1,270,down,0.24166666666666667,0.7980250000000524,3.18500028912677,0.63,4.753294881899889,2.517397172978244,conf,0.3253289319287629,0.6823385000006965,14,7,7,,
,,2,Main,20,up,1,90,up,0.24166666666666667,0.9817026000000624,3.18500028912677,0.91,2.613262284457469,3.1899455881349583,conf,0.5543562940488712,0.4371439000005921,14,7,7,,
,,2,Main,21,up,0,270,down,0.058333333333333334,1.5447170000006736,3.18500028912677,0.54,2.5198641046859986,2.948241299077914,conf,0.7399419637289189,1.7226501000004646,14,7,7,,
,,2,Main,22,up,0,270,down,0.24166666666666667,1.4704636000005848,3.18500028912677,0.56,3.0177852891175063,2.8188587778149845,conf,0.28087624621409296,0.9853322000017215,14,7,7,,
,,2,Main,23,up,1,90,up,0.16666666666666666,1.0828422999984468,3.18500028912677,0.61,4.10045254140449,2.454241510518355,conf,0.4673852662372684,0.6493257000001904,14,7,7,,
,,2,Main,24,up,1,90,up,0.24166666666666667,0.9967546000007133,3.18500028912677,0.47,3.0882537425005623,2.367823209221752,conf,0.2518058395082576,0.8765115000005608,14,7,7,,
,,2,Main,25,up,0,270,down,0.31666666666666665,1.049051199999667,3.18500028912677,0.61,2.6376680320787997,2.3689592769770242,conf,0.4487824399977615,0.891630799998893,14,7,7,,
,,2,Main,26,down,1,270,down,0.24166666666666667,1.380209200000536,3.18500028912677,0.7,3.637757388518694,2.778880380645052,conf,0.42476433925413487,0.7932820999994874,14,7,7,,
,,2,Main,27,down,1,270,down,0.6166666666666667,1.1039947000008397,3.18500028912677,0.95,2.375128876826539,2.9344628739763983,conf,0.6254836783508684,0.6474753000002238,14,7,7,,
,,2,Main,28,down,0,90,up,0.24166666666666667,1.3317553000015323,3.18500028912677,0.46,3.6336946890672888,2.739850121770845,conf,0.6156091614588433,1.2659242999998241,14,7,7,,
,,2,Main,29,down,0,90,up,0.31666666666666665,1.112394800000402,3.18500028912677,0.6,4.27573842985476,2.308600335905312,conf,0.5187596300643467,0.7383539000002202,14,7,7,,
,,2,Main,30,up,1,90,up,0.31666666666666665,1.3934234000007564,3.18500028912677,0.76,4.047229054526286,2.9144125151639275,conf,0.6005051258513661,0.5509549999987939,14,7,7,,
,,2,Main,31,down,1,270,down,0.16666666666666666,1.2984106000003521,3.18500028912677,0.72,2.998738977323259,2.8655794781245545,conf,0.3615498483607496,0.7323778000009042,14,7,7,,
,,2,Main,32,up,1,90,up,0.6166666666666667,0.8344301999986783,3.18500028912677,1,2.2993748452994733,2.5897569624031958,conf,0.2667787356360314,0.6848217999995541,14,7,7,,
,,2,Main,33,down,0,90,up,0.16666666666666666,1.47751099999914,3.18500028912677,0.62,2.994711956407872,2.5571311096061886,conf,0.3792379243876071,0.6493819999996049,14,7,7,,
,,2,Main,34,down,1,270,down,0.31666666666666665,1.1273758000006637,3.18500028912677,1,2.4727209089908224,2.4565088916715467,conf,0.34068031038166596,0.6534058000015648,14,7,7,,
,,2,Main,35,down,0,90,up,0.058333333333333334,1.4272653999996692,3.18500028912677,0.7,4.673738470806295,2.6657441589909956,conf,0.4420430433693795,1.0536610999988625,14,7,7,,
,,3,Main,0,up,1,90,up,0.31666666666666665,0.7884797999995499,3.18500028912677,0.8,4.774138856717275,2.7069287794539254,conf,0.5999891696781531,0.5663460999985546,14,7,7,,
,,3,Main,1,down,1,270,down,0.16666666666666666,0.7119565000011789,3.18500028912677,0.71,4.1023100084883195,2.8100694853140182,conf,0.5491867507922371,0.5965782000002946,14,7,7,,
,,3,Main,2,down,1,270,down,0.6166666666666667,0.685458900001322,3.18500028912677,0.72,4.5325454864567805,3.0311176309325623,conf,0.3416646653715545,0.6579837999997835,14,7,7,,
,,3,Main,3,up,1,90,up,0.24166666666666667,1.0654919000007794,3.18500028912677,0.88,2.0173716803267734,2.7222967268053453,conf,0.618269302338889,0.7942648000007466,14,7,7,,
,,3,Main,4,down,1,270,down,0.31666666666666665,0.7426574999990407,3.18500028912677,0.86,4.46881727769493,2.7140922451902654,conf,0.6356289424784507,0.6392761999995855,14,7,7,,
,,3,Main,5,down,1,270,down,0.31666666666666665,0.8177341000009619,3.18500028912677,0.88,4.0448732514604435,2.886350321875362,conf,0.6038080049659341,0.6053429000003234,14,7,7,,
,,3,Main,6,down,1,270,down,0.24166666666666667,0.7960628000000725,3.18500028912677,0.78,3.053061505164906,2.9807016927927155,conf,0.44357348658886186,0.7775144000006549,14,7,7,,
,,3,Main,7,down,0,90,up,0.058333333333333334,1.184438100000989,3.18500028912677,0.79,3.6056144728821233,2.5718823807832973,conf,0.5475238240665272,0.6803319000009651,14,7,7,,
,,3,Main,8,up,1,90,up,0.16666666666666666,1.7746387999995932,3.18500028912677,0.59,3.112424306715313,2.774304738374678,conf,0.3460071554946259,0.7783141999989311,14,7,7,,
,,3,Main,9,up,0,270,down,0.058333333333333334,1.207725099999152,3.18500028912677,0.61,3.8163358779600447,2.9469124956575583,conf,0.3080086469199261,0.7269465999997919,14,7,7,,
,,3,Main,10,up,1,90,up,0.24166666666666667,1.332984500000748,3.18500028912677,0.6,3.4935317074615146,2.5582770225492912,conf,0.6999528147608705,0.9376640999998926,14,7,7,,
,,3,Main,11,up,1,90,up,0.24166666666666667,1.1934156999996048,3.18500028912677,0.87,3.7328756976527053,2.399750551635189,conf,0.7088751884427363,0.6273725000010018,14,7,7,,
,,3,Main,12,down,1,270,down,0.16666666666666666,1.582971900001212,3.18500028912677,0.81,2.785093606178892,3.287372059465194,conf,0.5076150484396345,1.0962409999992815,14,7,7,,
,,3,Main,13,down,1,270,down,0.24166666666666667,1.6347889999997278,3.18500028912677,0.55,3.239501407680262,2.5629476817386023,conf,0.7456189570055451,0.7627707999999984,14,7,7,,
,,3,Main,14,up,1,90,up,0.16666666666666666,1.2689344999998866,3.18500028912677,0.59,2.7499550178129066,2.6588129500119018,conf,0.3051843531917197,0.8021859000000404,14,7,7,,
,,3,Main,15,up,1,90,up,0.6166666666666667,0.8896151999997528,3.18500028912677,1,2.14330189970363,2.8252403625227953,conf,0.7108376950492209,0.3454918000006728,14,7,7,,
,,3,Main,16,up,1,90,up,0.31666666666666665,0.7748334999996587,3.18500028912677,1,4.983578347742726,2.5662402992965023,conf,0.6212553824674072,0.45928249999997206,14,7,7,,
,,3,Main,17,down,1,270,down,0.24166666666666667,0.8177818000003754,3.18500028912677,0.77,4.081022514178599,2.4142662375136026,conf,0.2511438941474241,0.8551106999984768,14,7,7,,
,,3,Main,18,down,1,270,down,0.31666666666666665,0.7663504000011017,3.18500028912677,0.76,4.279542089974391,2.978434195233626,conf,0.6643478441639328,0.5896394000010332,14,7,7,,
,,3,Main,19,up,1,90,up,0.058333333333333334,1.6687504000001354,3.18500028912677,0.55,4.576286208940904,2.9838695082410687,conf,0.30828164527687524,0.8971603000009054,14,7,7,,
,,3,Main,20,down,1,270,down,0.058333333333333334,1.1791214000004402,3.18500028912677,0.87,3.0754993556821555,2.9283493631527304,conf,0.5276516593691302,1.9379960000005667,14,7,7,,
,,3,Main,21,up,1,90,up,0.24166666666666667,1.0018517000007705,3.18500028912677,0.84,4.283490342049236,2.609542938512361,conf,0.3804027655042733,0.9692509999986214,14,7,7,,
,,3,Main,22,up,1,90,up,0.16666666666666666,1.3569731000006868,3.18500028912677,0.65,4.542092763862035,2.9202767091599457,conf,0.5146261320860799,0.633369600000151,14,7,7,,
,,3,Main,23,up,1,90,up,0.24166666666666667,1.4991679999984626,3.18500028912677,0.6,3.4360587378673264,2.403313224740197,conf,0.7150256657159817,1.5972163999995246,14,7,7,,
,,3,Main,24,down,1,270,down,0.6166666666666667,0.8956961000003503,3.18500028912677,0.6,3.3749920682498322,2.2877213333754542,conf,0.6419136661223671,1.3410196999993786,14,7,7,,
,,3,Main,25,down,1,270,down,0.24166666666666667,0.9275189999989379,3.18500028912677,0.6,3.111474386309643,2.428635121374424,conf,0.6004368240127657,0.8666647999998531,14,7,7,,
,,3,Main,26,down,0,90,up,0.24166666666666667,1.024808000000121,3.18500028912677,0.61,4.350059733740764,2.0921159134315634,conf,0.32700406908177737,1.8100353999998333,14,7,7,,
,,3,Main,27,down,1,270,down,0.24166666666666667,0.6557195999994292,3.18500028912677,0.62,2.210461137519804,3.076061886255757,conf,0.29683294723726167,0.9962355000006937,14,7,7,,
,,3,Main,28,up,1,90,up,0.6166666666666667,0.7906313999992562,3.18500028912677,0.63,3.6494420214980092,2.94974200402729,conf,0.3856820363212259,0.8583043999988149,14,7,7,,
,,3,Main,29,down,1,270,down,0.16666666666666666,0.7361879999989469,3.18500028912677,0.85,2.771434689989189,2.647415295623756,conf,0.25166455140539645,1.9831842000003235,14,7,7,,
,,3,Main,30,up,1,90,up,0.31666666666666665,1.0209967999999208,3.18500028912677,0.81,3.1569043190308053,2.574156405273001,conf,0.5519733572394301,1.2489288000015222,14,7,7,,
,,3,Main,31,down,1,270,down,0.31666666666666665,1.2108774000007543,3.18500028912677,0.59,4.315970669554545,2.3301378956344876,conf,0.7094316927843124,1.1638464999996359,14,7,7,,
,,3,Main,32,down,1,270,down,0.24166666666666667,0.8582060000007914,3.18500028912677,0.54,3.469076362677242,2.844069132291705,conf,0.5962959013759975,1.7558198999995511,14,7,7,,
,,3,Main,33,up,1,90,up,0.31666666666666665,1.7921576999997342,3.18500028912677,0.61,2.947635124487676,2.863378196257367,conf,0.38585815829192366,0.9937781000007817,14,7,7,,
,,3,Main,34,up,1,90,up,0.16666666666666666,0.8355436000001646,3.18500028912677,0.66,4.055317231292154,2.6907756977531143,conf,0.3197688234007859,1.4311733999984426,14,7,7,,
,,3,Main,35,down,1,270,down,0.16666666666666666,0.8941193999999086,3.18500028912677,0.61,3.687539076341511,2.7292815371070938,conf,0.5677984701750103,2.142453200000091,14,7,7,,
,,4,Main,0,up,1,90,up,0.24166666666666667,0.8853297999994538,3.18500028912677,0.6,4.052416185684752,2.7206548275776563,conf,0.3400730117976042,2.00395109999954,14,7,7,,
,,4,Main,1,up,0,270,down,0.24166666666666667,1.2623002999989694,3.18500028912677,0.75,3.107549146567515,2.3291604811610984,conf,0.591348564666903,1.175779400000465,14,7,7,,
,,4,Main,2,up,0,270,down,0.058333333333333334,1.316706499999782,3.18500028912677,0.36,2.84554885557794,2.864235516226779,conf,0.5418739304265936,0.6194964000005712,14,7,7,,
,,4,Main,3,down,1,270,down,0.16666666666666666,1.784900499998912,3.18500028912677,0.69,2.803708597615703,2.599632691189266,conf,0.5942725685630172,0.5807690999990882,14,7,7,,
,,4,Main,4,up,1,90,up,0.24166666666666667,1.0675276999991183,3.18500028912677,0.65,2.064004674256531,2.351491485362462,conf,0.7297993386691732,1.3033207000007678,14,7,7,,
,,4,Main,5,up,1,90,up,0.6166666666666667,0.8142729999999574,3.18500028912677,1,3.0024894675641276,2.7249642763897746,conf,0.6608452710089696,0.47784820000015316,14,7,7,,
,,4,Main,6,up,1,90,up,0.16666666666666666,0.7743628999996872,3.18500028912677,0.74,3.043415174267424,3.2289574914417005,conf,0.604820300807836,0.9139443999993091,14,7,7,,
,,4,Main,7,down,1,270,down,0.6166666666666667,0.7090574000012566,3.18500028912677,1,2.377341753204373,2.8353870555431397,conf,0.5418954926571502,0.5166238000001613,14,7,7,,
,,4,Main,8,up,1,90,up,0.058333333333333334,1.3168802000000142,3.18500028912677,0.76,3.933696781196315,2.5472738691584405,conf,0.6384694652051415,0.9336017000005086,14,7,7,,
,,4,Main,9,down,1,270,down,0.31666666666666665,1.1846977999994124,3.18500028912677,0.73,2.603796244633957,2.7975290080618485,conf,0.6089727570328105,1.0939994999989722,14,7,7,,
,,4,Main,10,up,1,90,up,0.31666666666666665,0.9041464000001724,3.18500028912677,0.68,2.2167164026335064,2.780858519087393,conf,0.5603718121569087,0.7885651999986294,14,7,7,,
,,4,Main,11,down,1,270,down,0.24166666666666667,0.6513086000013573,3.18500028912677,0.9,3.45972353339745,3.051902849473715,conf,0.3633175766525537,0.7943099999993137,14,7,7,,
,,4,Main,12,down,1,270,down,0.24166666666666667,0.8135579999998299,3.18500028912677,0.88,2.690197798698242,2.831742339520684,conf,0.43741192211238483,0.8238531000006333,14,7,7,,
,,4,Main,13,down,1,270,down,0.31666666666666665,1.015337200000431,3.18500028912677,0.84,2.6229410089053067,2.3876880328406096,conf,0.3646673434725512,1.5083594000006997,14,7,7,,
,,4,Main,14,up,1,90,up,0.24166666666666667,1.2182487999998557,3.18500028912677,0.75,3.445799462003853,2.602288557940456,conf,0.33449794545773115,0.7394862999990437,14,7,7,,
,,4,Main,15,up,1,90,up,0.16666666666666666,1.3318355999999767,3.18500028912677,0.98,2.1002950068736563,3.274795313372097,conf,0.7190126433902093,0.5990746000006766,14,7,7,,
,,4,Main,16,up,1,90,up,0.31666666666666665,1.0247314000007464,3.18500028912677,0.82,3.953748151601568,2.75165260963039,conf,0.2570548437241066,0.9051522999998269,14,7,7,,
,,4,Main,17,up,0,270,down,0.16666666666666666,1.4322249999986525,3.18500028912677,0.5,4.784813099394786,2.755428731281628,conf,0.40029926516327685,1.549772500000472,14,7,7,,
,,4,Main,18,up,1,90,up,0.24166666666666667,1.112918200000422,3.18500028912677,0.63,2.0814696845503162,2.581497250977717,conf,0.28518176274992935,1.3645093999984965,14,7,7,,
,,4,Main,19,up,1,90,up,0.31666666666666665,0.9011602999999013,3.18500028912677,1,2.140933025390022,2.476769162227228,conf,0.42118556074891067,0.5594406000000163,14,7,7,,
,,4,Main,20,down,1,270,down,0.31666666666666665,0.8234308999999485,3.18500028912677,1.0,3.8303317747405483,2.734631567838032,conf,0.2606579385508536,0.6469916000005469,14,7,7,,
,,4,Main,21,up,1,90,up,0.31666666666666665,1.7628913999997167,3.18500028912677,0.52,3.279210022816806,2.362137720006214,conf,0.42186104643038536,1.2191764999988663,14,7,7,,
,,4,Main,22,down,1,270,down,0.058333333333333334,1.6035252000001492,3.18500028912677,0.39,3.4741399260796513,2.898700935889704,conf,0.4917928267422723,0.5474881999998615,14,7,7,,
,,4,Main,23,up,1,90,up,0.24166666666666667,1.5678416999999172,3.18500028912677,0.74,2.1184552025411962,2.4772921844303304,conf,0.6230561947914586,1.2662003000004916,14,7,7,,
,,4,Main,24,up,1,90,up,0.24166666666666667,0.7880861000012374,3.18500028912677,0.82,3.0010999666575535,2.6348644097684755,conf,0.5386838910348997,1.1548944000005577,14,7,7,,
,,4,Main,25,down,1,270,down,0.6166666666666667,0.9160405999991781,3.18500028912677,0.85,2.398991850172528,2.6692524887668014,conf,0.5656023527943147,1.3668287999989843,14,7,7,,
,,4,Main,26,down,1,270,down,0.24166666666666667,0.9153502000008302,3.18500028912677,0.89,4.68826462303918,2.3804231306834347,conf,0.46874431712836184,1.964300400000866,14,7,7,,
,,4,Main,27,up,1,90,up,0.16666666666666666,0.7365424999989045,3.18500028912677,0.87,3.45803922728817,2.815049153188808,conf,0.6464295887891363,1.2282071999998152,14,7,7,,
,,4,Main,28,up,1,90,up,0.058333333333333334,0.9194375999995827,3.18500028912677,0.76,2.173452976290257,2.5242272753648787,conf,0.39567420316208024,1.8970140000001265,14,7,7,,
,,4,Main,29,down,1,270,down,0.16666666666666666,1.32601909999903,3.18500028912677,0.52,2.743888281847726,2.8368956299024246,conf,0.5800325064333989,1.0500761999992392,14,7,7,,
,,4,Main,30,up,1,90,up,0.6166666666666667,0.6952892000008433,3.18500028912677,1,4.0945413238801285,2.768993269398738,conf,0.4628714573651893,0.5860015000016574,14,7,7,,
,,4,Main,31,down,1,270,down,0.16666666666666666,0.965350499998749,3.18500028912677,0.78,4.809340014538687,2.996014862905766,conf,0.5793355034251046,0.9743025999996462,14,7,7,,
,,4,Main,32,down,1,270,down,0.24166666666666667,1.1217749000006734,3.18500028912677,0.69,2.296277673473204,2.645262200481657,conf,0.30909397036546093,1.7419391999992513,14,7,7,,
,,4,Main,33,down,0,90,up,0.16666666666666666,1.0729171999992104,3.18500028912677,0.54,4.402842950661187,3.082276202513472,conf,0.6154587733311944,1.0201058000002377,14,7,7,,
,,4,Main,34,down,1,270,down,0.24166666666666667,0.9331070999996882,3.18500028912677,0.71,4.877627965681681,2.462662787461869,conf,0.4729119146197881,1.8599128000005294,14,7,7,,
,,4,Main,35,down,1,270,down,0.31666666666666665,0.7186096999994334,3.18500028912677,0.76,4.035818510555636,2.3569603174336797,conf,0.5829561210272445,0.7498422999997274,14,7,7,,
,,5,Main,0,up,0,270,down,0.24166666666666667,0.803306199999497,3.18500028912677,0.52,3.68612470481741,2.757205938935484,conf,0.51938265906385,0.6855150999999751,14,7,7,,
,,5,Main,1,up,1,90,up,0.24166666666666667,0.7714761000006547,3.18500028912677,0.56,3.7367546351097554,3.0028295664918625,conf,0.262428457610494,0.6864083000000392,14,7,7,,
,,5,Main,2,up,0,270,down,0.24166666666666667,0.8272286999999778,3.18500028912677,0.74,4.243141492656053,2.618779653041845,conf,0.6580435556163755,0.7522910000006959,14,7,7,,
,,5,Main,3,up,1,90,up,0.16666666666666666,0.8326715000002878,3.18500028912677,0.9,3.324721884545401,2.9216079988551247,conf,0.6039266465769793,1.1624623999996402,14,7,7,,
,,5,Main,4,up,1,90,up,0.31666666666666665,0.7293337999999494,3.18500028912677,1,2.8533050191601266,2.8269710156997765,conf,0.5380533802347103,0.4770580999993399,14,7,7,,
,,5,Main,5,down,1,270,down,0.6166666666666667,1.0543705000000045,3.18500028912677,0.57,3.904872006936655,2.5229562646397556,conf,0.2505394651327513,1.1657415000008768,14,7,7,,
,,5,Main,6,up,1,90,up,0.16666666666666666,0.6753494999993563,3.18500028912677,0.9,2.148577063463941,3.0434350953952882,conf,0.45722313167100176,0.6070675999999366,14,7,7,,
,,5,Main,7,down,1,270,down,0.16666666666666666,0.9935829999994894,3.18500028912677,0.41,2.9438870099220735,2.4573372139106544,conf,0.6731821355436726,1.168175799999517,14,7,7,,
,,5,Main,8,down,1,270,down,0.31666666666666665,0.711429599999974,3.18500028912677,0.68,4.312500876415824,2.7078861732873034,conf,0.6584874862113129,1.1157233000012639,14,7,7,,
,,5,Main,9,down,1,270,down,0.16666666666666666,0.7734311999993224,3.18500028912677,0.75,2.302468468315307,2.837778632145157,conf,0.5056945688576213,1.2880359000009776,14,7,7,,
,,5,Main,10,up,1,90,up,0.6166666666666667,0.714030899998761,3.18500028912677,0.83,4.290550014990825,2.611278219488048,conf,0.38647536084283574,0.8753735999998753,14,7,7,,
,,5,Main,11,down,1,270,down,0.24166666666666667,1.9736967000008008,3.18500028912677,0.56,2.6402914641324164,2.379123887276425,conf,0.30424523551992216,1.6828158999996958,14,7,7,,
,,5,Main,12,up,1,90,up,0.058333333333333334,0.9042747999992571,3.18500028912677,0.7,4.038015622997934,2.774921600669132,conf,0.7000171902832809,0.8685189000007085,14,7,7,,
,,5,Main,13,up,1,90,up,0.24166666666666667,0.9779768000007607,3.18500028912677,0.86,3.514493076965741,2.8977363967674385,conf,0.37553043303727035,1.68086299999959,14,7,7,,
,,5,Main,14,up,1,90,up,0.24166666666666667,0.8530312000002596,3.18500028912677,0.82,3.9887003666868948,2.6626175572332538,conf,0.4180152626376726,1.6982079000008525,14,7,7,,
,,5,Main,15,up,0,270,down,0.058333333333333334,1.1897083999992901,3.18500028912677,0.51,4.334646324040079,3.0904659844580724,conf,0.6543792585133095,2.176424600000246,14,7,7,,
,,5,Main,16,up,1,90,up,0.31666666666666665,0.7095739000014873,3.18500028912677,1.0,3.5090386182407025,2.6704224868577535,conf,0.5493484493159446,0.5527724000003218,14,7,7,,
,,5,Main,17,down,1,270,down,0.31666666666666665,0.9788303999994241,3.18500028912677,0.53,2.0064153516676155,2.562626827942476,conf,0.30661499783330987,1.80622989999938,14,7,7,,
,,5,Main,18,down,1,270,down,0.24166666666666667,0.98738400000002,3.18500028912677,0.66,3.1215322031773116,2.8296644873161574,conf,0.6826874611265772,1.5836044999996375,14,7,7,,
,,5,Main,19,up,1,90,up,0.24166666666666667,0.9570903000003455,3.18500028912677,None,4.790524460173266,3.2758749103439038,conf,0.6997545092767531,None,14,7,7,,
,,5,Main,20,up,1,90,up,0.24166666666666667,0.7738000999997894,3.18500028912677,0.53,4.892749703021556,2.4406286413792166,conf,0.6051340336953913,0.9317399000010482,14,7,7,,
,,5,Main,21,up,0,270,down,0.058333333333333334,0.8257246000011946,3.18500028912677,0.56,4.347966613954276,2.860542719023497,conf,0.3049743709974054,2.4322664000010263,14,7,7,,
,,5,Main,22,up,1,90,up,0.16666666666666666,0.758175900000424,3.18500028912677,0.57,4.2028309694665555,2.876870931845366,conf,0.3898547468752783,2.106949999999415,14,7,7,,
,,5,Main,23,down,1,270,down,0.24166666666666667,0.8910176000008505,3.18500028912677,0.52,4.078784014593306,2.6750551030342087,conf,0.7005813083277497,1.1844275000003108,14,7,7,,
,,5,Main,24,up,1,90,up,0.31666666666666665,0.7585930000004737,3.18500028912677,0.47,4.471545141815483,2.8242534427905936,conf,0.5693741700916899,1.1876424000001862,14,7,7,,
,,5,Main,25,down,1,270,down,0.6166666666666667,0.9084137999998347,3.18500028912677,0.51,2.9080772618998143,2.87904640846552,conf,0.6724494392850725,2.4042926999991323,14,7,7,,
,,5,Main,26,[],0,90,up,0.31666666666666665,0.9084137999998347,3.18500028912677,None,None,2.487254840117873,None,0.6724494392850725,None,14,7,7,,
,,5,Main,27,up,0,270,down,0.16666666666666666,1.4435100999999122,3.18500028912677,0.54,4.610584703421117,2.698544953681493,conf,0.31599811961556057,1.2680893999986438,14,7,7,,
,,5,Main,28,up,1,90,up,0.058333333333333334,1.2194553000008455,3.18500028912677,0.74,2.8377303515621137,2.5479677589594494,conf,0.4358760630965456,0.6487047000009625,14,7,7,,
,,5,Main,29,down,1,270,down,0.31666666666666665,0.6518981999997777,3.18500028912677,0.88,3.2123967329448933,2.7933281644788197,conf,0.5364357041102763,0.38932540000132576,14,7,7,,
,,5,Main,30,up,1,90,up,0.16666666666666666,0.7908993000000919,3.18500028912677,0.64,3.0170826518864433,2.3094007360011255,conf,0.6582280329781949,1.224161099999037,14,7,7,,
,,5,Main,31,[],0,270,down,0.16666666666666666,0.7908993000000919,3.18500028912677,None,None,2.8074967235653445,None,0.6582280329781949,None,14,7,7,,
,,5,Main,32,down,1,270,down,0.24166666666666667,1.9692407000002277,3.18500028912677,0.38,3.2288966200375144,2.4431742845053024,conf,0.46190247723613975,0.8085255999994843,14,7,7,,
,,5,Main,33,up,1,90,up,0.24166666666666667,1.156472599999688,3.18500028912677,0.77,3.9096491114627363,2.9836063479005657,conf,0.5129531440012227,0.6492652999986603,14,7,7,,
,,5,Main,34,up,1,90,up,0.6166666666666667,0.7676608999991004,3.18500028912677,1,2.87288938001473,2.756019886981954,conf,0.5071885315415383,0.4789486999998189,14,7,7,,
,,5,Main,35,down,1,270,down,0.31666666666666665,0.7608645000000251,3.18500028912677,0.77,4.869906343871625,2.293031962613698,conf,0.6149278632011774,1.058863399999609,14,7,7,,
,,6,Main,0,up,0,270,down,0.31666666666666665,1.288316300000588,3.18500028912677,0.12,4.507663802160703,2.55379354025696,control,0.281186479730746,1.068349400000443,14,7,7,,
,,6,Main,1,up,1,90,up,0.31666666666666665,1.2778101000003517,3.18500028912677,0.82,2.5669839962889807,2.8923710541840557,control,0.32173865994921047,1.3944362999991426,14,7,7,,
,,6,Main,2,down,1,270,down,0.31666666666666665,0.7741010999998252,3.18500028912677,0.86,2.876494499736819,2.6076876309121215,control,0.30175447338607386,0.831197899999097,14,7,7,,
,,6,Main,3,up,1,90,up,0.24166666666666667,1.1900213999997504,3.18500028912677,0.37,4.875616592997599,2.7755623686730444,control,0.2885520955705792,1.0810492000000522,14,7,7,,
,,6,Main,4,up,0,270,down,0.24166666666666667,1.5595773000004556,3.18500028912677,0.57,2.943382932799364,2.7610524372465046,control,0.7460165808147676,1.1335497000000032,14,7,7,,
,,6,Main,5,up,1,90,up,0.31666666666666665,0.6724202999994304,3.18500028912677,0.61,3.9761419274924217,2.5419056763961474,control,0.6688340305532561,1.7160941000001912,14,7,7,,
,,6,Main,6,down,0,90,up,0.16666666666666666,1.8082439999998314,3.18500028912677,0.68,3.359309041327751,2.6004846309256857,control,0.4376073317375332,1.470794200000455,14,7,7,,
,,6,Main,7,down,1,270,down,0.24166666666666667,1.0816297000001214,3.18500028912677,0.18,3.540786898063696,2.9577975730777384,control,0.40325913428022897,0.6078938000009657,14,7,7,,
,,6,Main,8,down,1,270,down,0.16666666666666666,0.7287226999997074,3.18500028912677,0.65,3.059090543047548,2.1725240012365967,control,0.5882195130712222,1.4212515999988682,14,7,7,,
,,6,Main,9,down,1,270,down,0.6166666666666667,0.7791460999997071,3.18500028912677,0.64,2.7537205639353384,2.5625230333421345,control,0.7220139592899578,1.5767520999997942,14,7,7,,
,,6,Main,10,up,1,90,up,0.24166666666666667,0.7900580000004993,3.18500028912677,0.7,4.709896540518974,2.6841836836926345,control,0.7020387444991674,0.7326754000005167,14,7,7,,
,,6,Main,11,up,1,90,up,0.058333333333333334,0.7143694999995205,3.18500028912677,0.88,3.3390222807851604,3.1204573650513145,control,0.623772388755983,0.8930607000002055,14,7,7,,
,,6,Main,12,up,1,90,up,0.6166666666666667,0.7132430000001477,3.18500028912677,0.91,4.823955902059323,2.887375357892728,control,0.3257591751649958,0.9769246999985626,14,7,7,,
,,6,Main,13,up,0,270,down,0.16666666666666666,0.8992779000000155,3.18500028912677,0.85,2.443530298912391,2.676309308574235,control,0.2896700067453575,1.1256327999999485,14,7,7,,
,,6,Main,14,up,1,90,up,0.24166666666666667,0.7719918000002508,3.18500028912677,0.82,4.241800235765975,2.7373118601435724,control,0.4832595342028613,0.7510999999994965,14,7,7,,
,,6,Main,15,[],0,270,down,0.058333333333333334,0.7719918000002508,3.18500028912677,None,None,2.6535113596091784,None,0.4832595342028613,None,14,7,7,,
,,6,Main,16,up,0,270,down,0.24166666666666667,0.7245624999995925,3.18500028912677,0.0,4.63264542372181,3.021619198280067,control,0.7224822162866549,0.6930940999991435,14,7,7,,
,,6,Main,17,up,1,90,up,0.16666666666666666,0.8281072999998287,3.18500028912677,0.72,4.0723471563115865,2.483782511157808,control,0.35917910608307313,0.8916389000005438,14,7,7,,
,,6,Main,18,down,1,270,down,0.16666666666666666,1.349043599999277,3.18500028912677,0.79,2.4819361161586633,2.6160304527711644,control,0.6142642181807262,0.9517226999996637,14,7,7,,
,,6,Main,19,up,1,90,up,0.24166666666666667,1.1881474000001617,3.18500028912677,1.0,3.2707902246513734,2.5399981404377274,control,0.7160456496966672,1.135580199999822,14,7,7,,
,,6,Main,20,up,1,90,up,0.16666666666666666,1.4590848999996524,3.18500028912677,0.9,2.452765388527047,2.470351699838185,control,0.5639177555523062,0.5730514999995648,14,7,7,,
,,6,Main,21,up,1,90,up,0.24166666666666667,1.1779683000004297,3.18500028912677,0.88,2.899442660717344,3.110182650179809,control,0.6011184271386105,0.6802958999996918,14,7,7,,
,,6,Main,22,up,1,90,up,0.16666666666666666,1.8246536999995442,3.18500028912677,0.84,2.8322633075006296,2.8002666069549242,control,0.45988196771157835,0.7420507000006182,14,7,7,,
,,6,Main,23,down,1,270,down,0.31666666666666665,0.7164353000007395,3.18500028912677,0.88,2.187821288624819,2.4844177969130046,control,0.7181011978995021,0.5947617999991053,14,7,7,,
,,6,Main,24,down,1,270,down,0.24166666666666667,1.9834752999995544,3.18500028912677,0.73,4.459646924928741,2.927499088399628,control,0.47480286273034866,0.37493499999982305,14,7,7,,
,,6,Main,25,up,1,90,up,0.31666666666666665,1.7073294000001624,3.18500028912677,0.7,3.9188787033285437,2.510170926024523,control,0.3550665686191813,0.7898771000000124,14,7,7,,
,,6,Main,26,up,0,270,down,0.16666666666666666,1.0256023000001733,3.18500028912677,1,3.4427267130718997,3.003469980653781,control,0.4765735085934666,0.6699998999993113,14,7,7,,
,,6,Main,27,[],0,270,down,0.24166666666666667,1.0256023000001733,3.18500028912677,None,None,2.5491650017715424,None,0.4765735085934666,None,14,7,7,,
,,6,Main,28,up,0,270,down,0.058333333333333334,1.1322321000006923,3.18500028912677,0.58,2.5707755972472177,2.401667854947337,control,0.7049903236309292,1.3441671000000497,14,7,7,,
,,6,Main,29,up,1,90,up,0.6166666666666667,0.7151181000008364,3.18500028912677,1,4.836384427004447,2.43761820762379,control,0.44837203591920755,0.7475787999992463,14,7,7,,
,,6,Main,30,down,1,270,down,0.31666666666666665,1.831116599998495,3.18500028912677,0.79,3.699485310711073,2.876305057033831,control,0.5924789144995974,0.6830863000013778,14,7,7,,
,,6,Main,31,[],0,90,up,0.058333333333333334,1.831116599998495,3.18500028912677,None,None,3.3212845781149056,None,0.5924789144995974,None,14,7,7,,
,,6,Main,32,down,1,270,down,0.24166666666666667,1.4437686999990547,3.18500028912677,0.75,2.1793397533474215,2.512010613802582,control,0.42595243496938673,0.7290584000002127,14,7,7,,
,,6,Main,33,up,1,90,up,0.31666666666666665,3.0244052999987616,3.18500028912677,0.71,4.125614102808393,2.558826128642183,control,0.3539278472996476,1.162041900000986,14,7,7,,
,,6,Main,34,up,1,90,up,0.24166666666666667,1.2734823999999207,3.18500028912677,0.8,4.74251173458251,2.9410144312910393,control,0.5420694196450103,0.6159246000006533,14,7,7,,
,,6,Main,35,down,1,270,down,0.6166666666666667,1.0768495000011171,3.18500028912677,0.93,3.8830855917440936,3.2633926946481484,control,0.4502111965208019,0.7962141999996675,14,7,7,,
,,7,Main,0,down,1,270,down,0.24166666666666667,0.8355716000005486,3.18500028912677,0.75,2.588362752407046,2.584583779152358,conf,0.6050783752582113,0.811792599999535,14,7,7,,
,,7,Main,1,up,1,90,up,0.31666666666666665,0.6675433000000339,3.18500028912677,1,3.16291133800944,2.587523474313986,conf,0.3018923063345981,0.9870820000014646,14,7,7,,
,,7,Main,2,up,0,270,down,0.24166666666666667,1.429723400000512,3.18500028912677,0.27,3.3804951540165478,2.6324959973912025,conf,0.5327053394928902,0.7302827000003163,14,7,7,,
,,7,Main,3,down,1,270,down,0.31666666666666665,1.7360177000009571,3.18500028912677,0.72,3.9026601556376437,3.3143593493170402,conf,0.584912867087156,0.6340651999998954,14,7,7,,
,,7,Main,4,up,1,90,up,0.24166666666666667,0.9050325999996858,3.18500028912677,0.82,3.517565173488707,2.8383047549757063,conf,0.6433071169896922,1.155718700001671,14,7,7,,
,,7,Main,5,up,1,90,up,0.24166666666666667,1.3269565999999031,3.18500028912677,0.77,2.122143494193294,2.6148224586201274,conf,0.5726472424631293,0.9356404999998631,14,7,7,,
,,7,Main,6,down,1,270,down,0.31666666666666665,0.7383249000013166,3.18500028912677,0.82,3.8624230825645927,2.8149036647887566,conf,0.5038756150827227,1.245753600000171,14,7,7,,
,,7,Main,7,[],0,90,up,0.058333333333333334,0.7383249000013166,3.18500028912677,None,None,3.147522411511744,None,0.5038756150827227,None,14,7,7,,
,,7,Main,8,up,1,90,up,0.16666666666666666,0.7845837999993819,3.18500028912677,0.78,2.638356709242835,2.461479466943569,conf,0.6843886198654587,0.8959254000001238,14,7,7,,
,,7,Main,9,down,1,270,down,0.24166666666666667,1.1220744000002014,3.18500028912677,0.82,2.8345122929134217,2.6111707081862128,conf,0.501937242519919,0.8079736999989109,14,7,7,,
,,7,Main,10,[],0,270,down,0.16666666666666666,1.1220744000002014,3.18500028912677,None,None,2.7688085631598818,None,0.501937242519919,None,14,7,7,,
,,7,Main,11,up,1,90,up,0.16666666666666666,1.022013899999365,3.18500028912677,0.8,4.120794098730894,2.784277870946245,conf,0.4047556978002005,1.3369198000000324,14,7,7,,
,,7,Main,12,up,1,90,up,0.6166666666666667,0.7671982000010757,3.18500028912677,1,2.6847743852255657,2.7240743287981437,conf,0.3401275126348762,0.6494794999998703,14,7,7,,
,,7,Main,13,up,1,90,up,0.24166666666666667,1.5422479000008025,3.18500028912677,0.99,2.958113036617993,2.4589865121807324,conf,0.6655029813447251,0.8668719999986934,14,7,7,,
,,7,Main,14,down,1,270,down,0.058333333333333334,1.1072089999997843,3.18500028912677,0.86,4.350776249618049,2.695921160557556,conf,0.36384020527536187,1.527851400000145,14,7,7,,
,,7,Main,15,up,1,90,up,0.31666666666666665,1.1855331999995542,3.18500028912677,0.73,3.0094219826405237,3.1127335989535996,conf,0.43139075130968907,0.7632264000003488,14,7,7,,
,,7,Main,16,[],0,270,down,0.16666666666666666,1.1855331999995542,3.18500028912677,None,None,2.468541090989093,None,0.43139075130968907,None,14,7,7,,
,,7,Main,17,down,1,270,down,0.6166666666666667,0.77988170000026,3.18500028912677,0.8,4.716324246194181,2.9365390250580483,conf,0.643774837320815,0.7644113000005746,14,7,7,,
,,7,Main,18,up,1,90,up,0.24166666666666667,1.2822499000012613,3.18500028912677,0.84,4.118942589955349,3.134714489900445,conf,0.5199353936728179,0.9311563999999635,14,7,7,,
,,7,Main,19,down,1,270,down,0.16666666666666666,1.6335239000000001,3.18500028912677,0.61,3.3774861604967565,2.768305655544058,conf,0.6932245232592034,1.375562600000194,14,7,7,,
,,7,Main,20,up,1,90,up,0.16666666666666666,0.8340876000002027,3.18500028912677,0.62,3.1992480907540113,2.5615239852146177,conf,0.5218008024416456,0.7535420999993221,14,7,7,,
,,7,Main,21,up,0,270,down,0.058333333333333334,0.7563035000002856,3.18500028912677,0.6,3.430824781593202,3.043846466688056,conf,0.7238802371643247,0.9934095000007801,14,7,7,,
,,7,Main,22,up,1,90,up,0.058333333333333334,0.8568328000001202,3.18500028912677,0.7,4.984794105051957,2.7491741807892978,conf,0.25903549349505844,1.387436600000001,14,7,7,,
,,7,Main,23,up,1,90,up,0.6166666666666667,0.6839978999996674,3.18500028912677,1.0,3.3279922088614837,2.6919183341308695,conf,0.4697357254340091,0.7751594000001205,14,7,7,,
,,7,Main,24,up,1,90,up,0.31666666666666665,0.7421544000007998,3.18500028912677,1,3.4022395566775128,2.373566965767951,conf,0.6707130257449583,0.40886200000022654,14,7,7,,
,,7,Main,25,up,1,90,up,0.24166666666666667,0.6569208000000799,3.18500028912677,0.87,3.4267673791626128,2.4757668530878374,conf,0.6909968598864686,0.48028679999879387,14,7,7,,
,,7,Main,26,down,1,270,down,0.31666666666666665,0.7237012000005052,3.18500028912677,0.88,3.8675647435182086,2.664400060435218,conf,0.5961242670357125,0.7565857000008691,14,7,7,,
,,7,Main,27,up,1,90,up,0.24166666666666667,1.1207259999991948,3.18500028912677,0.82,2.671782151090941,3.0989938702393847,conf,0.4765533661252931,0.8138453999999911,14,7,7,,
,,7,Main,28,down,1,270,down,0.24166666666666667,1.386443600000348,3.18500028912677,0.86,4.456332530918135,2.7143405401646663,conf,0.3248148103799897,0.8994676000002073,14,7,7,,
,,7,Main,29,down,1,270,down,0.31666666666666665,0.8323705999991944,3.18500028912677,1.0,4.07130927786421,2.3235154108846268,conf,0.5455052742303012,0.8780710999999428,14,7,7,,
,,7,Main,30,up,1,90,up,0.31666666666666665,0.7939538000009634,3.18500028912677,0.84,4.414865170520348,3.0322899949438207,conf,0.3602366898355473,0.998551700000462,14,7,7,,
,,7,Main,31,up,1,90,up,0.16666666666666666,0.8171583000003011,3.18500028912677,0.83,2.672745247842913,3.007476529227435,conf,0.671889553773709,0.6601899000015692,14,7,7,,
,,7,Main,32,down,1,270,down,0.24166666666666667,0.976146199998766,3.18500028912677,0.8,3.548757463492154,2.827470047015629,conf,0.6757808472418124,0.8435315000006085,14,7,7,,
,,7,Main,33,down,1,270,down,0.16666666666666666,0.80778200000168,3.18500028912677,0.72,2.9074724313320917,2.6591305929528803,conf,0.38160606341833386,0.984133899999506,14,7,7,,
,,7,Main,34,down,1,270,down,0.6166666666666667,0.8058638000002247,3.18500028912677,0.83,3.525618882909915,2.6426829714742652,conf,0.30765271199452837,0.8473159000004671,14,7,7,,
,,7,Main,35,[],0,270,down,0.24166666666666667,0.8058638000002247,3.18500028912677,None,None,3.081011427543563,None,0.30765271199452837,None,14,7,7,,
,,8,Main,0,[],0,90,up,0.24166666666666667,0.8058638000002247,3.18500028912677,None,None,2.8420937365223224,None,0.30765271199452837,None,14,7,7,,
,,8,Main,1,up,1,90,up,0.16666666666666666,1.0013106000005791,3.18500028912677,1,2.142711548170161,3.4524966847678944,conf,0.641641717929248,0.42431610000130604,14,7,7,,
,,8,Main,2,down,1,270,down,0.24166666666666667,0.664161900000181,3.18500028912677,0.88,2.4715632273981867,2.9299956262701783,conf,0.31803424499286603,0.9461129999999685,14,7,7,,
,,8,Main,3,up,1,90,up,0.24166666666666667,0.6356458999998722,3.18500028912677,0.86,2.403863346531911,2.551970540216627,conf,0.2848388551186166,0.6341605999987223,14,7,7,,
,,8,Main,4,up,0,270,down,0.31666666666666665,0.8418796000005386,3.18500028912677,0.85,3.0969716718606985,2.6273589457624364,conf,0.5268177951315767,0.8069864000008238,14,7,7,,
,,8,Main,5,up,0,270,down,0.31666666666666665,1.0738478999992367,3.18500028912677,1.0,3.3213271893205163,2.4455682306561997,conf,0.7155044284380583,0.4713544999995065,14,7,7,,
,,8,Main,6,up,0,270,down,0.16666666666666666,1.7067588999998407,3.18500028912677,0.83,4.566254893091917,2.778884458800282,conf,0.6534362780538454,0.6904075999991619,14,7,7,,
,,8,Main,7,up,1,90,up,0.16666666666666666,0.7052831000000879,3.18500028912677,0.72,3.053083860397739,2.361119128421818,conf,0.4405793272989735,0.8021785000000818,14,7,7,,
,,8,Main,8,down,1,270,down,0.6166666666666667,1.6083528000017395,3.18500028912677,0.72,2.3282416025892525,2.531781063669174,conf,0.5429350612365593,0.8798659000003681,14,7,7,,
,,8,Main,9,down,1,270,down,0.058333333333333334,1.251082900000256,3.18500028912677,0.76,4.414616994926217,2.5211703860316192,conf,0.6232596572718566,0.8082204999991518,14,7,7,,
,,8,Main,10,up,1,90,up,0.31666666666666665,0.71060209999996,3.18500028912677,0.78,2.857559298380849,2.586770207801304,conf,0.5226829007779221,0.904515199999878,14,7,7,,
,,8,Main,11,up,0,270,down,0.24166666666666667,1.0080667000001995,3.18500028912677,0.78,3.2367121301620188,2.5028895810500065,conf,0.36302227930800685,0.8726240999985748,14,7,7,,
,,8,Main,12,up,1,90,up,0.6166666666666667,0.8152288000001136,3.18500028912677,0.77,4.64765073008774,2.6498716536627627,conf,0.45213579123245917,0.9199851000012131,14,7,7,,
,,8,Main,13,up,1,90,up,0.24166666666666667,0.9341588000006595,3.18500028912677,0.75,4.045017983187375,2.8052048099783637,conf,0.42842112089142154,0.9570721999989473,14,7,7,,
,,8,Main,14,down,1,270,down,0.16666666666666666,1.5115421999998944,3.18500028912677,0.78,2.146137937750067,2.6884433534676764,conf,0.6600885761404534,0.6646726999988459,14,7,7,,
,,8,Main,15,[],0,90,up,0.31666666666666665,1.5115421999998944,3.18500028912677,None,None,2.6842248416479864,None,0.6600885761404534,None,14,7,7,,
,,8,Main,16,up,1,90,up,0.058333333333333334,1.5510713999992731,3.18500028912677,0.8,4.442167067966839,3.1607876981482534,conf,0.6013648769445474,0.9262020000005577,14,7,7,,
,,8,Main,17,up,0,270,down,0.24166666666666667,1.6746528999992734,3.18500028912677,0.82,2.82597807789325,2.964749081243665,conf,0.6447197036699782,1.0642657999997027,14,7,7,,
,,8,Main,18,up,1,90,up,0.16666666666666666,1.1874234000006254,3.18500028912677,0.39,3.1124196179050454,3.0910672038536497,conf,0.505029029870729,0.5068268000013632,14,7,7,,
,,8,Main,19,[],0,270,down,0.16666666666666666,1.1874234000006254,3.18500028912677,None,None,3.0760213850621296,None,0.505029029870729,None,14,7,7,,
,,8,Main,20,up,1,90,up,0.24166666666666667,0.8002814999999828,3.18500028912677,1,3.0869730404495117,2.9985487172185965,conf,0.5557503807255352,0.4916235000000597,14,7,7,,
,,8,Main,21,up,0,270,down,0.058333333333333334,0.7203035999991698,3.18500028912677,1,3.217910744247696,2.836517696064662,conf,0.6254202371485029,0.48666059999959543,14,7,7,,
,,8,Main,22,up,1,90,up,0.16666666666666666,1.0157005000000936,3.18500028912677,1,3.9703375684250295,3.2428985683885765,conf,0.3292680375803329,0.6958054999995511,14,7,7,,
,,8,Main,23,down,1,270,down,0.16666666666666666,1.896831400001247,3.18500028912677,0.87,4.9022504349609415,2.5675801589962073,conf,0.485902467280408,0.9124374000002717,14,7,7,,
,,8,Main,24,down,1,270,down,0.24166666666666667,1.0816040999998222,3.18500028912677,0.8,3.3500317783265587,2.7936870078756773,conf,0.5008649428399521,1.0489230999992287,14,7,7,,
,,8,Main,25,up,1,90,up,0.24166666666666667,0.839253699999972,3.18500028912677,0.8200000000000001,3.580199389231816,2.8050699707801954,conf,0.4400019621309148,0.8253053999997064,14,7,7,,
,,8,Main,26,down,1,270,down,0.24166666666666667,1.077357899999697,3.18500028912677,0.82,2.150586469477972,2.2418069500882627,conf,0.6974105092303896,0.7767862000000605,14,7,7,,
,,8,Main,27,up,1,90,up,0.31666666666666665,0.8413375000000087,3.18500028912677,0.86,3.1015060762017845,2.8120390114488742,conf,0.70154939986352,0.6063006999993377,14,7,7,,
,,8,Main,28,up,1,90,up,0.6166666666666667,0.7739239000002271,3.18500028912677,1,2.1921137865823273,3.1161979419632377,conf,0.5402722365987764,0.38219610000123794,14,7,7,,
,,8,Main,29,down,1,270,down,0.31666666666666665,0.8341695999988588,3.18500028912677,0.88,3.016953596376288,2.439330713946336,conf,0.45861325855165086,0.8899337000002561,14,7,7,,
,,8,Main,30,down,0,90,up,0.058333333333333334,1.1113712999995187,3.18500028912677,0.8,3.7782660244564954,2.7735822000909494,conf,0.4393256559183277,0.8176251000004413,14,7,7,,
,,8,Main,31,up,0,270,down,0.24166666666666667,0.8752688999993552,3.18500028912677,0.52,3.2203344846296833,2.6173219270945207,conf,0.5233758973616991,0.7729603000007046,14,7,7,,
,,8,Main,32,down,1,270,down,0.6166666666666667,0.9993420000009792,3.18500028912677,1,3.5541791102698,2.0861388173805375,conf,0.4546877760832017,0.5295770000011544,14,7,7,,
,,8,Main,33,up,0,270,down,0.31666666666666665,1.41526949999934,3.18500028912677,0.92,3.1652573065778755,2.7158814408200933,conf,0.3980822229306013,0.8838344999985566,14,7,7,,
,,8,Main,34,up,1,90,up,0.31666666666666665,0.9517678000011074,3.18500028912677,0.9400000000000001,3.944228764391316,2.969510516889305,conf,0.26478963779404024,0.7099958999988303,14,7,7,,
,,8,Main,35,up,1,90,up,0.24166666666666667,1.1133893000005628,3.18500028912677,0.83,3.3507604489363163,2.4477811828804277,conf,0.7340401868507462,0.9801351000005525,14,7,7,,
,,9,Main,0,up,1,90,up,0.058333333333333334,1.1666887999999744,3.18500028912677,0.72,2.6835152355788847,2.3558349191423367,conf,0.2599497113749422,1.2502811000013025,14,7,7,,
,,9,Main,1,down,1,270,down,0.16666666666666666,0.9562710999998671,3.18500028912677,0.64,3.4689390491413494,2.407871092855665,conf,0.25817103335245495,0.719727800000328,14,7,7,,
,,9,Main,2,up,1,90,up,0.16666666666666666,1.241175299999668,3.18500028912677,0.69,3.028968371364886,2.407459290236503,conf,0.7273531100982371,1.0614515000015672,14,7,7,,
,,9,Main,3,down,1,270,down,0.31666666666666665,0.807927900001232,3.18500028912677,1.0,4.740616570787487,2.827434204470159,conf,0.6128298524856051,0.40497529999993276,14,7,7,,
,,9,Main,4,up,1,90,up,0.31666666666666665,0.855880300001445,3.18500028912677,0.92,4.360566284103282,2.7145061513328472,conf,0.5952041806480353,0.8459332999991602,14,7,7,,
,,9,Main,5,up,0,270,down,0.24166666666666667,0.9548529000003327,3.18500028912677,0.82,2.2637755108160738,2.7209015366014517,conf,0.4161937305063341,0.9916912000007869,14,7,7,,
,,9,Main,6,down,1,270,down,0.24166666666666667,1.5458608999997523,3.18500028912677,0.81,3.898686597204083,2.817058549978012,conf,0.285783142458544,0.9829217999995308,14,7,7,,
,,9,Main,7,up,0,270,down,0.058333333333333334,1.0814491000000999,3.18500028912677,0.78,4.252432282693308,2.793213732563735,conf,0.6043825847005795,0.815296999999191,14,7,7,,
,,9,Main,8,up,1,90,up,0.31666666666666665,0.6751877999995486,3.18500028912677,0.7,4.484005043387998,2.7653442091636267,conf,0.35974404290637674,0.7741934999994555,14,7,7,,
,,9,Main,9,up,0,270,down,0.31666666666666665,0.7341813999992155,3.18500028912677,0.17,3.871507339148099,2.632226453563616,conf,0.34698683320222024,1.0303719999992609,14,7,7,,
,,9,Main,10,up,1,90,up,0.24166666666666667,0.8022342000003846,3.18500028912677,0.7,2.362305591605276,2.4568454545503364,conf,0.5015029199220216,0.840235899999243,14,7,7,,
,,9,Main,11,down,1,270,down,0.6166666666666667,0.7274682000006578,3.18500028912677,0.8,4.633080334882096,2.975142345141294,conf,0.5371763381329142,1.1311953000003996,14,7,7,,
,,9,Main,12,up,0,270,down,0.16666666666666666,1.1747028000008868,3.18500028912677,0.85,3.3200088210397745,3.41581618482374,conf,0.7104754040722182,0.7702465000002121,14,7,7,,
,,9,Main,13,up,0,270,down,0.24166666666666667,1.4207069000003685,3.18500028912677,0.25,2.7591268120944665,3.470652111594808,conf,0.3709180163714071,0.8624723000011727,14,7,7,,
,,9,Main,14,up,1,90,up,0.24166666666666667,0.9156156000008195,3.18500028912677,0.76,3.9848925355990374,2.5826273672694566,conf,0.5396690842452205,0.9132496999991417,14,7,7,,
,,9,Main,15,up,1,90,up,0.6166666666666667,0.7483895999994274,3.18500028912677,0.83,3.3735651549376415,2.4174485320673704,conf,0.6688637537393411,1.4082324000009976,14,7,7,,
,,9,Main,16,up,1,90,up,0.16666666666666666,0.7678403999998409,3.18500028912677,0.8,2.257928541336791,2.7951662476818178,conf,0.2970609992342778,0.9938596000010875,14,7,7,,
,,9,Main,17,up,1,90,up,0.24166666666666667,1.0203632999982801,3.18500028912677,0.93,3.883122671473613,2.5774934544605212,conf,0.5654772135284444,0.35326069999973697,14,7,7,,
,,9,Main,18,[],0,270,down,0.31666666666666665,1.0203632999982801,3.18500028912677,None,None,2.6490308041831288,None,0.5654772135284444,None,14,7,7,,
,,9,Main,19,up,1,90,up,0.24166666666666667,0.8478548999992199,3.18500028912677,0.76,3.1327089038398084,2.7421244133707625,conf,0.34176256869436233,0.750969200000327,14,7,7,,
,,9,Main,20,up,1,90,up,0.16666666666666666,0.7445748999998614,3.18500028912677,0.71,3.7268040664242688,2.7982543690242867,conf,0.5308221893078802,0.8560206000001926,14,7,7,,
,,9,Main,21,up,1,90,up,0.31666666666666665,0.5925459999998566,3.18500028912677,0.68,4.250302424146552,2.633005745406327,conf,0.3786235526967696,0.8620376000017131,14,7,7,,
,,9,Main,22,down,1,270,down,0.31666666666666665,1.2829228000009607,3.18500028912677,0.96,4.242785912749313,2.5269775714488403,conf,0.7380163340555238,0.6083371999993687,14,7,7,,
,,9,Main,23,up,1,90,up,0.16666666666666666,0.8579735000002984,3.18500028912677,0.83,3.668835579506484,2.800497345917187,conf,0.5521882106001347,0.8580880999998044,14,7,7,,
,,9,Main,24,down,1,270,down,0.6166666666666667,0.8187770000004093,3.18500028912677,0.68,4.926906935231886,2.9278252205600874,conf,0.3800616535081122,1.7127108999993652,14,7,7,,
,,9,Main,25,up,1,90,up,0.24166666666666667,1.138471700000082,3.18500028912677,0.9,4.554239412624449,2.661008351499019,conf,0.27501968014205164,0.7529759000008198,14,7,7,,
,,9,Main,26,down,1,270,down,0.24166666666666667,1.0260490000000573,3.18500028912677,0.77,3.822573736381809,2.565948413557654,conf,0.41105303479989264,0.6041002000001754,14,7,7,,
,,9,Main,27,down,1,270,down,0.24166666666666667,0.8362938999998732,3.18500028912677,0.8200000000000001,2.8901669655945543,3.321298940911306,conf,0.25560388061524075,0.6462369000000763,14,7,7,,
,,9,Main,28,down,1,270,down,0.058333333333333334,0.8455114999997022,3.18500028912677,0.88,2.389180858247375,2.8192985519831733,conf,0.4621912533761638,0.9214184000011301,14,7,7,,
,,9,Main,29,down,0,90,up,0.31666666666666665,0.7140511999987211,3.18500028912677,0.8200000000000001,3.375070287224397,2.631455486875122,conf,0.2967217627579962,1.0230413999997836,14,7,7,,
,,9,Main,30,up,1,90,up,0.6166666666666667,0.8216038999999,3.18500028912677,0.91,3.8880048924350894,2.7741664832121433,conf,0.6541353886551968,0.7830926999995427,14,7,7,,
,,9,Main,31,up,1,90,up,0.24166666666666667,1.1951536999986274,3.18500028912677,0.79,3.7070563946641446,2.66617348652991,conf,0.4854125751805988,0.6715725999983988,14,7,7,,
,,9,Main,32,down,1,270,down,0.16666666666666666,0.817388800000117,3.18500028912677,0.83,2.3752543572457574,2.8158260669031425,conf,0.5738746085100823,0.6269770000017161,14,7,7,,
,,9,Main,33,down,1,270,down,0.24166666666666667,0.9340400999990379,3.18500028912677,0.87,4.299371616203764,2.2556563432102763,conf,0.5060423696508145,0.8675629999997909,14,7,7,,
,,9,Main,34,down,1,270,down,0.16666666666666666,0.9470005000002857,3.18500028912677,0.77,3.65661701647211,2.5624829819684614,conf,0.3258734424280158,0.9562975000008009,14,7,7,,
,,9,Main,35,down,0,90,up,0.058333333333333334,1.1213222000005771,3.18500028912677,0.87,4.6197583730689935,2.8396902855090826,conf,0.26733596021290335,1.1039140000011685,14,7,7,,
