thisRow.t,notes,block,Trialtype,withinblocktrial,RTdec,resp,cor,dots direction,cor_resp,coherence,SR_conf,RTrating,interval,interTrial.interval,scale,start_conf,subject,age,gender,handedness,
,,0,Training - easy,0,1.8327092999988963,down,1,270,down,0.8,,,,,,,7,30,w,r,
,,0,Training - easy,1,0.8833674999987124,up,0,270,down,0.8,,,,,,,7,30,w,r,
,,0,Training - easy,2,0.8673634000006132,down,0,90,up,0.8,,,,,,,7,30,w,r,
,,0,Training - easy,3,1.7675268999992113,up,1,90,up,0.8,,,,,,,7,30,w,r,
,,0,Training - easy,4,1.2841957999989972,down,0,90,up,0.8,,,,,,,7,30,w,r,
,,0,Training - easy,5,1.1009309999990364,up,0,270,down,0.8,,,,,,,7,30,w,r,
,,0,Training - easy,6,nan,[],0,270,down,0.8,,,,,,,7,30,w,r,
,,0,Training - easy,7,1.4843872000001284,down,0,90,up,0.8,,,,,,,7,30,w,r,
,,0,Training - easy,8,0.8673593000003166,up,0,270,down,0.8,,,,,,,7,30,w,r,
,,0,Training - easy,9,1.1680491999995866,up,0,270,down,0.8,,,,,,,7,30,w,r,
,,0,Training - easy,10,0.8834588000008807,down,0,90,up,0.8,,,,,,,7,30,w,r,
,,0,Training - easy,11,1.5513823999990564,up,0,270,down,0.8,,,,,,,7,30,w,r,
,,0,Training - easy,12,1.8508640999989439,up,1,90,up,0.8,,,,,,,7,30,w,r,
,,0,Training - easy,13,0.8663861000004545,down,0,90,up,0.8,,,,,,,7,30,w,r,
,,0,Training - easy,14,0.7678428999988682,up,1,90,up,0.8,,,,,,,7,30,w,r,
,,0,Training - easy,15,1.3186710999998468,up,1,90,up,0.8,,,,,,,7,30,w,r,
,,0,Training - easy,16,0.7671203999998397,down,1,270,down,0.8,,,,,,,7,30,w,r,
,,0,Training - easy,17,0.6997062999998889,up,1,90,up,0.8,,,,,,,7,30,w,r,
,,0,Training - easy,18,0.550734200000079,down,1,270,down,0.8,,,,,,,7,30,w,r,
,,0,Training - easy,19,1.6674382999990485,down,1,270,down,0.8,,,,,,,7,30,w,r,
,,0,Training - easy,0,0.6887268999998923,down,1,270,down,0.8,,,,,,,7,30,w,r,
,,0,Training - easy,1,0.5166499999995722,up,1,90,up,0.8,,,,,,,7,30,w,r,
,,0,Training - easy,2,0.6340400000008231,down,0,90,up,0.8,,,,,,,7,30,w,r,
,,0,Training - easy,3,0.7001511999987997,up,1,90,up,0.8,,,,,,,7,30,w,r,
,,0,Training - easy,4,0.6835528999999951,down,1,270,down,0.8,,,,,,,7,30,w,r,
,,0,Training - easy,5,0.6338250999997399,up,0,270,down,0.8,,,,,,,7,30,w,r,
,,0,Training - easy,6,0.650768399998924,down,0,90,up,0.8,,,,,,,7,30,w,r,
,,0,Training - easy,7,0.9004519999998593,up,1,90,up,0.8,,,,,,,7,30,w,r,
,,0,Training - easy,8,0.5836816999999428,down,1,270,down,0.8,,,,,,,7,30,w,r,
,,0,Training - easy,9,0.5835176999989926,up,1,90,up,0.8,,,,,,,7,30,w,r,
,,0,Training - easy,10,0.5509918999996444,down,0,90,up,0.8,,,,,,,7,30,w,r,
,,0,Training - easy,11,1.267615200000364,up,0,270,down,0.8,,,,,,,7,30,w,r,
,,0,Training - easy,12,0.6669087999998737,down,1,270,down,0.8,,,,,,,7,30,w,r,
,,0,Training - easy,13,0.9005773000008048,up,1,90,up,0.8,,,,,,,7,30,w,r,
,,0,Training - easy,14,0.6008144999996148,down,0,90,up,0.8,,,,,,,7,30,w,r,
,,0,Training - easy,15,0.7837493000006361,up,1,90,up,0.8,,,,,,,7,30,w,r,
,,0,Training - easy,16,0.6327607000002899,down,1,270,down,0.8,,,,,,,7,30,w,r,
,,0,Training - easy,17,0.667787500000486,up,0,270,down,0.8,,,,,,,7,30,w,r,
,,0,Training - easy,18,0.7505079000002297,down,1,270,down,0.8,,,,,,,7,30,w,r,
,,0,Training - easy,19,0.7167508000002272,up,0,270,down,0.8,,,,,,,7,30,w,r,
,,0,Training - hard,0,0.835178100000121,down,0,90,up,0.4,,,,,,,7,30,w,r,
,,0,Training - hard,1,0.6497617000004539,up,0,270,down,0.4,,,,,,,7,30,w,r,
,,0,Training - hard,2,1.550451700000849,up,0,270,down,0.4,,,,,,,7,30,w,r,
,,0,Training - hard,3,1.167199100000289,down,0,90,up,0.4,,,,,,,7,30,w,r,
,,0,Training - hard,4,1.0840332999996463,down,1,270,down,0.4,,,,,,,7,30,w,r,
,,0,Training - hard,5,0.8004145000013523,down,1,270,down,0.4,,,,,,,7,30,w,r,
,,0,Training - hard,6,0.9498183000014251,up,1,90,up,0.4,,,,,,,7,30,w,r,
,,0,Training - hard,7,0.7005578999996942,up,0,270,down,0.4,,,,,,,7,30,w,r,
,,0,Training - hard,8,0.7503689999994094,down,1,270,down,0.4,,,,,,,7,30,w,r,
,,0,Training - hard,9,1.233064200001536,down,0,90,up,0.4,,,,,,,7,30,w,r,
,,0,Training - hard,10,0.9504078999998455,up,1,90,up,0.4,,,,,,,7,30,w,r,
,,0,Training - hard,11,nan,[],0,270,down,0.4,,,,,,,7,30,w,r,
,,0,Training - hard,12,0.7677063999999518,up,1,90,up,0.4,,,,,,,7,30,w,r,
,,0,Training - hard,13,0.8509100999999646,down,1,270,down,0.4,,,,,,,7,30,w,r,
,,0,Training - hard,14,0.550641199999518,up,1,90,up,0.4,,,,,,,7,30,w,r,
,,0,Training - hard,15,0.7840670999994472,down,0,90,up,0.4,,,,,,,7,30,w,r,
,,0,Training - hard,16,0.8997255999984191,down,1,270,down,0.4,,,,,,,7,30,w,r,
,,0,Training - hard,17,0.6163085999996838,up,1,90,up,0.4,,,,,,,7,30,w,r,
,,0,Training - hard,18,1.1166004999995494,up,0,270,down,0.4,,,,,,,7,30,w,r,
,,0,Training - hard,19,0.7832995999997365,down,0,90,up,0.4,,,,,,,7,30,w,r,
,,0,Training - hard,0,1.0375315000001137,down,1,270,down,0.4,,,,,,,7,30,w,r,
,,0,Training - hard,1,0.8675609000001714,up,0,270,down,0.4,,,,,,,7,30,w,r,
,,0,Training - hard,2,0.7004514000000199,down,1,270,down,0.4,,,,,,,7,30,w,r,
,,0,Training - hard,3,0.6007214999990538,up,1,90,up,0.4,,,,,,,7,30,w,r,
,,0,Training - hard,4,0.5829735999996046,down,0,90,up,0.4,,,,,,,7,30,w,r,
,,0,Training - hard,5,1.918316400000549,up,1,90,up,0.4,,,,,,,7,30,w,r,
,,0,Training - hard,6,1.1008920000003855,up,0,270,down,0.4,,,,,,,7,30,w,r,
,,0,Training - hard,7,0.7840448999995715,down,0,90,up,0.4,,,,,,,7,30,w,r,
,,0,Training - hard,8,0.5508006000000023,up,0,270,down,0.4,,,,,,,7,30,w,r,
,,0,Training - hard,9,0.7341366000000562,down,1,270,down,0.4,,,,,,,7,30,w,r,
,,0,Training - hard,10,0.5501999000007345,up,1,90,up,0.4,,,,,,,7,30,w,r,
,,0,Training - hard,11,0.66733110000132,down,0,90,up,0.4,,,,,,,7,30,w,r,
,,0,Training - hard,12,0.6004623000007996,up,1,90,up,0.4,,,,,,,7,30,w,r,
,,0,Training - hard,13,0.9173444000007294,down,0,90,up,0.4,,,,,,,7,30,w,r,
,,0,Training - hard,14,0.6008685000015248,down,1,270,down,0.4,,,,,,,7,30,w,r,
,,0,Training - hard,15,0.7174630999998044,up,1,90,up,0.4,,,,,,,7,30,w,r,
,,0,Training - hard,16,0.6506933000000572,down,0,90,up,0.4,,,,,,,7,30,w,r,
,,0,Training - hard,17,0.6004544000006717,up,0,270,down,0.4,,,,,,,7,30,w,r,
,,0,Training - hard,18,0.5826935000004596,up,0,270,down,0.4,,,,,,,7,30,w,r,
,,0,Training - hard,19,0.9175267000009626,up,0,270,down,0.4,,,,,,,7,30,w,r,
,,0,Training - hard,0,1.047877899998639,up,0,270,down,0.4,,,,,,,7,30,w,r,
,,0,Training - hard,1,0.7840440999989369,down,0,90,up,0.4,,,,,,,7,30,w,r,
,,0,Training - hard,2,0.7510507999995752,down,0,90,up,0.4,,,,,,,7,30,w,r,
,,0,Training - hard,3,0.5503425000006246,up,0,270,down,0.4,,,,,,,7,30,w,r,
,,0,Training - hard,4,1.5352316999997129,up,1,90,up,0.4,,,,,,,7,30,w,r,
,,0,Training - hard,5,0.8511472999998659,down,0,90,up,0.4,,,,,,,7,30,w,r,
,,0,Training - hard,6,0.8504914999994071,up,1,90,up,0.4,,,,,,,7,30,w,r,
,,0,Training - hard,7,0.8671389000010095,up,0,270,down,0.4,,,,,,,7,30,w,r,
,,0,Training - hard,8,0.8505253000002995,down,1,270,down,0.4,,,,,,,7,30,w,r,
,,0,Training - hard,9,1.0675259999989066,down,1,270,down,0.4,,,,,,,7,30,w,r,
,,0,Training - hard,10,0.9000791999987996,down,0,90,up,0.4,,,,,,,7,30,w,r,
,,0,Training - hard,11,0.90083869999944,up,1,90,up,0.4,,,,,,,7,30,w,r,
,,0,Training - hard,12,0.7171852000010404,up,1,90,up,0.4,,,,,,,7,30,w,r,
,,0,Training - hard,13,1.0675649000004341,up,0,270,down,0.4,,,,,,,7,30,w,r,
,,0,Training - hard,14,0.9337823000005301,down,1,270,down,0.4,,,,,,,7,30,w,r,
,,0,Training - hard,15,0.8180149999989226,down,1,270,down,0.4,,,,,,,7,30,w,r,
,,0,Training - hard,16,0.9177295999998023,down,0,90,up,0.4,,,,,,,7,30,w,r,
,,0,Training - hard,17,1.8182560999994166,up,1,90,up,0.4,,,,,,,7,30,w,r,
,,0,Training - hard,18,1.2166521999988618,down,1,270,down,0.4,,,,,,,7,30,w,r,
,,0,Training - hard,19,1.2334272000007331,up,0,270,down,0.4,,,,,,,7,30,w,r,
,,0,Training - hard,0,1.0271143999998458,down,1,270,down,0.4,,,,,,,7,30,w,r,
,,0,Training - hard,1,0.7834810999993351,up,0,270,down,0.4,,,,,,,7,30,w,r,
,,0,Training - hard,2,1.1002750999996351,up,0,270,down,0.4,,,,,,,7,30,w,r,
,,0,Training - hard,3,1.8008601000001363,up,1,90,up,0.4,,,,,,,7,30,w,r,
,,0,Training - hard,4,1.0509455999999773,down,1,270,down,0.4,,,,,,,7,30,w,r,
,,0,Training - hard,5,1.0852193999999145,up,0,270,down,0.4,,,,,,,7,30,w,r,
,,0,Training - hard,6,1.101193799999237,up,1,90,up,0.4,,,,,,,7,30,w,r,
,,0,Training - hard,7,1.034339199999522,down,0,90,up,0.4,,,,,,,7,30,w,r,
,,0,Training - hard,8,1.1338977999985218,up,1,90,up,0.4,,,,,,,7,30,w,r,
,,0,Training - hard,9,0.900959900000089,down,1,270,down,0.4,,,,,,,7,30,w,r,
,,0,Training - hard,10,1.3171841000003042,up,0,270,down,0.4,,,,,,,7,30,w,r,
,,0,Training - hard,11,1.3177179000012984,down,0,90,up,0.4,,,,,,,7,30,w,r,
,,0,Training - hard,12,1.1833934000005684,up,1,90,up,0.4,,,,,,,7,30,w,r,
,,0,Training - hard,13,0.9006887000014103,up,1,90,up,0.4,,,,,,,7,30,w,r,
,,0,Training - hard,14,0.9508645999994769,up,1,90,up,0.4,,,,,,,7,30,w,r,
,,0,Training - hard,15,0.7846229999995558,down,1,270,down,0.4,,,,,,,7,30,w,r,
,,0,Training - hard,16,0.9671808000002784,down,1,270,down,0.4,,,,,,,7,30,w,r,
,,0,Training - hard,17,1.1674712999993062,up,0,270,down,0.4,,,,,,,7,30,w,r,
,,0,Training - hard,18,0.8503841000001557,up,1,90,up,0.4,,,,,,,7,30,w,r,
,,0,Training - hard,19,1.000091700001576,up,1,90,up,0.4,,,,,,,7,30,w,r,
,,1,Training - scale,0,0.9957823999993707,down,1,270,down,0.7000000000000001,0.82,2.1862079999991693,,,,,7,30,w,r,
,,1,Training - scale,1,0.6835685000005469,down,0,90,up,0.8,0.82,1.768137699998988,,,,,7,30,w,r,
,,1,Training - scale,2,1.1515603999996529,down,0,90,up,0.9,0.64,1.250936799999181,,,,,7,30,w,r,
,,1,Training - scale,3,1.3355292000014742,up,0,270,down,0.4,0.42,2.3852774999995745,,,,,7,30,w,r,
,,1,Training - scale,4,0.7836215999996057,down,1,270,down,0.5,0.66,1.7518880999996327,,,,,7,30,w,r,
,,1,Training - scale,5,1.3016422999990027,down,0,90,up,1.0,0.56,0.60079450000012,,,,,7,30,w,r,
,,1,Training - scale,6,1.4026990000002115,up,0,270,down,0.2,0.44,2.636183299999175,,,,,7,30,w,r,
,,1,Training - scale,7,nan,[],0,90,up,0.30000000000000004,None,None,,,,,7,30,w,r,
,,1,Training - scale,8,1.2124975999995513,up,1,90,up,0.1,0.42,0.8511402999993152,,,,,7,30,w,r,
,,1,Training - scale,9,0.8339283999994223,down,1,270,down,0.6,0.6,0.8681703000002017,,,,,7,30,w,r,
,,2,Main,0,1.7562803000000713,down,1,270,down,0.3736734693877551,0.6,1.1091606999998476,3.4305431582029513,3.2391330382242605,conf,0.7167179670583294,7,30,w,r,
,,2,Main,1,0.9747322000002896,down,1,270,down,0.5555102040816327,0.76,1.627520000000004,4.549112245991965,2.583494414422863,conf,0.5597774107535793,7,30,w,r,
,,2,Main,2,1.27913129999979,down,1,270,down,0.6161224489795918,0.64,2.5239387999990868,4.741492956584149,2.699874959764382,conf,0.2865545922359636,7,30,w,r,
,,2,Main,3,1.2444221999994625,down,1,270,down,0.7171428571428571,0.58,2.495674899999358,2.2331932032375374,2.462350043582541,conf,0.45626107181490577,7,30,w,r,
,,2,Main,4,1.1703969999998662,up,1,90,up,0.8383673469387755,0.72,1.143835000000763,4.629183411046384,2.616142528669184,conf,0.6722131652969773,7,30,w,r,
,,2,Main,5,1.0132229999999254,down,1,270,down,0.8787755102040816,0.7,1.3503459000003204,4.26508644833155,2.3781738745284033,conf,0.6492202640981342,7,30,w,r,
,,2,Main,6,1.0132229999999254,[],0,90,up,0.2120408163265306,None,None,None,2.4928389892121525,None,0.6492202640981342,7,30,w,r,
,,2,Main,7,1.1829044999994949,up,0,270,down,0.01,0.18,1.3025863000002573,4.898706159909677,2.8054976184285243,conf,0.7388012082318043,7,30,w,r,
,,2,Main,8,1.36075720000008,up,1,90,up,0.333265306122449,0.42,0.6110649000002013,4.300088217683352,2.084422017365015,conf,0.6858707034958091,7,30,w,r,
,,2,Main,9,1.36075720000008,[],0,270,down,0.4140816326530612,None,None,None,1.4275494761087548,None,0.6858707034958091,7,30,w,r,
,,2,Main,10,1.2515629999998055,down,1,270,down,0.6363265306122449,0.34,0.7846891999997752,2.333423974403525,2.4820065087570757,conf,0.4222639738847982,7,30,w,r,
,,2,Main,11,0.8823625999993965,up,1,90,up,0.6969387755102041,0.64,0.8252947000000859,3.8244338012918284,2.73021721983175,conf,0.3883738059747928,7,30,w,r,
,,2,Main,12,1.001892599999337,down,1,270,down,0.05040816326530612,0.14,1.2785564999994676,3.9748572243501443,2.607417246324366,conf,0.49315012575689704,7,30,w,r,
,,2,Main,13,1.3045139000005292,down,1,270,down,0.5555102040816327,0.68,0.9283378000000084,3.593681806525221,2.5317255864848405,conf,0.42509919231924553,7,30,w,r,
,,2,Main,14,0.9848251000003074,down,0,90,up,0.5959183673469388,0.96,1.6172429999987799,2.9853106517667625,2.5691734921748957,conf,0.3915778877495119,7,30,w,r,
,,2,Main,15,0.910598200000095,down,0,90,up,0.39387755102040817,0.74,1.4497186000007787,2.061332380040924,2.9075633520165027,conf,0.5831036834065366,7,30,w,r,
,,2,Main,16,1.175101499999073,down,0,90,up,0.13122448979591836,0.34,1.297422400000869,3.4795305337783042,2.1765762039621266,conf,0.3140999395861323,7,30,w,r,
,,2,Main,17,0.8196059000001696,down,1,270,down,0.9797959183673469,1.0,1.1166362000003573,3.3207236310043653,1.5586551355785285,conf,0.4883315106719773,7,30,w,r,
,,2,Main,18,1.373416599999473,up,1,90,up,0.11102040816326529,0.4,0.7793110000002343,2.610362027201495,2.954922008798765,conf,0.3994104981628683,7,30,w,r,
,,2,Main,19,0.9774790000010398,down,1,270,down,0.5151020408163265,0.74,1.1824935000004189,3.846941393816077,1.5187061532246027,conf,0.5912567233634941,7,30,w,r,
,,2,Main,20,0.7924130000010337,down,0,90,up,0.8585714285714285,1.0,0.9881793999993533,3.7545709939794074,2.4610436087747884,conf,0.5461177002322806,7,30,w,r,
,,2,Main,21,1.0651157000011153,up,0,270,down,0.2524489795918367,0.42,0.6630143000002136,2.7510814426629997,2.4267608827141047,conf,0.6534233976852555,7,30,w,r,
,,2,Main,22,0.8356065999996645,down,0,90,up,0.49489795918367346,0.74,1.1426307000001543,4.927865273170987,2.605926081189504,conf,0.6597254146656839,7,30,w,r,
,,2,Main,23,0.7269013999994058,down,1,270,down,0.9595918367346938,1.0,1.006466000000728,2.169630707554932,2.4984852800919337,conf,0.4431456602690929,7,30,w,r,
,,2,Main,24,1.1645191999996314,up,1,90,up,0.2524489795918367,0.42,0.7191633999991609,2.678401331500681,2.114208419283685,conf,0.26738877607216194,7,30,w,r,
,,2,Main,25,0.748923899998772,down,0,90,up,0.7373469387755102,0.98,1.4466268999985914,2.6698916202433347,2.456246331369579,conf,0.32776841656353206,7,30,w,r,
,,2,Main,26,0.7575911999992968,down,1,270,down,0.7373469387755102,1.0,0.9458883999996033,2.2621921709266832,3.7188378973749883,conf,0.5000410761897659,7,30,w,r,
,,2,Main,27,0.7135415000011562,down,0,90,up,0.6363265306122449,1.0,1.0357533000005787,3.0286400852983064,3.814744702396739,conf,0.4509766541135255,7,30,w,r,
,,2,Main,28,1.231984399999419,up,0,270,down,0.19183673469387755,0.4,0.9277012000002287,3.071680157712376,3.386654401644102,conf,0.6696948646409504,7,30,w,r,
,,2,Main,29,0.7453896999995777,down,1,270,down,0.8181632653061224,1.0,0.978907499998968,4.968577755300182,3.01639284195596,conf,0.6837310512889219,7,30,w,r,
,,2,Main,30,1.2155193999988114,up,1,90,up,0.05040816326530612,0.4,0.7115357999991829,4.3721782300538665,1.3528577979489271,conf,0.5725149270818974,7,30,w,r,
,,2,Main,31,0.9785081999998511,down,0,90,up,0.6969387755102041,1.0,1.0428627999990567,2.2348239487962553,3.9380113438911333,conf,0.4096008543388684,7,30,w,r,
,,2,Main,32,1.562758699999904,up,0,270,down,0.15142857142857144,0.4,1.4693277000005764,2.309777521167491,3.6694234084437856,conf,0.26612958197568015,7,30,w,r,
,,2,Main,33,0.8139660999986518,down,1,270,down,0.333265306122449,0.18,1.3645476000001509,3.884189153682386,2.803515897755223,conf,0.7443775754790851,7,30,w,r,
,,2,Main,34,1.228320199999871,down,0,90,up,0.09081632653061224,0.4,0.7422654000001785,4.586311423133457,1.151454470734926,conf,0.578522532837509,7,30,w,r,
,,2,Main,35,1.512216699999044,up,1,90,up,0.333265306122449,0.6,1.0735061000013957,2.2886108850218903,2.5793378308484787,conf,0.5626220267475355,7,30,w,r,
,,2,Main,36,0.9690771000005043,up,1,90,up,0.6969387755102041,0.9,1.2916373000007297,3.478213169761215,1.700716383677686,conf,0.6845759544502836,7,30,w,r,
,,2,Main,37,1.2976369999996678,down,0,90,up,0.2524489795918367,0.38,0.8430942000013602,2.304344206217289,2.7345475272436643,conf,0.4328449354599434,7,30,w,r,
,,2,Main,38,0.7960333000009996,up,1,90,up,0.676734693877551,0.9,1.748401599999852,3.0662083720841617,2.543761793212112,conf,0.44667869797071386,7,30,w,r,
,,2,Main,39,0.9535562999990361,down,1,270,down,0.8989795918367347,1.0,1.159878899999967,4.3442790911062135,3.0021309378322902,conf,0.36820577163944046,7,30,w,r,
,,2,Main,40,0.7611303000012413,down,1,270,down,0.49489795918367346,0.74,1.1121287000005395,2.3658890941332973,1.4751940637635785,conf,0.6051668727662702,7,30,w,r,
,,2,Main,41,0.9722290999998222,down,1,270,down,0.5151020408163265,0.78,0.7288845000002766,3.828098687955003,3.739471498709438,conf,0.572903088931865,7,30,w,r,
,,2,Main,42,1.1590875000001688,up,1,90,up,0.45448979591836736,0.72,1.2102737999994133,4.818266027381451,1.9665896178073146,conf,0.7495702097541455,7,30,w,r,
,,2,Main,43,1.5159186000000773,up,1,90,up,0.2726530612244898,0.56,1.2796177999989595,2.3350263948915777,2.7072118657646866,conf,0.6647055964675057,7,30,w,r,
,,2,Main,44,1.1578757999996014,down,1,270,down,0.8383673469387755,0.72,0.9946800999987317,4.465219681034684,1.8314033682775106,conf,0.2758894969132603,7,30,w,r,
,,2,Main,45,1.3005248000008578,up,1,90,up,0.5959183673469388,0.64,1.2406776000007085,2.9442213947773785,3.5192590192475866,conf,0.6904092762357701,7,30,w,r,
,,3,Main,0,1.3005248000008578,[],0,270,down,0.2524489795918367,None,None,None,3.561440023324545,None,0.6904092762357701,7,30,w,r,
,,3,Main,1,1.0834528999985196,down,0,90,up,1.0,0.78,1.0090909999998985,4.943184284849989,2.4920648658283557,conf,0.48676660515086656,7,30,w,r,
,,3,Main,2,1.1521334999997634,up,1,90,up,0.5353061224489796,0.66,0.9949290000004112,2.3403957754754416,3.8235627728544515,conf,0.39351819163040436,7,30,w,r,
,,3,Main,3,0.8270517000000837,down,1,270,down,0.676734693877551,0.6,0.8159267000010004,3.9798878608769503,2.044409450411326,conf,0.2614875717841721,7,30,w,r,
,,3,Main,4,1.1512822000004235,down,0,90,up,0.2726530612244898,0.16,0.8378419999990001,3.164021099977885,2.7493111540856887,conf,0.4402312000471369,7,30,w,r,
,,3,Main,5,1.1667445000002772,down,0,90,up,0.5959183673469388,0.18,1.0607756000008521,4.240410505311802,1.4525343520772678,conf,0.6875410942914588,7,30,w,r,
,,3,Main,6,1.345868000000337,down,0,90,up,0.8585714285714285,0.68,0.7477395999994769,3.6823834568727363,3.671757347641848,conf,0.3520597955462427,7,30,w,r,
,,3,Main,7,1.7432025999987673,down,0,90,up,0.9191836734693878,0.6,1.2097254000000248,2.3666771250328362,2.099863592681033,conf,0.651780733851876,7,30,w,r,
,,3,Main,8,1.7486895000001823,up,1,90,up,0.6161224489795918,0.62,1.1883585000014136,2.410588840807146,2.9844465875713584,conf,0.5129397662220732,7,30,w,r,
,,3,Main,9,1.3651694999989559,up,1,90,up,0.5353061224489796,0.6,0.9447277999988728,3.7049523584157695,1.9331815763670432,conf,0.5012676768702371,7,30,w,r,
,,3,Main,10,1.0124046000000817,down,1,270,down,0.9595918367346938,0.72,0.6890755000003992,3.05682238397177,1.7898702400785838,conf,0.6173201003326967,7,30,w,r,
,,3,Main,11,1.5586313999992853,down,1,270,down,0.7777551020408163,0.8,0.8403917000014189,4.819119391620831,2.251739124897492,conf,0.3378372581828443,7,30,w,r,
,,3,Main,12,1.3423774000002595,up,1,90,up,0.7979591836734694,0.7,0.817724200000157,4.759711028731044,2.3603219801235213,conf,0.5170927487911554,7,30,w,r,
,,3,Main,13,0.9014148999995086,down,1,270,down,0.7171428571428571,0.92,0.8526503000011871,4.350119048057183,2.224677242343343,conf,0.3684034849344713,7,30,w,r,
,,3,Main,14,0.8858118999996805,down,1,270,down,0.8383673469387755,0.76,0.7510270999991917,4.637654464185093,3.570235695842134,conf,0.6362190663267866,7,30,w,r,
,,3,Main,15,1.059443199999805,down,0,90,up,0.7575510204081632,0.8,0.7113320999997086,4.717319830089604,3.295729860467394,conf,0.3574974903159934,7,30,w,r,
,,3,Main,16,1.2354331999995338,up,1,90,up,0.5151020408163265,0.8,1.378519800000504,3.0415851189463354,1.7852969576338489,conf,0.7069540028437009,7,30,w,r,
,,3,Main,17,1.6751712000004773,up,1,90,up,0.3736734693877551,0.6,0.9830530999988696,3.5755490970067396,1.9090325660483152,conf,0.7074454188791508,7,30,w,r,
,,3,Main,18,1.8219939000009617,down,0,90,up,0.49489795918367346,0.5,0.8160058000012214,2.5392795612608534,1.903841397340761,conf,0.25908450996460713,7,30,w,r,
,,3,Main,19,1.6267367000000377,up,0,270,down,0.19183673469387755,0.44,0.7180348000001686,4.376743908415754,3.6123308037006505,conf,0.5795274877652472,7,30,w,r,
,,3,Main,20,1.0029605999989144,down,1,270,down,0.8585714285714285,0.9,1.1154391999989457,4.355931018938985,2.5152691019206257,conf,0.6897362961350171,7,30,w,r,
,,3,Main,21,0.7668333000001439,down,1,270,down,0.8383673469387755,0.94,0.9011826000005385,2.065029805712811,3.0356419236019825,conf,0.5652762679306348,7,30,w,r,
,,3,Main,22,1.544802399999753,up,0,270,down,0.1716326530612245,0.62,0.5950052000007418,3.1167447893865456,2.9332799808200294,conf,0.49607648642004726,7,30,w,r,
,,3,Main,23,1.3974682000007306,down,1,270,down,0.19183673469387755,0.58,0.7799271999992925,3.284660989603765,2.6305344294688378,conf,0.5233560283240614,7,30,w,r,
,,3,Main,24,0.7676971000000776,down,1,270,down,0.7171428571428571,1.0,1.0401554000000033,2.394134283610594,2.327323298133428,conf,0.6461830119532448,7,30,w,r,
,,3,Main,25,1.2718846999996458,up,0,270,down,0.23224489795918368,0.5,0.3980207000004157,3.107151950945685,1.918102983303699,conf,0.6821068456837913,7,30,w,r,
,,3,Main,26,1.4987153000001854,up,0,270,down,0.3736734693877551,0.44,0.617672099999254,4.230874778776225,2.9731740014497094,conf,0.5552143635631697,7,30,w,r,
,,3,Main,27,0.7732267000010324,down,0,90,up,0.656530612244898,0.8,0.9291825000000244,4.746270187400564,1.8970483661934185,conf,0.6870602130056322,7,30,w,r,
,,3,Main,28,1.6350397999995039,up,0,270,down,0.3130612244897959,0.4,0.8897921000007045,3.629354341845384,2.5348712198256145,conf,0.32846594012358166,7,30,w,r,
,,3,Main,29,0.9311935999994603,down,0,90,up,0.4746938775510204,0.62,0.7624037999994471,3.3521543364272555,1.4543676872792366,conf,0.43042152683583834,7,30,w,r,
,,3,Main,30,0.9921013000002858,down,1,270,down,0.45448979591836736,0.72,0.7439610000001267,3.78268168201678,1.420923735584548,conf,0.2796917839198233,7,30,w,r,
,,3,Main,31,0.8595525000000634,down,1,270,down,0.9797959183673469,0.98,0.8241355000009207,2.4854287200922123,3.456105699418112,conf,0.3751266395007936,7,30,w,r,
,,3,Main,32,1.5080529999995633,down,1,270,down,0.7777551020408163,0.92,0.9451172999997652,4.81418671923644,2.1205355584196557,conf,0.34684975361043296,7,30,w,r,
,,3,Main,33,0.777915299999222,up,1,90,up,0.8989795918367347,0.92,0.8147876000002725,4.698928410371893,1.9475593471573132,conf,0.5356282337677887,7,30,w,r,
,,3,Main,34,1.2291381000013644,up,1,90,up,0.45448979591836736,0.66,0.6421124999997119,3.2713891549216263,1.887955560969809,conf,0.4230480522986935,7,30,w,r,
,,3,Main,35,0.8249242000001686,up,1,90,up,0.5757142857142857,0.92,0.8677084999999352,3.458192466281049,2.477872897940908,conf,0.27786556222831027,7,30,w,r,
,,3,Main,36,0.8877199999988079,up,0,270,down,0.676734693877551,0.94,1.1707604000002902,2.9513091877850544,3.1790283547507387,conf,0.629866025515228,7,30,w,r,
,,3,Main,37,1.1692189000004873,up,0,270,down,0.6161224489795918,0.82,0.9230914999989182,2.395919651100762,2.6305460383435255,conf,0.6155191876355621,7,30,w,r,
,,3,Main,38,1.317054900000585,up,0,270,down,0.39387755102040817,0.42,0.7247610000013083,2.7252244586112453,1.4556216406268396,conf,0.5142522999135564,7,30,w,r,
,,3,Main,39,1.1577649000009842,up,1,90,up,0.23224489795918368,0.44,0.724734500001432,3.8832648167189854,2.355290227227626,conf,0.6857001674165357,7,30,w,r,
,,3,Main,40,1.0897179999992659,up,1,90,up,0.7979591836734694,1.0,1.2761121000003186,4.181961888111527,2.9754308178320894,conf,0.40884243361580486,7,30,w,r,
,,3,Main,41,0.7721735000013723,up,1,90,up,0.8787755102040816,1.0,1.1306776000001264,2.542402035789389,3.479286440504797,conf,0.5361540900257386,7,30,w,r,
,,3,Main,42,1.1931977000003826,up,0,270,down,0.5757142857142857,0.74,1.196766299999581,3.8645659196845794,2.765248586269911,conf,0.5003481733595367,7,30,w,r,
,,3,Main,43,1.180879300000015,up,0,270,down,0.3130612244897959,0.58,0.6823257999985799,3.7988494965965764,1.3425370599727082,conf,0.5241528137218486,7,30,w,r,
,,3,Main,44,0.8056597000013426,up,1,90,up,0.9797959183673469,1.0,0.9106042000003072,2.329589036938819,2.1613225218555554,conf,0.7330231526272307,7,30,w,r,
,,3,Main,45,0.9527314999995724,up,1,90,up,0.5959183673469388,0.82,0.8700059999991936,2.3658052155262688,2.7393190818013684,conf,0.40588872304942236,7,30,w,r,
,,4,Main,0,0.9527314999995724,[],0,90,up,0.6363265306122449,None,None,None,3.401951103132161,None,0.40588872304942236,7,30,w,r,
,,4,Main,1,1.1581490999997186,up,0,270,down,0.5555102040816327,0.7,1.2051613000003272,3.905034130476119,2.212239540177713,conf,0.7009608844039047,7,30,w,r,
,,4,Main,2,1.0341808000011952,up,1,90,up,0.676734693877551,0.72,1.3148521000002802,4.67256405369336,1.9617168061799388,conf,0.3036977737732604,7,30,w,r,
,,4,Main,3,0.784969700000147,down,0,90,up,0.7979591836734694,0.82,0.799877599998581,3.836750223912717,2.504436128099862,conf,0.5399518500739049,7,30,w,r,
,,4,Main,4,0.8785169000002497,down,1,270,down,0.676734693877551,0.82,0.8357414000001882,4.460216082837092,3.1348702844825644,conf,0.33486774638123035,7,30,w,r,
,,4,Main,5,0.980887799998527,down,1,270,down,0.4746938775510204,0.62,0.8019088999990345,2.077681749248276,1.8474196986636495,conf,0.3489687827842651,7,30,w,r,
,,4,Main,6,0.7831497999995918,down,0,90,up,0.6363265306122449,0.76,0.7985752999993565,4.837242804305971,1.1377318674664447,conf,0.5466184442507264,7,30,w,r,
,,4,Main,7,1.2564294999992853,up,0,270,down,0.3130612244897959,0.42,0.6254150000004302,4.866283168174893,3.714029339024163,conf,0.7365263158490261,7,30,w,r,
,,4,Main,8,0.9345687000004546,down,1,270,down,0.7171428571428571,0.74,0.9972994999989169,3.305189911371054,1.7972277365023983,conf,0.2768245853343388,7,30,w,r,
,,4,Main,9,1.1465188000001945,down,0,90,up,0.4140816326530612,0.56,0.6157490999994479,4.715122008715121,3.01702349210928,conf,0.4466901211409511,7,30,w,r,
,,4,Main,10,0.7813174000002618,down,1,270,down,0.5353061224489796,0.8,0.8471546000000671,2.950297730345689,1.7527784744121455,conf,0.6287175827647189,7,30,w,r,
,,4,Main,11,0.7422339000004285,down,1,270,down,0.7979591836734694,1.0,0.9811776000005921,4.196002676373578,2.197984128814629,conf,0.4837555246002887,7,30,w,r,
,,4,Main,12,0.6996768999997585,down,1,270,down,0.8787755102040816,1.0,0.9819523999994999,4.3205396962723555,3.317583448991605,conf,0.704475996986182,7,30,w,r,
,,4,Main,13,1.1661993999987317,up,1,90,up,0.35346938775510206,0.58,0.8587458000001789,3.0572986836758465,2.6202549389615784,conf,0.34591060612535496,7,30,w,r,
,,4,Main,14,1.2450457000013557,up,1,90,up,0.49489795918367346,0.54,0.8070093999995152,2.370232472048738,2.121949888420106,conf,0.5380920200565158,7,30,w,r,
,,4,Main,15,1.2561576000007335,down,1,270,down,0.4140816326530612,0.58,0.6892127000010078,2.2664655859004372,3.6756286188751086,conf,0.6246624558517113,7,30,w,r,
,,4,Main,16,0.9559908000010182,up,1,90,up,0.45448979591836736,0.54,0.6265232999994623,2.1796963028195475,2.4942177875272415,conf,0.5719530699030095,7,30,w,r,
,,4,Main,17,0.9364322000001266,up,1,90,up,0.8585714285714285,1.0,0.9534717000005912,2.350761947189461,3.518852487316047,conf,0.2842047893419707,7,30,w,r,
,,4,Main,18,0.9632330999993428,down,1,270,down,0.45448979591836736,0.74,1.4073308000006364,2.222959379606473,2.64899275522369,conf,0.4709188249900144,7,30,w,r,
,,4,Main,19,0.8002909999995609,down,1,270,down,0.676734693877551,1.0,1.011497600000439,4.122740106535765,2.373986723575936,conf,0.7413887993963268,7,30,w,r,
,,4,Main,20,0.7865328000007139,down,1,270,down,0.7979591836734694,1.0,0.951782699999967,3.035381327356493,2.2884678932481664,conf,0.4827431302414683,7,30,w,r,
,,4,Main,21,0.6921640999989904,down,0,90,up,0.7777551020408163,0.98,0.886826400001155,4.40722728708189,2.4866903077050915,conf,0.7141034773512335,7,30,w,r,
,,4,Main,22,0.6942873999996664,down,0,90,up,0.8181632653061224,1.0,0.9517671000012342,2.959920158285501,2.5571477421660447,conf,0.4812321769971549,7,30,w,r,
,,4,Main,23,0.7395888000010018,down,0,90,up,0.8383673469387755,0.98,1.036975999999413,2.7866250385655467,1.4325623412989794,conf,0.7361296630154097,7,30,w,r,
,,4,Main,24,0.662561099999948,down,0,90,up,0.9595918367346938,1.0,0.9642054999985703,4.5341205059336085,2.803048576474774,conf,0.6900179727550124,7,30,w,r,
,,4,Main,25,0.6783081999983551,down,1,270,down,0.4140816326530612,1.0,0.9432194000000891,4.570640289933113,1.0968130073921212,conf,0.40915555848820906,7,30,w,r,
,,4,Main,26,0.7656191000005492,down,1,270,down,0.8181632653061224,0.92,0.8945531000008486,4.807001417927664,2.3264649722828796,conf,0.2689645593210001,7,30,w,r,
,,4,Main,27,1.1873199000001478,up,1,90,up,0.3130612244897959,0.58,0.6731359999994311,2.697286807782797,2.8600737302730934,conf,0.5160661118689397,7,30,w,r,
,,4,Main,28,1.0347438999997394,up,1,90,up,0.7373469387755102,0.7,1.6853731999999582,3.2493601316939937,2.9911739958491306,conf,0.5371799876943951,7,30,w,r,
,,4,Main,29,0.6905998999991425,down,1,270,down,0.5151020408163265,0.62,0.8797200000008161,4.9303560419671015,1.2899214514689437,conf,0.44270220662703547,7,30,w,r,
,,4,Main,30,0.991598000000522,up,1,90,up,0.5959183673469388,0.6,0.9532177000000956,2.0388463126673857,1.931364133945502,conf,0.3521570861727872,7,30,w,r,
,,4,Main,31,0.8001066999986506,down,1,270,down,0.656530612244898,0.76,0.9844708000000537,4.283378824671299,2.4981123299608865,conf,0.44079678761541197,7,30,w,r,
,,4,Main,32,0.7816064999988157,down,1,270,down,0.3736734693877551,0.68,0.71625689999928,2.4657655008828026,3.027980664093439,conf,0.5738386909964717,7,30,w,r,
,,4,Main,33,0.7370604000007006,down,0,90,up,0.4342857142857143,0.74,0.7310250999998971,3.2234606556151872,1.4083586720855188,conf,0.5285284833342896,7,30,w,r,
,,4,Main,34,0.9884323000005679,up,1,90,up,0.9595918367346938,1.0,1.0686752000001434,2.2698828926752386,3.644343380632724,conf,0.2810134277035526,7,30,w,r,
,,4,Main,35,0.8050350000012259,down,1,270,down,0.4342857142857143,0.9,1.0190499999989697,3.7039220560386426,2.8304187189640357,conf,0.2509551613279793,7,30,w,r,
,,4,Main,36,0.8802993000008428,down,1,270,down,0.29285714285714287,0.92,0.9158110000007582,2.2986856195214127,1.978900347056734,conf,0.34782526759867405,7,30,w,r,
,,4,Main,37,0.7691015000000334,down,1,270,down,1.0,1.0,1.1857528000000457,2.9835535868176177,3.528471676754712,conf,0.665290260910766,7,30,w,r,
,,4,Main,38,1.068327599999975,up,1,90,up,0.9797959183673469,1.0,0.9403273000007175,2.412449128294975,1.9389155191052687,conf,0.5857401186682205,7,30,w,r,
,,4,Main,39,1.0092944000007265,down,0,90,up,0.39387755102040817,0.38,0.6843215999997483,4.660719010837483,2.7600442701845056,conf,0.5157074717042573,7,30,w,r,
,,4,Main,40,0.9383044000005611,down,0,90,up,0.4342857142857143,0.68,1.563631400000304,2.4253589595937592,1.988941564415299,conf,0.7393162951469605,7,30,w,r,
,,4,Main,41,0.858429600000818,down,0,90,up,0.6363265306122449,0.96,0.8132304999999178,4.731565346378077,1.798933202634465,conf,0.4945686970805607,7,30,w,r,
,,4,Main,42,1.1653339000004053,down,1,270,down,0.6161224489795918,0.84,0.8904375999991316,3.2429419016583836,2.459457300028424,conf,0.2847506382326545,7,30,w,r,
,,4,Main,43,1.285804500001177,up,1,90,up,0.29285714285714287,0.58,0.5964182000006986,2.5888745097662627,3.098376437973915,conf,0.7434926888516683,7,30,w,r,
,,4,Main,44,0.8847351000003982,down,1,270,down,0.6161224489795918,0.66,0.6460732999985339,2.4049253008718727,3.1905430028283672,conf,0.5193002712180392,7,30,w,r,
,,4,Main,45,0.7419319999989966,down,1,270,down,0.7373469387755102,0.98,1.0740456999992603,3.452252127528622,3.0868402597452107,conf,0.5011766153914878,7,30,w,r,
,,5,Main,0,0.7419319999989966,[],0,270,down,0.5151020408163265,None,None,None,3.114788675684407,None,0.5011766153914878,7,30,w,r,
,,5,Main,1,0.9296952999993664,down,0,90,up,0.5353061224489796,0.76,1.0428694000001997,3.8051192464848063,3.4380694776493543,conf,0.4447281572576595,7,30,w,r,
,,5,Main,2,0.8252548000000388,down,1,270,down,0.8383673469387755,0.8,0.8304031999996369,4.330141647370603,2.0272389009379532,conf,0.7174094820412661,7,30,w,r,
,,5,Main,3,0.7218338999991829,down,1,270,down,0.4746938775510204,0.64,0.6032575000008364,2.101143629587344,1.5196974234992955,conf,0.7480315843500218,7,30,w,r,
,,5,Main,4,0.7091676999989431,down,1,270,down,0.6969387755102041,0.82,0.7685045999987778,2.8580063995769915,1.016258787182045,conf,0.5580396190492587,7,30,w,r,
,,5,Main,5,0.7291858999997203,down,1,270,down,0.5555102040816327,0.8,0.7100336999992578,4.404112957881502,1.6982330403483255,conf,0.3349260342846062,7,30,w,r,
,,5,Main,6,0.7300541000004159,down,1,270,down,0.9393877551020408,0.96,0.8061491999997088,3.7084816358254478,1.5695114431121002,conf,0.5436510927113019,7,30,w,r,
,,5,Main,7,0.8262790000007953,up,1,90,up,0.8181632653061224,0.82,0.8247948999996879,2.384919153388065,2.1766542509354174,conf,0.7013926166371641,7,30,w,r,
,,5,Main,8,0.7220651999996335,up,1,90,up,0.9393877551020408,0.96,0.8515339999994467,3.7544546413559154,3.4067467014264254,conf,0.3723272512017957,7,30,w,r,
,,5,Main,9,0.7387904999995953,down,1,270,down,0.8787755102040816,0.88,0.8419352000000799,2.2636737567994714,1.634004709377042,conf,0.48666051478897454,7,30,w,r,
,,5,Main,10,1.127527900000132,up,0,270,down,0.7373469387755102,0.74,0.6572792999995727,3.5718415408217807,2.2033630337835874,conf,0.3537054962321785,7,30,w,r,
,,5,Main,11,0.7692134999997506,down,0,90,up,0.676734693877551,1.0,1.3691340999994281,4.435967007502283,3.15415614172278,conf,0.6742587605637471,7,30,w,r,
,,5,Main,12,0.8114958999994997,up,1,90,up,0.7575510204081632,0.78,0.7322659000001295,4.564092238803877,3.0013450896862883,conf,0.3341995025738236,7,30,w,r,
,,5,Main,13,1.2272245999993174,up,1,90,up,0.5959183673469388,0.58,0.641649299999699,3.769594411684632,3.1910133795256677,conf,0.4573290263869351,7,30,w,r,
,,5,Main,14,1.1764712999993208,up,1,90,up,0.45448979591836736,0.44,0.7100618999993458,3.39963529311433,1.2986703892870266,conf,0.6181629215340219,7,30,w,r,
,,5,Main,15,1.1471060999992915,down,1,270,down,0.8989795918367347,0.72,0.6852538999992248,2.4620417775419954,2.3914506609989385,conf,0.5773353820623253,7,30,w,r,
,,5,Main,16,1.2051687000002858,up,1,90,up,0.4342857142857143,0.58,1.1310864000006404,3.6089070350711085,2.8827467994942757,conf,0.6170430287881897,7,30,w,r,
,,5,Main,17,1.3170059000003675,up,1,90,up,0.4342857142857143,0.42,1.1194647000011173,3.0486892507650207,2.8645813377607117,conf,0.6533614070072611,7,30,w,r,
,,5,Main,18,1.0839720999993006,up,1,90,up,0.5353061224489796,0.62,0.7302636000003986,4.372471464220313,1.7821386436806388,conf,0.2784820406840575,7,30,w,r,
,,5,Main,19,1.0304288000006636,down,1,270,down,0.4342857142857143,0.58,1.0153630000004341,2.847750053361147,2.7493992642380416,conf,0.2623136016324187,7,30,w,r,
,,5,Main,20,0.846588200000042,down,1,270,down,0.8787755102040816,1.0,1.0403595000007044,2.3074945361373413,2.6379450237926534,conf,0.3856474339145327,7,30,w,r,
,,5,Main,21,0.7264549999999872,down,1,270,down,0.9393877551020408,1.0,1.136442499999248,3.3581675565027354,3.7636964405359636,conf,0.6873514183437264,7,30,w,r,
,,5,Main,22,1.1352199000011751,down,0,90,up,0.6363265306122449,0.42,0.6541517000005115,4.666141966886631,1.812172149306102,conf,0.5387199946159967,7,30,w,r,
,,5,Main,23,1.0030860000006214,down,1,270,down,0.7979591836734694,0.98,1.0279116000001522,3.1088353856505297,3.595673341428166,conf,0.7087761842186519,7,30,w,r,
,,5,Main,24,1.1188496999984636,up,1,90,up,0.49489795918367346,0.58,0.720998700000564,4.432026898474712,2.034693241887508,conf,0.44147620832066004,7,30,w,r,
,,5,Main,25,1.111199699998906,up,1,90,up,0.7373469387755102,0.76,0.6693283000004158,2.7251208517396632,2.3369364251190894,conf,0.670388163663584,7,30,w,r,
,,5,Main,26,0.7614549999998417,down,1,270,down,0.8383673469387755,1.0,0.849562600000354,3.4789975528260353,2.389344251467302,conf,0.30566549786222763,7,30,w,r,
,,5,Main,27,0.708766800000376,up,1,90,up,1.0,1.0,1.0352946000002703,3.8254953342474978,3.1772505199087986,conf,0.36405110745254077,7,30,w,r,
,,5,Main,28,1.1560951999999816,up,1,90,up,0.49489795918367346,0.66,0.8532512000001589,3.420781635219626,1.106397460083802,conf,0.4428187345722823,7,30,w,r,
,,5,Main,29,0.7076663000007102,down,1,270,down,0.9191836734693878,1.0,1.3119202999987465,3.430058854139377,3.147118295119812,conf,0.6955092832443459,7,30,w,r,
,,5,Main,30,1.4858698999996705,down,1,270,down,0.656530612244898,0.58,0.7321348000004946,3.086161740330392,1.8436185443705435,conf,0.2505033558845395,7,30,w,r,
,,5,Main,31,0.7553705000009359,down,1,270,down,0.5555102040816327,0.82,0.7671654999994644,2.920790100572105,2.528093649819432,conf,0.597436831628395,7,30,w,r,
,,5,Main,32,0.9690924999995332,down,0,90,up,0.8989795918367347,0.1,1.200331300000471,3.93741137737195,2.7737886730391703,conf,0.3795673905588363,7,30,w,r,
,,5,Main,33,1.6914027000002534,down,1,270,down,0.5959183673469388,0.0,1.0266312000003381,4.6983128763081226,2.2164604661036553,conf,0.6674364718449355,7,30,w,r,
,,5,Main,34,0.7978605999996944,down,1,270,down,1.0,0.9,0.8263083999991068,4.1737596958248275,1.3115539881041438,conf,0.3549000812284039,7,30,w,r,
,,5,Main,35,1.6218799999987823,up,1,90,up,0.7979591836734694,0.66,0.8758362999997189,4.6811652690780035,3.4086690360229044,conf,0.3752349158788799,7,30,w,r,
,,5,Main,36,0.9073083000002953,down,0,90,up,0.8787755102040816,0.14,0.8709632999998576,4.822388446960909,3.541185059813089,conf,0.2678539827505453,7,30,w,r,
,,5,Main,37,1.6068964999994932,down,0,90,up,0.7171428571428571,0.0,1.308705800000098,2.0314766907497877,1.5738292430021459,conf,0.33116509820234596,7,30,w,r,
,,5,Main,38,0.7556238000015583,down,1,270,down,0.7777551020408163,1.0,1.0478060000004916,4.794108804644933,2.1562023295941284,conf,0.2892556731554179,7,30,w,r,
,,5,Main,39,1.7439159999994445,down,1,270,down,0.49489795918367346,0.66,0.7977592000006553,3.5461357580201076,3.2354528890812073,conf,0.5072704081166186,7,30,w,r,
,,5,Main,40,0.7636644000012893,down,0,90,up,0.9595918367346938,1.0,1.0660477000001265,2.3812920167357947,2.951527413428926,conf,0.2794801126254338,7,30,w,r,
,,5,Main,41,1.3464953000002424,up,1,90,up,0.8181632653061224,0.74,0.698118300000715,4.199738488635422,3.507257339883635,conf,0.6018843572005004,7,30,w,r,
,,5,Main,42,1.2741808000009769,down,1,270,down,0.7373469387755102,0.9,0.777741199999582,2.696820144627048,1.9294992514862037,conf,0.3693746744484907,7,30,w,r,
,,5,Main,43,1.0511110000006738,up,1,90,up,0.7575510204081632,0.84,0.8208255000008648,4.966118081395895,2.3264662533688774,conf,0.565676279618105,7,30,w,r,
,,5,Main,44,0.987545100000716,down,1,270,down,0.7575510204081632,0.8,0.9246383999998216,4.430457461849013,2.2749077655489165,conf,0.6924751420619766,7,30,w,r,
,,5,Main,45,1.5425443000003725,up,1,90,up,0.6161224489795918,0.58,1.3382549999987532,2.304316976665139,2.9862310450603875,conf,0.592545463774341,7,30,w,r,
,,6,Main,0,1.8661878000002616,up,1,90,up,0.6363265306122449,0.58,2.5022921999989194,4.016423661487557,2.65089188450432,control,0.6537281924673786,7,30,w,r,
,,6,Main,1,1.1304940999998507,up,1,90,up,0.8383673469387755,0.76,1.3090542999998434,2.621796158294993,1.084629878640899,control,0.2703772696018733,7,30,w,r,
,,6,Main,2,1.3950334000001021,up,0,270,down,0.9595918367346938,0.46,0.7654514000005292,4.864871198330319,2.745508848834808,control,0.6486670177109832,7,30,w,r,
,,6,Main,3,1.3039537000004202,up,1,90,up,0.676734693877551,0.44,0.9137518999996246,2.307465632308645,2.1297685071433663,control,0.26788841353975956,7,30,w,r,
,,6,Main,4,1.1170104000011634,up,1,90,up,0.7979591836734694,0.66,0.904640599999766,3.830399918554975,3.807080593626429,control,0.4777795440471454,7,30,w,r,
,,6,Main,5,1.2590151999993395,up,1,90,up,0.9191836734693878,0.68,0.9660645000003569,4.8953180839811505,3.0171091912493475,control,0.573135301163895,7,30,w,r,
,,6,Main,6,1.3988233000000037,up,1,90,up,0.9393877551020408,0.74,1.544968300000619,4.689546756170792,3.5820754644692805,control,0.2964518212610383,7,30,w,r,
,,6,Main,7,1.0666464999994787,up,1,90,up,0.8181632653061224,0.82,0.786921999999322,4.030918941030103,2.650899383344456,control,0.5316302144812457,7,30,w,r,
,,6,Main,8,0.8810161999990669,down,1,270,down,1.0,1.0,1.1039110000001529,3.0779580435838354,3.17017853433652,control,0.4927725000617042,7,30,w,r,
,,6,Main,9,1.210613999999623,up,0,270,down,0.8585714285714285,0.76,1.3340692000001582,3.494165136280778,2.0926624879601654,control,0.31634639445525803,7,30,w,r,
,,6,Main,10,1.6219657000001462,up,0,270,down,0.7979591836734694,0.82,0.7602650999997422,2.776846776427859,3.342595069419289,control,0.27869762957010946,7,30,w,r,
,,6,Main,11,1.4034214000002976,up,1,90,up,0.8383673469387755,0.74,1.132025099999737,2.888265508478419,2.5793172158972224,control,0.698376539170285,7,30,w,r,
,,6,Main,12,1.299873200001457,up,1,90,up,0.676734693877551,0.34,0.7791174000012688,4.205450786174198,3.635630992217414,control,0.5708574344406917,7,30,w,r,
,,6,Main,13,1.0460731000002852,up,1,90,up,0.9393877551020408,0.88,0.7694792000002053,2.8094572113382825,1.7998287794428594,control,0.2949264315304058,7,30,w,r,
,,6,Main,14,0.8822834999991755,down,1,270,down,0.7979591836734694,0.92,0.8150780000014493,4.869732791348615,1.3997643428126552,control,0.4536391076116315,7,30,w,r,
,,6,Main,15,0.882042299999739,up,1,90,up,0.8787755102040816,0.98,0.8478052999998908,3.90277975094931,2.0735607797960185,control,0.6605830098844158,7,30,w,r,
,,6,Main,16,0.839706800001295,down,1,270,down,0.9797959183673469,0.9,1.2725791000011668,4.119412833237216,1.111364259798669,control,0.5818699694895109,7,30,w,r,
,,6,Main,17,0.9028890000008687,up,1,90,up,0.8181632653061224,0.9,0.8898664999996981,2.5806678918703367,2.6165259340159066,control,0.37449346702887115,7,30,w,r,
,,6,Main,18,0.7489691999999195,down,1,270,down,0.7777551020408163,0.88,0.8170208000010462,3.115159882442561,1.4651145318817307,control,0.7455548045907203,7,30,w,r,
,,6,Main,19,1.633241799998359,up,0,270,down,0.5959183673469388,0.08,0.8143254999995406,2.3189103965442492,2.5241130194658443,control,0.4534597304562357,7,30,w,r,
,,6,Main,20,0.8058512000006886,up,1,90,up,1.0,0.88,0.8240745999992214,2.1981473988722517,3.502086233183584,control,0.5720253898760357,7,30,w,r,
,,6,Main,21,1.0965603000004194,up,1,90,up,0.7575510204081632,0.68,0.8969757999984722,2.232346818876593,3.7669968562874114,control,0.33637651408736086,7,30,w,r,
,,6,Main,22,0.8277935999994952,down,1,270,down,0.8787755102040816,0.8,1.1031779999993887,3.475720410928,1.8321518314712002,control,0.6187319795318897,7,30,w,r,
,,6,Main,23,1.8509240000003047,up,0,270,down,0.7777551020408163,0.16,0.770580999998856,4.581135603431489,3.4678306776118877,control,0.4882443973473983,7,30,w,r,
,,6,Main,24,1.9151065000005474,up,0,270,down,0.7171428571428571,0.16,1.0548498000007385,2.5422348179983447,3.2303751409644557,control,0.4052291308630946,7,30,w,r,
,,6,Main,25,0.967644600001222,down,1,270,down,0.7575510204081632,0.4,0.7727864999997109,4.945921077227634,3.3545568595633113,control,0.3984066004412441,7,30,w,r,
,,6,Main,26,1.329097499999989,up,1,90,up,0.676734693877551,0.38,0.783799299999373,2.561669797087547,3.51104797266825,control,0.575234173747823,7,30,w,r,
,,6,Main,27,0.8871111000007659,up,1,90,up,0.9393877551020408,0.98,0.9426934000002802,4.846821178593507,3.122879966226917,control,0.5662175913603411,7,30,w,r,
,,6,Main,28,0.872804200000246,up,1,90,up,1.0,0.92,0.8933380999988003,3.3462773768052063,2.6520690826002977,control,0.7018413349729413,7,30,w,r,
,,6,Main,29,0.8294284000003245,down,1,270,down,0.8585714285714285,0.92,0.8347486000002391,2.8119488558701686,1.0598603648094636,control,0.5935523808509879,7,30,w,r,
,,6,Main,30,1.5219109999998182,up,0,270,down,0.6363265306122449,0.14,0.804105699999127,3.1679996227790057,3.6585863851898455,control,0.4945662965587412,7,30,w,r,
,,6,Main,31,0.9377693999995245,up,1,90,up,0.9191836734693878,0.96,1.1217507000001206,3.650530948214285,3.487115744176703,control,0.6553542064643627,7,30,w,r,
,,6,Main,32,0.7429790000005596,down,1,270,down,0.8787755102040816,1.0,1.2209805000002234,3.607608883953981,3.525640082399371,control,0.5899465628782103,7,30,w,r,
,,6,Main,33,1.6747259000003396,up,0,270,down,0.5959183673469388,0.0,1.0616840999991837,2.079662070654342,2.113798206166089,control,0.7009690211157297,7,30,w,r,
,,6,Main,34,1.6747259000003396,[],0,90,up,0.6161224489795918,None,None,None,2.3983983538683376,None,0.7009690211157297,7,30,w,r,
,,6,Main,35,0.7959738000008656,down,1,270,down,0.8585714285714285,0.78,0.7483211000017036,2.081297802129416,1.6573417154981338,control,0.5488924928007182,7,30,w,r,
,,6,Main,36,0.8555192000003444,down,1,270,down,0.8585714285714285,0.66,0.6356343000006746,3.2382761654380485,3.2652473792158903,control,0.6595932022992578,7,30,w,r,
,,6,Main,37,0.8342317000006005,up,1,90,up,0.9595918367346938,1.0,0.860890300000392,2.490309472086087,3.958620607090359,control,0.43578688700081497,7,30,w,r,
,,6,Main,38,1.5561763999994582,up,0,270,down,0.6969387755102041,0.16,0.7412024999994173,2.3475400735131258,2.922245723666813,control,0.31351471483622406,7,30,w,r,
,,6,Main,39,0.8775260000002163,up,1,90,up,0.8989795918367347,0.76,0.803547499999695,3.592117935011945,2.829276253345286,control,0.5963107135283656,7,30,w,r,
,,6,Main,40,1.3348022999998648,down,1,270,down,0.6969387755102041,0.22,0.728098300000056,4.542058853875086,3.1757253145376505,control,0.3073384169192368,7,30,w,r,
,,6,Main,41,1.3233225000003586,down,1,270,down,0.656530612244898,0.08,1.361529600000722,4.31374946492671,3.6639059154241016,control,0.6189048284856945,7,30,w,r,
,,6,Main,42,1.3196766000000935,up,1,90,up,0.8181632653061224,0.64,1.1128781999996136,2.222474741035793,1.5545080330328007,control,0.7361443770550867,7,30,w,r,
,,6,Main,43,0.94068309999966,down,1,270,down,0.7373469387755102,0.3,0.6452241000006325,2.212107376083164,2.0638461483385284,control,0.5579696531884841,7,30,w,r,
,,6,Main,44,0.8798504000005778,down,1,270,down,0.9393877551020408,0.92,1.1374673000009352,4.54369306320643,2.581959150454582,control,0.6124077457659913,7,30,w,r,
,,6,Main,45,0.8661617999987357,up,1,90,up,0.9191836734693878,0.9,0.8957490000011603,3.371375009016201,1.5659836966488527,control,0.7414600756829821,7,30,w,r,
,,7,Main,0,1.618826199999603,down,1,270,down,0.7777551020408163,0.64,1.4679539000007935,3.335961911228055,2.180761205452563,conf,0.32969255623327415,7,30,w,r,
,,7,Main,1,0.9001212000002852,up,1,90,up,0.8181632653061224,0.76,1.0785286999998789,4.32367425929983,2.0750194951769223,conf,0.37887878935883174,7,30,w,r,
,,7,Main,2,1.5414297000006627,down,1,270,down,0.9191836734693878,0.14,0.9415845000003173,4.684692817694989,1.4006379577234778,conf,0.40303508363467305,7,30,w,r,
,,7,Main,3,1.4124572000000626,down,1,270,down,0.5959183673469388,0.38,0.72527860000082,4.288849970958198,2.9001769632512113,conf,0.5087524540328494,7,30,w,r,
,,7,Main,4,1.2155349999993632,down,1,270,down,0.7777551020408163,0.58,0.6475335000013729,2.4174509730509737,2.471069040410304,conf,0.6686590339655266,7,30,w,r,
,,7,Main,5,0.9071822000005341,down,1,270,down,1.0,0.8,0.8449154999998427,4.196848507875329,2.7755709777990916,conf,0.7229157920864078,7,30,w,r,
,,7,Main,6,1.2191689000010228,up,1,90,up,0.5959183673469388,0.56,0.6459731999984797,4.408010698832037,2.3185790043153407,conf,0.6248509840279588,7,30,w,r,
,,7,Main,7,1.198281400000269,down,1,270,down,0.8181632653061224,0.7,0.7467968999990262,4.6856895819208795,1.6674751538751518,conf,0.3652068237228787,7,30,w,r,
,,7,Main,8,0.9421609999990324,down,1,270,down,0.7979591836734694,0.78,0.7918879999997444,4.852457049516821,1.180352035748322,conf,0.6913906208118321,7,30,w,r,
,,7,Main,9,1.2012242000000697,down,1,270,down,0.7979591836734694,0.76,0.8824772000007215,4.47070859230483,2.935988951680886,conf,0.4685228235277967,7,30,w,r,
,,7,Main,10,1.1288461000003736,down,1,270,down,0.8181632653061224,0.9,0.8693772999995417,3.0937691241079452,3.2755284517528116,conf,0.5957438586638657,7,30,w,r,
,,7,Main,11,0.8403863000003184,down,1,270,down,1.0,1.0,1.0627297999999428,2.2940149095406017,1.7252355844486846,conf,0.5930275752986031,7,30,w,r,
,,7,Main,12,0.9359144999998534,up,1,90,up,0.7777551020408163,0.88,0.8305090000012569,4.272337865171933,3.3887271866962,conf,0.4689435193999153,7,30,w,r,
,,7,Main,13,0.7414452999983041,down,1,270,down,0.8787755102040816,0.9,0.8392097999985708,3.6870037965614637,2.039048702328251,conf,0.41195763471754987,7,30,w,r,
,,7,Main,14,0.8090058000016143,down,1,270,down,0.9191836734693878,0.88,0.8066695999987132,3.869167513448544,2.5795383925093227,conf,0.3399491334809546,7,30,w,r,
,,7,Main,15,0.8481405000002269,up,1,90,up,0.7979591836734694,1.0,1.1909789999990608,2.908069104024194,2.2908911947455013,conf,0.2928239555230746,7,30,w,r,
,,7,Main,16,0.8029798999996274,down,0,90,up,0.8181632653061224,0.96,0.8657535000002099,2.1375890727089533,1.130523495688402,conf,0.5457352793464234,7,30,w,r,
,,7,Main,17,0.78081850000126,up,1,90,up,0.9393877551020408,1.0,1.097919499999989,3.0503200345014756,2.290720540337024,conf,0.4625432854557227,7,30,w,r,
,,7,Main,18,0.823853699999745,up,1,90,up,0.9595918367346938,1.0,1.0791317999992316,4.664369045104383,3.477251019195333,conf,0.5026520531929075,7,30,w,r,
,,7,Main,19,0.8015786999985721,down,1,270,down,0.7979591836734694,0.84,0.8059400000001915,3.4623632556319492,3.5676775466115416,conf,0.43483267006638243,7,30,w,r,
,,7,Main,20,1.0801976999991894,down,1,270,down,0.7979591836734694,0.68,0.6591323999982706,2.587502974335687,1.940284925229969,conf,0.5566668380999981,7,30,w,r,
,,7,Main,21,1.1905451999991783,down,0,90,up,0.8989795918367347,0.88,0.8124440999999933,3.6789122793107305,2.7124506637934065,conf,0.47517649319916977,7,30,w,r,
,,7,Main,22,1.668277599999783,up,1,90,up,0.8181632653061224,0.34,0.7573389000008319,4.294484925288345,1.4177933295442378,conf,0.3816146663759321,7,30,w,r,
,,7,Main,23,1.244864599999346,up,1,90,up,0.8383673469387755,0.74,0.6800290000010136,3.5992331288212065,2.50878568494576,conf,0.7072271893053168,7,30,w,r,
,,7,Main,24,1.2859692000001814,down,1,270,down,0.8989795918367347,0.8,0.7320163999993383,3.921346006456453,1.994573335913049,conf,0.4503999129226008,7,30,w,r,
,,7,Main,25,0.9346169000000373,up,1,90,up,1.0,0.76,0.7752289999989443,4.761434114977116,2.4889427113650466,conf,0.5187289825831446,7,30,w,r,
,,7,Main,26,0.7742056000006414,down,1,270,down,0.9393877551020408,1.0,1.0104898999998113,2.5975365670007755,1.7388398856526224,conf,0.44485884817870863,7,30,w,r,
,,7,Main,27,1.2918740999994043,down,0,90,up,0.9595918367346938,0.94,0.7833740000005491,3.3257729420370405,2.781296126617977,conf,0.5796690777486876,7,30,w,r,
,,7,Main,28,1.197617199999513,down,0,90,up,0.9191836734693878,0.84,0.8025287999989814,3.7787210231437363,2.7186207291900697,conf,0.2534691062703675,7,30,w,r,
,,7,Main,29,0.7579292000009445,down,1,270,down,0.9191836734693878,0.94,1.2010711999992054,3.240424567015214,1.6510300118453443,conf,0.5978818855924819,7,30,w,r,
,,7,Main,30,1.4313036000003194,up,1,90,up,0.8585714285714285,0.6,1.0104924999996001,4.972112624544926,3.4553937457931334,conf,0.7334280738899001,7,30,w,r,
,,7,Main,31,0.8930851000004623,down,1,270,down,0.5959183673469388,0.62,0.9340001000000484,4.145114813260257,3.2476526730522934,conf,0.7353973529010583,7,30,w,r,
,,7,Main,32,1.1343682999995508,up,1,90,up,0.5757142857142857,0.58,0.6988851999994949,3.0361671395157273,3.298561035815289,conf,0.5698342321648497,7,30,w,r,
,,7,Main,33,1.3498572000007698,up,1,90,up,0.9595918367346938,0.74,0.7233501999999135,4.145248176879543,3.098634540757834,conf,0.34194080395977294,7,30,w,r,
,,7,Main,34,1.4978167999997822,up,1,90,up,0.6161224489795918,0.44,0.7272436000002926,4.50476881748472,1.9598297249005725,conf,0.6953511812968692,7,30,w,r,
,,7,Main,35,1.0034040999998979,down,1,270,down,1.0,1.0,1.0643270000000484,2.0078642963995956,3.1614400262512894,conf,0.25917428224641825,7,30,w,r,
,,7,Main,36,1.1713821000012103,up,1,90,up,0.5353061224489796,0.56,0.7772414999999455,3.5451304487952195,2.582240160095885,conf,0.3160961265952964,7,30,w,r,
,,7,Main,37,0.7325087999997777,down,1,270,down,0.9797959183673469,1.0,1.296275999999125,2.2527169772980007,1.284018560751628,conf,0.739950028585513,7,30,w,r,
,,7,Main,38,1.2486952999988716,up,1,90,up,0.8989795918367347,0.58,0.6826940000009927,2.083036847898796,2.1249764187958133,conf,0.6399140061513147,7,30,w,r,
,,7,Main,39,1.0904008999987127,up,1,90,up,0.8181632653061224,0.58,0.7396274999991874,2.3010383244864183,1.7850357236158199,conf,0.4142232919222177,7,30,w,r,
,,7,Main,40,1.5112896000009641,down,1,270,down,0.5959183673469388,0.62,0.8016822999998112,4.6779441007548535,2.7526195066706665,conf,0.6578438401625577,7,30,w,r,
,,7,Main,41,1.5757143999999244,up,1,90,up,0.8181632653061224,0.28,1.1817595000011352,4.929025661628719,1.0172224012655646,conf,0.5759552112489608,7,30,w,r,
,,7,Main,42,1.360151800001404,up,1,90,up,0.8383673469387755,0.66,0.768044500000542,4.07612127786591,2.480354694598962,conf,0.30038800873307375,7,30,w,r,
,,7,Main,43,1.0003040000010515,down,1,270,down,0.9797959183673469,0.86,0.9258893000005628,2.240451023944324,2.8205884240646286,conf,0.48675031194539914,7,30,w,r,
,,7,Main,44,1.5610587999999552,up,1,90,up,0.7979591836734694,0.56,0.6405639000004157,3.7873180166810805,3.494270541821342,conf,0.6547513891690357,7,30,w,r,
,,7,Main,45,1.072443299999577,down,1,270,down,0.8787755102040816,0.92,1.3134361000011268,2.1590719269334318,2.5051260001349274,conf,0.33425579261122473,7,30,w,r,
,,8,Main,0,1.072443299999577,[],0,270,down,0.9797959183673469,None,None,None,1.2836797616601232,None,0.33425579261122473,7,30,w,r,
,,8,Main,1,1.0769431999997323,up,1,90,up,0.9797959183673469,0.92,0.8895400000001246,4.73764908242566,2.227718299492468,conf,0.26860206763608846,7,30,w,r,
,,8,Main,2,1.1670180000000983,down,1,270,down,0.8989795918367347,0.88,0.9369724999996834,4.382128323090533,1.2988807142617986,conf,0.6294367148424584,7,30,w,r,
,,8,Main,3,0.9294301999998424,up,1,90,up,0.8585714285714285,0.94,0.8459657999992487,4.78524078732823,3.499979829737862,conf,0.3760235361831424,7,30,w,r,
,,8,Main,4,0.8622441999996227,up,1,90,up,0.8585714285714285,0.92,0.8401338999992731,3.0054402323444362,2.4734556504167924,conf,0.6465306010775524,7,30,w,r,
,,8,Main,5,1.023049400000673,up,1,90,up,0.8989795918367347,1.0,1.1250758999995014,3.14932153348382,3.483743957883801,conf,0.5051833931889408,7,30,w,r,
,,8,Main,6,0.8627537000011216,down,1,270,down,0.8787755102040816,0.86,0.8836577999991277,4.947798073917944,1.5667323917116414,conf,0.3276096885872151,7,30,w,r,
,,8,Main,7,0.9301488999990397,down,1,270,down,0.8787755102040816,0.92,0.9136326000007102,4.601284243535666,1.86916140441553,conf,0.28361851165670865,7,30,w,r,
,,8,Main,8,0.8088211000012961,up,1,90,up,0.9595918367346938,0.96,0.9315372000000934,4.7125239045662815,3.303320417303391,conf,0.32876052915280224,7,30,w,r,
,,8,Main,9,0.7772528000004968,down,1,270,down,0.8989795918367347,0.96,0.9069994000001316,2.369853872757491,3.1107040720831227,conf,0.5344227652963297,7,30,w,r,
,,8,Main,10,0.8197429000010743,down,0,90,up,1.0,0.74,0.6816721000013786,4.4068132096466295,3.253800205929945,conf,0.33914570055078697,7,30,w,r,
,,8,Main,11,0.765820699998585,up,1,90,up,0.9191836734693878,0.9,0.9259273999996367,4.208032657126519,3.2677224374357525,conf,0.548357378483918,7,30,w,r,
,,8,Main,12,0.7963939000001119,up,1,90,up,0.9797959183673469,1.0,1.0446021999996447,2.101755570138453,2.2772560173056946,conf,0.26929745865343946,7,30,w,r,
,,8,Main,13,0.768454400000337,up,1,90,up,0.9797959183673469,1.0,0.9807098999990558,2.2369535254619555,1.9253816705437763,conf,0.3125459326802853,7,30,w,r,
,,8,Main,14,0.7539944000000105,down,1,270,down,0.9191836734693878,1.0,0.9707275000000664,4.017821564120892,3.5377247463873736,conf,0.40133395790797194,7,30,w,r,
,,8,Main,15,0.7615569999998115,up,1,90,up,1.0,1.0,0.9889272000000346,4.507451548261838,2.256460432030582,conf,0.26578704496595934,7,30,w,r,
,,8,Main,16,0.8749980000011419,up,1,90,up,0.8585714285714285,1.0,1.1339595000008558,4.893126268584078,2.2493689633446015,conf,0.7087408431035241,7,30,w,r,
,,8,Main,17,0.7943281999996543,down,1,270,down,0.9393877551020408,1.0,1.106429700001172,4.005867851810193,1.932135730277595,conf,0.45410948419731373,7,30,w,r,
,,8,Main,18,1.1140415999998368,down,1,270,down,0.8585714285714285,0.7,0.8616726000000199,3.452180715006468,3.1150048188068684,conf,0.7261961617516701,7,30,w,r,
,,8,Main,19,0.9843977999989875,down,1,270,down,1.0,0.72,1.2940476999992825,2.940519076374986,3.119080970050832,conf,0.34473843086021727,7,30,w,r,
,,8,Main,20,0.8437962999996671,up,1,90,up,0.9393877551020408,0.92,0.8628776999994443,2.6650726558532707,3.500170709213443,conf,0.25288208160230624,7,30,w,r,
,,8,Main,21,0.7964074999999866,up,1,90,up,1.0,0.94,0.9286699000003864,4.635490429900441,2.2346807599615865,conf,0.31558966511871966,7,30,w,r,
,,8,Main,22,0.979652600000918,up,1,90,up,0.9595918367346938,1.0,1.1830324000002292,4.098515629349109,2.6991661545371044,conf,0.40815020580600003,7,30,w,r,
,,8,Main,23,0.6838000000007014,down,1,270,down,0.9797959183673469,1.0,1.0016070000001491,3.3168499085182725,1.8935537833943061,conf,0.3194907401513789,7,30,w,r,
,,8,Main,24,0.7203380999999354,up,1,90,up,0.9393877551020408,1.0,1.0784598999998707,3.025519281837014,2.051254075336205,conf,0.2675849989122042,7,30,w,r,
,,8,Main,25,0.7932025999998586,up,1,90,up,0.8585714285714285,1.0,1.1188039000007848,4.643140179281913,2.4246810695402363,conf,0.47786157816239294,7,30,w,r,
,,8,Main,26,0.7071509999987029,down,1,270,down,0.8787755102040816,1.0,1.068572000000131,4.607469536249951,2.775197145426411,conf,0.3776766586917181,7,30,w,r,
,,8,Main,27,0.9734674000010273,up,1,90,up,1.0,0.82,0.8247721999996429,2.782220240151492,1.5166263858280247,conf,0.29543822632314176,7,30,w,r,
,,8,Main,28,0.6801627999993798,down,1,270,down,0.9191836734693878,1.0,1.0920000999994954,2.021355406671172,1.0899965457463947,conf,0.6389308581569187,7,30,w,r,
,,8,Main,29,0.787649899999451,down,1,270,down,1.0,1.0,1.009797400000025,3.396337281128978,2.4238229839375744,conf,0.5852099417527145,7,30,w,r,
,,8,Main,30,0.8250850999993418,down,1,270,down,1.0,1.0,1.0240988000005018,3.65178403602106,2.298423359997087,conf,0.4345573258986502,7,30,w,r,
,,8,Main,31,0.8331534000008105,up,1,90,up,0.9393877551020408,1.0,1.0881100000005972,2.0442643377492278,2.116420097909643,conf,0.42541333905495593,7,30,w,r,
,,8,Main,32,0.7614701000002242,up,1,90,up,0.9797959183673469,1.0,1.0801985999987664,4.7667001221313505,3.6181142592126574,conf,0.48885455661434873,7,30,w,r,
,,8,Main,33,1.4431368999994447,down,1,270,down,1.0,0.92,0.907449500000439,2.8519520571739654,2.2864708718422952,conf,0.7204785922694126,7,30,w,r,
,,8,Main,34,1.040224299998954,down,1,270,down,0.8989795918367347,0.66,1.4102702000000136,3.9816015482181557,2.4664297148840273,conf,0.2825474163201455,7,30,w,r,
,,8,Main,35,1.412437900000441,up,1,90,up,0.9797959183673469,0.66,1.06851160000042,4.779336475184919,2.599017876058363,conf,0.7103084709938593,7,30,w,r,
,,8,Main,36,0.8338865000005171,down,1,270,down,1.0,0.78,0.7330839000005653,3.5690898037358587,1.3084544164300462,conf,0.6462367907267089,7,30,w,r,
,,8,Main,37,1.17085600000064,down,1,270,down,0.8989795918367347,0.86,0.9411899000006088,4.314089878318516,1.4207480896463773,conf,0.5600765680252359,7,30,w,r,
,,8,Main,38,0.7930522999995446,up,1,90,up,0.9393877551020408,0.98,1.0130749999989348,2.7141203850572104,3.5293756760309414,conf,0.6617194148254342,7,30,w,r,
,,8,Main,39,0.732517899999948,down,1,270,down,0.8787755102040816,0.88,0.8866520999999921,2.930166647130839,3.448752851656204,conf,0.26266816414485405,7,30,w,r,
,,8,Main,40,1.769496099999742,down,1,270,down,0.5353061224489796,0.58,0.7430903000004037,3.7932386544363954,3.4150795378007626,conf,0.47189566946159534,7,30,w,r,
,,8,Main,41,0.9185933000007935,down,1,270,down,0.8989795918367347,0.72,0.772408800001358,4.081419958455082,3.0708262819623364,conf,0.4096653891321603,7,30,w,r,
,,8,Main,42,0.8918348999995942,down,1,270,down,0.9595918367346938,0.84,1.2323167999984435,2.961036028896086,2.401932814789366,conf,0.6452933984779181,7,30,w,r,
,,8,Main,43,0.8462205000014364,down,1,270,down,1.0,0.8,0.8553596999990987,3.5590448942354396,1.6737633182011384,conf,0.6733194134045366,7,30,w,r,
,,8,Main,44,0.807957200000601,up,1,90,up,0.8989795918367347,0.76,0.8149763999990682,3.860085749675953,2.781621357825257,conf,0.4996411502237082,7,30,w,r,
,,8,Main,45,0.9294205999995029,up,1,90,up,0.9797959183673469,0.84,0.8289464999998017,2.619759543352965,1.0627108147501645,conf,0.42314764286141726,7,30,w,r,
,,9,Main,0,1.0854212999984156,up,1,90,up,0.9393877551020408,0.78,0.7221133000002737,2.8137064877724773,2.0430753484030246,conf,0.428189435260404,7,30,w,r,
,,9,Main,1,1.4709019000001717,up,1,90,up,0.9393877551020408,0.66,0.9265384999998787,3.7958800216721738,3.7204915512199377,conf,0.371450745689745,7,30,w,r,
,,9,Main,2,1.4272044999997888,up,1,90,up,0.9393877551020408,0.58,0.8224193999994895,2.0531189366068165,2.029567674266386,conf,0.6497112637003101,7,30,w,r,
,,9,Main,3,0.753116100000625,down,1,270,down,0.9393877551020408,0.8,0.7194021999985125,3.1165419784354054,1.8605151960298494,conf,0.28547531738843285,7,30,w,r,
,,9,Main,4,1.0021844999992027,up,1,90,up,0.9393877551020408,0.82,0.7317096999995556,2.0541457835521477,2.095182701033594,conf,0.25881277721614726,7,30,w,r,
,,9,Main,5,1.1359921000002942,down,1,270,down,0.9393877551020408,0.82,0.811636799999178,3.4075431073507794,2.833318114650452,conf,0.7405273023172629,7,30,w,r,
,,9,Main,6,1.4146715000006225,up,1,90,up,0.9393877551020408,0.6,0.6846480000003794,4.498153137452759,3.166992026707704,conf,0.6134771747199892,7,30,w,r,
,,9,Main,7,1.3325557000007393,up,1,90,up,0.5353061224489796,0.56,0.6473237999998673,4.136971058708561,2.1399128404664727,conf,0.5143959355077565,7,30,w,r,
,,9,Main,8,1.4221192999993946,down,1,270,down,0.5353061224489796,0.5,1.2064548999987892,2.6814575666665688,2.3860906049662702,conf,0.2537304426933882,7,30,w,r,
,,9,Main,9,1.6977182000009634,up,1,90,up,0.5353061224489796,0.42,0.6109887000002345,4.238103363733254,3.3449400226557717,conf,0.6759616490521325,7,30,w,r,
,,9,Main,10,1.6207486000002973,up,1,90,up,0.5151020408163265,0.42,0.6382040999997116,4.46536745647448,2.361218337124051,conf,0.36192095644777206,7,30,w,r,
,,9,Main,11,1.8051577000005636,down,1,270,down,0.5151020408163265,0.46,0.5821758000001864,4.273686460696683,2.6712331262954088,conf,0.6059945399161701,7,30,w,r,
,,9,Main,12,1.5279771000004985,down,1,270,down,0.5151020408163265,0.44,0.5975948999985121,4.465044647172687,3.8799452472316247,conf,0.5523174915232947,7,30,w,r,
,,9,Main,13,1.9672771000005014,down,1,270,down,0.5151020408163265,0.28,2.2258464000005915,2.1071225102131272,1.5937883322986999,conf,0.745169012445009,7,30,w,r,
,,9,Main,14,1.7178385999995953,down,1,270,down,0.5151020408163265,0.3,1.1804799000001367,3.9217595258386964,2.592475615165065,conf,0.5880544742954024,7,30,w,r,
,,9,Main,15,1.2541677999997773,up,1,90,up,0.49489795918367346,0.58,0.8889328999994177,3.615763238131724,1.4759001332598907,conf,0.259387628610178,7,30,w,r,
,,9,Main,16,1.3381023000001733,up,1,90,up,0.49489795918367346,0.4,1.1330001999995147,2.9221985939010295,3.177716609007283,conf,0.5749836594939777,7,30,w,r,
,,9,Main,17,1.1689432000002853,up,1,90,up,0.49489795918367346,0.58,0.6675730000006297,3.1357843629831983,3.1564588033035164,conf,0.4011680094060431,7,30,w,r,
,,9,Main,18,1.8393685999999434,down,1,270,down,0.49489795918367346,0.34,0.5998607999990782,3.1894095326799525,2.8209226817219175,conf,0.5319634740531176,7,30,w,r,
,,9,Main,19,0.8412193000003754,down,1,270,down,0.9393877551020408,0.88,0.7760629999993398,2.4478026168169658,2.5089386973604797,conf,0.3884521735707465,7,30,w,r,
,,9,Main,20,1.7035174000011466,up,1,90,up,0.49489795918367346,0.2,0.7328551000009611,2.071107663165766,1.5523633440391593,conf,0.3666654856237719,7,30,w,r,
,,9,Main,21,1.1607855000002019,down,1,270,down,0.4746938775510204,0.56,0.8322478999998566,3.2116640970393493,1.2973940295706408,conf,0.6282503559037493,7,30,w,r,
,,9,Main,22,1.4652827000008983,down,1,270,down,0.4746938775510204,0.5,0.5337541999997484,4.633161457919712,2.976634766222729,conf,0.6853380851882052,7,30,w,r,
,,9,Main,23,1.0206206999991991,up,1,90,up,0.4746938775510204,0.6,0.6417904999998427,3.2294524300296303,2.381479128284702,conf,0.4648720240822571,7,30,w,r,
,,9,Main,24,1.733447000000524,up,1,90,up,0.4746938775510204,0.38,0.5887626000003365,4.861800143588299,1.8899942957154248,conf,0.6250279160346386,7,30,w,r,
,,9,Main,25,1.10550719999992,up,1,90,up,0.4746938775510204,0.62,0.6529724000010901,2.9036917763048393,2.750002304440414,conf,0.292447559972408,7,30,w,r,
,,9,Main,26,1.298763400000098,up,1,90,up,0.4746938775510204,0.4,0.6315911000001506,2.4999231532086386,2.8232552954439494,conf,0.5498701426686727,7,30,w,r,
,,9,Main,27,1.5724145000003773,down,1,270,down,0.4746938775510204,0.58,1.9437042999998084,2.2620056907067827,3.3275581349748444,conf,0.7495709455566432,7,30,w,r,
,,9,Main,28,0.9214149999988877,up,1,90,up,0.9393877551020408,0.82,0.9248049999987416,3.546675177904083,3.1291936392411785,conf,0.5890750608859454,7,30,w,r,
,,9,Main,29,1.784679899999901,down,1,270,down,0.4746938775510204,0.66,0.7353297999998176,4.416885934362036,1.872856379303148,conf,0.5600473268378883,7,30,w,r,
,,9,Main,30,1.7068183000010322,down,1,270,down,0.45448979591836736,0.58,0.6580868000000919,2.1973371406493047,2.17456420216156,conf,0.45493581141620654,7,30,w,r,
,,9,Main,31,1.3413578999989113,up,1,90,up,0.45448979591836736,0.42,0.6237842999998975,3.0834149740990844,1.774426172851848,conf,0.6914060657988828,7,30,w,r,
,,9,Main,32,1.1045057000010274,down,1,270,down,0.45448979591836736,0.58,0.6725509999996575,3.0494212786112844,1.6781184486743816,conf,0.6141969193012844,7,30,w,r,
,,9,Main,33,1.502611899999465,down,1,270,down,0.45448979591836736,0.36,0.632270600000993,4.3713905672275555,3.4196376073905204,conf,0.6967991433366738,7,30,w,r,
,,9,Main,34,1.4877827000000252,down,1,270,down,0.45448979591836736,0.32,0.6139345999999932,3.1739049924682825,3.4659342177809944,conf,0.618421120385521,7,30,w,r,
,,9,Main,35,0.8505699999986973,up,1,90,up,0.9393877551020408,1.0,0.9795692000006966,3.671798357804394,2.692473445405499,conf,0.5246336204872872,7,30,w,r,
,,9,Main,36,1.3896196000005148,down,1,270,down,0.45448979591836736,0.38,0.6547798999999941,4.602062522124718,2.674762614384652,conf,0.5863547912730633,7,30,w,r,
,,9,Main,37,1.1911379000011948,down,1,270,down,0.45448979591836736,0.56,0.6262758000011672,3.7995145494305893,2.8866125679566204,conf,0.6522878859014667,7,30,w,r,
,,9,Main,38,1.562355000000025,up,1,90,up,0.45448979591836736,0.6,0.9280249000003096,2.5511506741820784,1.6795817125765962,conf,0.29219266925948323,7,30,w,r,
,,9,Main,39,0.801036999999269,up,1,90,up,0.9191836734693878,0.96,1.1248241000012058,4.8630308921942635,1.751379950615013,conf,0.5655233518445462,7,30,w,r,
,,9,Main,40,1.1948028000006161,down,1,270,down,0.45448979591836736,0.56,0.6387484000006225,3.222607609551143,2.5824751713870473,conf,0.3091865887052402,7,30,w,r,
,,9,Main,41,1.2987771999996767,up,1,90,up,0.45448979591836736,0.62,0.7760859000009077,4.073665660493232,2.573080621403946,conf,0.5275760728185899,7,30,w,r,
,,9,Main,42,0.9410573000004661,up,1,90,up,0.9191836734693878,1.0,1.3034408000003168,4.9742657870894735,3.426103991214787,conf,0.5001380457934164,7,30,w,r,
,,9,Main,43,0.9410573000004661,[],0,270,down,0.45448979591836736,None,None,None,2.2077737434032985,None,0.5001380457934164,7,30,w,r,
,,9,Main,44,1.2546124000000418,down,1,270,down,0.45448979591836736,0.24,0.8069683000012446,2.213943264907572,3.99765845458918,conf,0.6585508476799473,7,30,w,r,
,,9,Main,45,0.7700744000012492,down,1,270,down,0.9191836734693878,0.94,0.8880265999996482,3.0484004724115508,2.853799911371124,conf,0.3570590585838849,7,30,w,r,
