thisRow.t,notes,block,Trialtype,withinblocktrial,RTdec,resp,cor,dots direction,cor_resp,coherence,dotlife,SR_conf,RTrating,interval,interTrial.interval,scale,start_conf,subject,age,gender,handedness,
,,1,SC dotlife,0,0.5367166000005454,up,1,90,up,0.3,29,,,,,,,1000,1000,1000,1000,
,,1,SC dotlife,1,0.49015659999986383,up,1,90,up,0.3,25,,,,,,,1000,1000,1000,1000,
,,1,SC dotlife,2,0.3761720999991667,up,1,90,up,0.3,23,,,,,,,1000,1000,1000,1000,
,,1,SC dotlife,3,0.5367645000005723,down,1,270,down,0.3,21,,,,,,,1000,1000,1000,1000,
,,1,SC dotlife,4,0.37223290000019915,down,1,270,down,0.3,19,,,,,,,1000,1000,1000,1000,
,,1,SC dotlife,5,0.4691980000006879,up,1,90,up,0.3,17,,,,,,,1000,1000,1000,1000,
,,1,SC dotlife,6,0.38581190000058996,up,1,90,up,0.3,15,,,,,,,1000,1000,1000,1000,
,,1,SC dotlife,7,0.45344400000067253,up,1,90,up,0.3,13,,,,,,,1000,1000,1000,1000,
,,1,SC dotlife,8,0.48037209999984043,down,1,270,down,0.3,13,,,,,,,1000,1000,1000,1000,
,,1,SC dotlife,9,0.45233380000081524,down,1,270,down,0.3,11,,,,,,,1000,1000,1000,1000,
,,1,SC dotlife,10,0.4677336999993713,up,1,90,up,0.3,11,,,,,,,1000,1000,1000,1000,
,,1,SC dotlife,11,0.46749520000048506,down,1,270,down,0.3,9,,,,,,,1000,1000,1000,1000,
,,1,SC dotlife,12,0.5195637000006172,up,1,90,up,0.3,9,,,,,,,1000,1000,1000,1000,
,,1,SC dotlife,13,0.5531682000000728,down,1,270,down,0.3,9,,,,,,,1000,1000,1000,1000,
,,1,SC dotlife,14,0.4746130000003177,down,1,270,down,0.3,9,,,,,,,1000,1000,1000,1000,
,,1,SC dotlife,15,0.5511028999999326,up,1,90,up,0.3,7,,,,,,,1000,1000,1000,1000,
,,1,SC dotlife,16,0.618669200000113,down,1,270,down,0.3,7,,,,,,,1000,1000,1000,1000,
,,1,SC dotlife,17,0.6188561000008121,down,1,270,down,0.3,7,,,,,,,1000,1000,1000,1000,
,,1,SC dotlife,18,0.5590869999996357,up,1,90,up,0.3,7,,,,,,,1000,1000,1000,1000,
,,1,SC dotlife,19,0.8697737000002235,up,1,90,up,0.3,7,,,,,,,1000,1000,1000,1000,
,,1,SC dotlife,20,0.4853832999997394,up,1,90,up,0.3,7,,,,,,,1000,1000,1000,1000,
,,1,SC dotlife,21,0.6701369999991584,down,1,270,down,0.3,7,,,,,,,1000,1000,1000,1000,
,,1,SC dotlife,22,0.5534090999999535,down,1,270,down,0.3,7,,,,,,,1000,1000,1000,1000,
,,1,SC dotlife,23,0.5356097999992926,up,1,90,up,0.3,7,,,,,,,1000,1000,1000,1000,
,,1,SC dotlife,24,0.4620274999997491,down,1,270,down,0.3,7,,,,,,,1000,1000,1000,1000,
,,1,SC dotlife,25,0.4516309000000547,down,1,270,down,0.3,7,,,,,,,1000,1000,1000,1000,
,,1,SC dotlife,26,0.6345310000006066,up,1,90,up,0.3,7,,,,,,,1000,1000,1000,1000,
,,1,SC dotlife,27,0.42567910000070697,down,1,270,down,0.3,7,,,,,,,1000,1000,1000,1000,
,,1,SC dotlife,28,0.5193084000002273,up,1,90,up,0.3,7,,,,,,,1000,1000,1000,1000,
,,1,SC dotlife,29,0.4033035000002201,down,1,270,down,0.3,7,,,,,,,1000,1000,1000,1000,
,,1,SC dotlife,30,0.48579090000021097,up,1,90,up,0.3,7,,,,,,,1000,1000,1000,1000,
,,1,SC dotlife,31,0.5859621999998126,up,1,90,up,0.3,7,,,,,,,1000,1000,1000,1000,
,,1,SC dotlife,32,0.519624799999292,up,1,90,up,0.3,7,,,,,,,1000,1000,1000,1000,
,,1,SC dotlife,33,0.6359222999999474,down,1,270,down,0.3,7,,,,,,,1000,1000,1000,1000,
,,1,SC dotlife,34,0.5847579999999653,up,1,90,up,0.3,7,,,,,,,1000,1000,1000,1000,
,,1,SC dotlife,35,0.4886169000001246,up,1,90,up,0.3,7,,,,,,,1000,1000,1000,1000,
,,1,SC dotlife,36,0.5190188999995371,down,1,270,down,0.3,5,,,,,,,1000,1000,1000,1000,
,,1,SC dotlife,37,0.5250232999997024,down,1,270,down,0.3,7,,,,,,,1000,1000,1000,1000,
,,1,SC dotlife,38,0.5184223000005659,down,1,270,down,0.3,7,,,,,,,1000,1000,1000,1000,
,,1,SC dotlife,39,0.452502000000095,down,1,270,down,0.3,5,,,,,,,1000,1000,1000,1000,
,,2,SC coherence,0,0.47329609999997047,up,1,90,up,0.3,5.226019351278028,,,,,,,1000,1000,1000,1000,
,,2,SC coherence,1,0.5310888000003615,up,0,270,down,0.0,5.226019351278028,,,,,,,1000,1000,1000,1000,
,,2,SC coherence,2,0.4985560000004625,down,1,270,down,0.2833333333333333,5.226019351278028,,,,,,,1000,1000,1000,1000,
,,2,SC coherence,3,0.6643169999997554,up,1,90,up,0.24166666666666667,5.226019351278028,,,,,,,1000,1000,1000,1000,
,,2,SC coherence,4,0.48257140000077925,up,1,90,up,0.21666666666666667,5.226019351278028,,,,,,,1000,1000,1000,1000,
,,2,SC coherence,5,0.46823869999934686,down,1,270,down,0.18333333333333332,5.226019351278028,,,,,,,1000,1000,1000,1000,
,,2,SC coherence,6,0.4992117000001599,down,1,270,down,0.15833333333333333,5.226019351278028,,,,,,,1000,1000,1000,1000,
,,2,SC coherence,7,0.5940116000001581,down,0,90,up,0.14166666666666666,5.226019351278028,,,,,,,1000,1000,1000,1000,
,,2,SC coherence,8,0.4842437000006612,down,1,270,down,0.25833333333333336,5.226019351278028,,,,,,,1000,1000,1000,1000,
,,2,SC coherence,9,0.4989600999997492,down,1,270,down,0.24166666666666667,5.226019351278028,,,,,,,1000,1000,1000,1000,
,,2,SC coherence,10,0.49933820000023843,down,0,90,up,0.21666666666666667,5.226019351278028,,,,,,,1000,1000,1000,1000,
,,2,SC coherence,11,0.4806490000000849,down,1,270,down,0.31666666666666665,5.226019351278028,,,,,,,1000,1000,1000,1000,
,,2,SC coherence,12,0.49719920000006823,down,1,270,down,0.31666666666666665,5.226019351278028,,,,,,,1000,1000,1000,1000,
,,2,SC coherence,13,0.5011683000002449,down,1,270,down,0.3,5.226019351278028,,,,,,,1000,1000,1000,1000,
,,2,SC coherence,14,0.5981738000000405,up,1,90,up,0.3,5.226019351278028,,,,,,,1000,1000,1000,1000,
,,2,SC coherence,15,0.6162545999995928,down,1,270,down,0.2833333333333333,5.226019351278028,,,,,,,1000,1000,1000,1000,
,,2,SC coherence,16,0.48122330000023794,down,1,270,down,0.2833333333333333,5.226019351278028,,,,,,,1000,1000,1000,1000,
,,2,SC coherence,17,0.6099205999998958,down,1,270,down,0.2833333333333333,5.226019351278028,,,,,,,1000,1000,1000,1000,
,,2,SC coherence,18,0.6584766999994827,down,1,270,down,0.25833333333333336,5.226019351278028,,,,,,,1000,1000,1000,1000,
,,2,SC coherence,19,0.6179025000001275,up,1,90,up,0.25833333333333336,5.226019351278028,,,,,,,1000,1000,1000,1000,
,,2,SC coherence,20,0.5644689999999173,up,1,90,up,0.25833333333333336,5.226019351278028,,,,,,,1000,1000,1000,1000,
,,2,SC coherence,21,0.4818576999996367,up,1,90,up,0.25833333333333336,5.226019351278028,,,,,,,1000,1000,1000,1000,
,,2,SC coherence,22,0.41407170000002225,down,1,270,down,0.24166666666666667,5.226019351278028,,,,,,,1000,1000,1000,1000,
,,2,SC coherence,23,0.5992175000001225,down,1,270,down,0.24166666666666667,5.226019351278028,,,,,,,1000,1000,1000,1000,
,,2,SC coherence,24,0.48308889999952953,up,1,90,up,0.24166666666666667,5.226019351278028,,,,,,,1000,1000,1000,1000,
,,2,SC coherence,25,0.5641574999999648,down,1,270,down,0.24166666666666667,5.226019351278028,,,,,,,1000,1000,1000,1000,
,,2,SC coherence,26,0.5156949000001987,up,1,90,up,0.24166666666666667,5.226019351278028,,,,,,,1000,1000,1000,1000,
,,2,SC coherence,27,0.44748619999973016,up,1,90,up,0.21666666666666667,5.226019351278028,,,,,,,1000,1000,1000,1000,
,,2,SC coherence,28,0.41598870000052557,up,1,90,up,0.21666666666666667,5.226019351278028,,,,,,,1000,1000,1000,1000,
,,2,SC coherence,29,0.4205967999996574,up,0,270,down,0.21666666666666667,5.226019351278028,,,,,,,1000,1000,1000,1000,
,,2,SC coherence,30,0.6976171999995131,up,1,90,up,0.25833333333333336,5.226019351278028,,,,,,,1000,1000,1000,1000,
,,2,SC coherence,31,0.7316773000002286,up,1,90,up,0.25833333333333336,5.226019351278028,,,,,,,1000,1000,1000,1000,
,,2,SC coherence,32,0.4981272999993962,up,1,90,up,0.25833333333333336,5.226019351278028,,,,,,,1000,1000,1000,1000,
,,2,SC coherence,33,0.6657382000003054,down,1,270,down,0.25833333333333336,5.226019351278028,,,,,,,1000,1000,1000,1000,
,,2,SC coherence,34,0.6852615999996488,up,1,90,up,0.25833333333333336,5.226019351278028,,,,,,,1000,1000,1000,1000,
,,2,SC coherence,35,0.4488075999997818,up,1,90,up,0.24166666666666667,5.226019351278028,,,,,,,1000,1000,1000,1000,
,,2,SC coherence,36,0.4491907000001447,up,1,90,up,0.24166666666666667,5.226019351278028,,,,,,,1000,1000,1000,1000,
,,2,SC coherence,37,0.46075549999932264,down,1,270,down,0.24166666666666667,5.226019351278028,,,,,,,1000,1000,1000,1000,
,,2,SC coherence,38,0.4685235000006287,down,1,270,down,0.2,5.226019351278028,,,,,,,1000,1000,1000,1000,
,,2,SC coherence,39,0.6490437000002203,down,1,270,down,0.2,5.226019351278028,,,,,,,1000,1000,1000,1000,
,,2,SC coherence,40,0.5341920000000755,up,1,90,up,0.18333333333333332,5.226019351278028,,,,,,,1000,1000,1000,1000,
,,2,SC coherence,41,0.5841805999998542,down,1,270,down,0.18333333333333332,5.226019351278028,,,,,,,1000,1000,1000,1000,
,,2,SC coherence,42,0.7985465000001568,up,1,90,up,0.18333333333333332,5.226019351278028,,,,,,,1000,1000,1000,1000,
,,2,SC coherence,43,0.5167184000001726,up,1,90,up,0.18333333333333332,5.226019351278028,,,,,,,1000,1000,1000,1000,
,,2,SC coherence,44,0.4479053999993994,down,1,270,down,0.15833333333333333,5.226019351278028,,,,,,,1000,1000,1000,1000,
,,2,SC coherence,45,0.4493578999999954,up,1,90,up,0.15833333333333333,5.226019351278028,,,,,,,1000,1000,1000,1000,
,,2,SC coherence,46,0.39759269999922253,down,1,270,down,0.15833333333333333,5.226019351278028,,,,,,,1000,1000,1000,1000,
,,2,SC coherence,47,0.4262952999997651,up,1,90,up,0.15833333333333333,5.226019351278028,,,,,,,1000,1000,1000,1000,
,,2,SC coherence,48,0.49479080000037357,up,1,90,up,0.15833333333333333,5.226019351278028,,,,,,,1000,1000,1000,1000,
,,2,SC coherence,49,0.4146805000000313,down,1,270,down,0.14166666666666666,5.226019351278028,,,,,,,1000,1000,1000,1000,
,,2,SC coherence,50,0.5648522000001321,down,1,270,down,0.14166666666666666,5.226019351278028,,,,,,,1000,1000,1000,1000,
,,2,SC coherence,51,0.6155751999995118,down,0,90,up,0.14166666666666666,5.226019351278028,,,,,,,1000,1000,1000,1000,
,,2,SC coherence,52,0.9991620999999213,up,1,90,up,0.15833333333333333,5.226019351278028,,,,,,,1000,1000,1000,1000,
,,2,SC coherence,53,0.8156249000003299,up,0,270,down,0.14166666666666666,5.226019351278028,,,,,,,1000,1000,1000,1000,
,,2,SC coherence,54,1.1873917999992045,up,1,90,up,0.15833333333333333,5.226019351278028,,,,,,,1000,1000,1000,1000,
,,2,SC coherence,55,0.8667134999996051,up,1,90,up,0.15833333333333333,5.226019351278028,,,,,,,1000,1000,1000,1000,
,,2,SC coherence,56,0.8162871000004088,up,1,90,up,0.15833333333333333,5.226019351278028,,,,,,,1000,1000,1000,1000,
,,2,SC coherence,57,0.9268898999998783,up,1,90,up,0.14166666666666666,5.226019351278028,,,,,,,1000,1000,1000,1000,
,,2,SC coherence,58,1.0331232999997155,up,0,270,down,0.14166666666666666,5.226019351278028,,,,,,,1000,1000,1000,1000,
,,2,SC coherence,59,0.8095897000002878,down,1,270,down,0.15833333333333333,5.226019351278028,,,,,,,1000,1000,1000,1000,
,,2,SC coherence,60,0.9804438999999547,down,1,270,down,0.15833333333333333,5.226019351278028,,,,,,,1000,1000,1000,1000,
,,2,SC coherence,61,0.6312183999998524,down,1,270,down,0.14166666666666666,5.226019351278028,,,,,,,1000,1000,1000,1000,
,,2,SC coherence,62,0.6651537999996435,down,0,90,up,0.14166666666666666,5.226019351278028,,,,,,,1000,1000,1000,1000,
,,2,SC coherence,63,0.683791200000087,up,1,90,up,0.25833333333333336,5.226019351278028,,,,,,,1000,1000,1000,1000,
,,2,SC coherence,64,0.6698208999996496,down,1,270,down,0.15833333333333333,5.226019351278028,,,,,,,1000,1000,1000,1000,
,,2,SC coherence,65,0.5242266999994172,down,1,270,down,0.15833333333333333,5.226019351278028,,,,,,,1000,1000,1000,1000,
,,2,SC coherence,66,0.9656168999999863,up,1,90,up,0.14166666666666666,5.226019351278028,,,,,,,1000,1000,1000,1000,
,,2,SC coherence,67,0.5321060000005673,up,0,270,down,0.14166666666666666,5.226019351278028,,,,,,,1000,1000,1000,1000,
,,2,SC coherence,68,0.5996726000003036,up,1,90,up,0.24166666666666667,5.226019351278028,,,,,,,1000,1000,1000,1000,
,,2,SC coherence,69,0.7589963999998872,up,1,90,up,0.24166666666666667,5.226019351278028,,,,,,,1000,1000,1000,1000,
,,2,SC coherence,70,0.7999524999995629,up,1,90,up,0.24166666666666667,5.226019351278028,,,,,,,1000,1000,1000,1000,
,,2,SC coherence,71,0.8840346999995745,down,1,270,down,0.15833333333333333,5.226019351278028,,,,,,,1000,1000,1000,1000,
,,2,SC coherence,72,1.4003802000006544,up,1,90,up,0.15833333333333333,5.226019351278028,,,,,,,1000,1000,1000,1000,
,,2,SC coherence,73,1.0668639999994411,up,0,270,down,0.14166666666666666,5.226019351278028,,,,,,,1000,1000,1000,1000,
,,2,SC coherence,74,0.5948017000000618,down,1,270,down,0.24166666666666667,5.226019351278028,,,,,,,1000,1000,1000,1000,
,,2,SC coherence,75,0.5021904000004724,up,1,90,up,0.24166666666666667,5.226019351278028,,,,,,,1000,1000,1000,1000,
,,2,SC coherence,76,0.6991527999998652,down,1,270,down,0.24166666666666667,5.226019351278028,,,,,,,1000,1000,1000,1000,
,,2,SC coherence,77,0.7487493999997241,up,1,90,up,0.24166666666666667,5.226019351278028,,,,,,,1000,1000,1000,1000,
,,2,SC coherence,78,0.6341749999992317,down,1,270,down,0.15833333333333333,5.226019351278028,,,,,,,1000,1000,1000,1000,
,,2,SC coherence,79,1.0358324999997421,down,1,270,down,0.15833333333333333,5.226019351278028,,,,,,,1000,1000,1000,1000,
,,3,Training - scale,0,0.6292081000001417,up,1,90,up,0.30000000000000004,,1,1.2265035999998872,,,,,1000,1000,1000,1000,
,,3,Training - scale,1,0.500441299999693,down,1,270,down,0.2,,0.64,0.7802852999993775,,,,,1000,1000,1000,1000,
,,3,Training - scale,2,0.5511099000004833,up,1,90,up,0.9,,0.99,1.1483537000003707,,,,,1000,1000,1000,1000,
,,3,Training - scale,3,0.8680890999994517,up,1,90,up,0.4,,1,1.2463604000004125,,,,,1000,1000,1000,1000,
,,3,Training - scale,4,0.4672679999994216,down,1,270,down,0.6,,1,1.283693599999424,,,,,1000,1000,1000,1000,
,,3,Training - scale,5,0.5005701000000045,down,1,270,down,0.5,,0.9400000000000001,1.0982877999995253,,,,,1000,1000,1000,1000,
,,3,Training - scale,6,0.4842954000005193,down,1,270,down,0.8,,0.94,1.3477167000000918,,,,,1000,1000,1000,1000,
,,3,Training - scale,7,0.5336970999996993,up,1,90,up,1.0,,0.99,1.249160899999879,,,,,1000,1000,1000,1000,
,,3,Training - scale,8,0.48449299999992945,down,0,90,up,0.1,,0.99,1.2159506999996665,,,,,1000,1000,1000,1000,
,,3,Training - scale,9,0.451675599999362,down,1,270,down,0.7000000000000001,,1,1.1817565000001196,,,,,1000,1000,1000,1000,
,,2,Main,0,1.0881766999991669,up,1,90,up,0.0535757361011939,,0.64,0.9621580000002723,4.526820034093598,3.2231488746186496,conf,0.5,1000,1000,1000,1000,
,,2,Main,1,0.5771682000004148,up,1,90,up,0.1095891782908514,,0.34,1.1137483000002248,3.465184962982216,2.3737985702267994,conf,0.5,1000,1000,1000,1000,
,,2,Main,2,0.7923799999998664,up,1,90,up,0.1669307401720554,,0.64,0.8304803999999422,4.229884746868439,3.566279882835237,conf,0.5,1000,1000,1000,1000,
,,2,Main,3,0.7685818999998446,down,1,270,down,0.25724432084879284,,0.84,1.8475563000001785,2.688291678736946,1.218628137577569,conf,0.5,1000,1000,1000,1000,
,,2,Main,4,0.7806211999995867,up,1,90,up,0.1095891782908514,,1.0,1.2818769000004977,2.716068200273434,1.6611887694146517,conf,0.5,1000,1000,1000,1000,
,,2,Main,5,1.3877346000008401,down,1,270,down,0.14025935742367593,,0.19,1.1042670999995607,4.217348006868837,2.258151781467575,conf,0.5,1000,1000,1000,1000,
,,2,Main,6,0.8248831999999311,up,1,90,up,0.14025935742367593,,0.76,2.0098017999998774,3.0996345464544275,1.8587259016884514,conf,0.5,1000,1000,1000,1000,
,,2,Main,7,1.1238787000002048,up,0,270,down,0.14025935742367593,,0.79,1.2327753999998095,2.5925482833276603,1.6116603282991324,conf,0.5,1000,1000,1000,1000,
,,2,Main,8,0.8543481999995493,up,1,90,up,0.1669307401720554,,0.96,1.1182606000002124,2.3871814255157338,2.653089837330182,conf,0.5,1000,1000,1000,1000,
,,2,Main,9,1.3487945999995645,up,0,270,down,0.1095891782908514,,0.95,2.61544799999956,2.333867051177421,1.97691188683098,conf,0.5,1000,1000,1000,1000,
,,2,Main,10,1.3487945999995645,[],0,270,down,0.1095891782908514,,None,None,None,2.3519571626281257,None,None,1000,1000,1000,1000,
,,2,Main,11,1.8283484000003227,up,1,90,up,0.1669307401720554,,0.53,2.223719699999492,4.056532371105905,2.8018543370877413,conf,0.5,1000,1000,1000,1000,
,,2,Main,12,0.8478297000001476,down,1,270,down,0.14025935742367593,,0.79,2.9196609000000535,4.149139125501213,3.07604029753788,conf,0.5,1000,1000,1000,1000,
,,2,Main,13,0.6587298999993436,down,1,270,down,0.25724432084879284,,1,1.1178032999996503,3.359126107332512,3.2842703027277516,conf,0.5,1000,1000,1000,1000,
,,2,Main,14,0.833280000000741,down,1,270,down,0.14025935742367593,,1,1.3650336000000607,4.937974333879208,3.78062520550005,conf,0.5,1000,1000,1000,1000,
,,2,Main,15,0.8865848000004917,down,1,270,down,0.14025935742367593,,None,None,2.650730330369134,2.42766214440857,conf,0.5,1000,1000,1000,1000,
,,2,Main,16,0.8556391000001895,up,1,90,up,0.1669307401720554,,0.91,1.4282210000001214,4.8298418845689,3.700411115436263,conf,0.5,1000,1000,1000,1000,
,,2,Main,17,0.733962799999972,up,1,90,up,0.0535757361011939,,0.65,0.8598540000002686,2.0240041395839072,3.0885091075198705,conf,0.5,1000,1000,1000,1000,
,,2,Main,18,0.9793818999996802,up,0,270,down,0.1095891782908514,,0.35,0.6663969999999608,4.3639903145706125,1.2525121099005303,conf,0.5,1000,1000,1000,1000,
,,2,Main,19,0.6129575999993904,up,1,90,up,0.14025935742367593,,1,1.3065852999998242,4.842999814690748,2.8120085373250263,conf,0.5,1000,1000,1000,1000,
,,2,Main,20,0.8711458999996466,down,1,270,down,0.1669307401720554,,0.3,1.019541599999684,3.636208904050179,1.9820082502263778,conf,0.5,1000,1000,1000,1000,
,,2,Main,21,0.8711458999996466,[],0,270,down,0.1095891782908514,,None,None,None,1.666999838324886,None,None,1000,1000,1000,1000,
,,2,Main,22,1.0101383999999598,down,1,270,down,0.25724432084879284,,0.82,1.0132777999997415,2.347731104161481,2.6187529304805377,conf,0.5,1000,1000,1000,1000,
,,2,Main,23,1.3979954999995243,up,1,90,up,0.1669307401720554,,0.83,1.056914499999948,4.658646512728124,2.0893417389684688,conf,0.5,1000,1000,1000,1000,
,,2,Main,24,0.6932945999997173,down,1,270,down,0.14025935742367593,,1.0,1.3987061999996513,4.079913847208083,2.269119847065114,conf,0.5,1000,1000,1000,1000,
,,2,Main,25,0.6932945999997173,[],0,270,down,0.0535757361011939,,None,None,None,3.1538426974272653,None,None,1000,1000,1000,1000,
,,2,Main,26,0.9247825000002194,up,1,90,up,0.14025935742367593,,0.62,1.216227899999467,4.060828128613403,2.917409826853393,conf,0.5,1000,1000,1000,1000,
,,2,Main,27,1.6670892000001913,up,0,270,down,0.1669307401720554,,0.5,0.7491848999998183,2.383375966024755,2.071889423451247,conf,0.5,1000,1000,1000,1000,
,,2,Main,28,1.4121775999992678,down,1,270,down,0.1095891782908514,,0.5,0.939934600000015,4.4738363567740755,3.4945774399887903,conf,0.5,1000,1000,1000,1000,
,,2,Main,29,1.4121775999992678,[],0,90,up,0.0535757361011939,,None,None,None,3.2566261181644602,None,None,1000,1000,1000,1000,
,,2,Main,30,0.8412786999997479,up,1,90,up,0.14025935742367593,,0.8,0.7973641999997199,4.0461454721142,3.547889987949422,conf,0.5,1000,1000,1000,1000,
,,2,Main,31,0.7037500000005821,up,1,90,up,0.25724432084879284,,1.0,1.3640209000004688,2.8904747468807717,2.291132031530395,conf,0.5,1000,1000,1000,1000,
,,2,Main,32,1.2586933000002318,down,1,270,down,0.1095891782908514,,0.64,0.7549496999999974,2.5532403649989055,1.1511745566847769,conf,0.5,1000,1000,1000,1000,
,,2,Main,33,1.3141609000003882,up,1,90,up,0.14025935742367593,,0.76,0.9106000000001586,2.470103653514809,2.0722392371330782,conf,0.5,1000,1000,1000,1000,
,,2,Main,34,1.044522500000312,up,1,90,up,0.14025935742367593,,0.79,2.575557899999694,2.6537672769412306,3.7916139844613097,conf,0.5,1000,1000,1000,1000,
,,2,Main,35,0.975557700000536,up,1,90,up,0.1669307401720554,,1.0,1.414910499999678,2.6453080943422385,1.986941091648575,conf,0.5,1000,1000,1000,1000,
,,2,Main,36,0.975557700000536,[],0,270,down,0.1095891782908514,,None,None,None,3.9131966191601064,None,None,1000,1000,1000,1000,
,,2,Main,37,1.6861679999992703,down,1,270,down,0.1669307401720554,,None,None,4.978167293142497,3.266145775390388,conf,0.5,1000,1000,1000,1000,
,,2,Main,38,1.2689896000001681,up,1,90,up,0.14025935742367593,,0.86,1.0479405999994924,3.622136442474683,2.8557009846612518,conf,0.5,1000,1000,1000,1000,
,,2,Main,39,1.6445639000003212,up,0,270,down,0.1095891782908514,,0.84,2.0861042999995334,4.193924189044655,1.3307924222661422,conf,0.5,1000,1000,1000,1000,
,,2,Main,40,0.8175019999998767,up,1,90,up,0.1669307401720554,,None,None,2.540410479610193,2.791300986390016,conf,0.5,1000,1000,1000,1000,
,,2,Main,41,1.0745368999996572,up,0,270,down,0.0535757361011939,,0.91,2.033805599999141,3.0578440045352977,2.0933214724153486,conf,0.5,1000,1000,1000,1000,
,,2,Main,42,0.9061638000002858,up,1,90,up,0.14025935742367593,,0.98,1.195076799999697,2.728475969064602,1.259481970969675,conf,0.5,1000,1000,1000,1000,
,,2,Main,43,1.2230962000003274,up,0,270,down,0.14025935742367593,,0.77,1.4830364999997983,2.0912679893632644,1.9279989328521432,conf,0.5,1000,1000,1000,1000,
,,2,Main,44,0.6212734000000637,down,1,270,down,0.25724432084879284,,0.63,1.0882890999992014,4.769818097344879,3.7473630130165034,conf,0.5,1000,1000,1000,1000,
,,2,Main,45,0.8203890000004321,up,1,90,up,0.1095891782908514,,0.69,0.7603036000000429,3.595015196451831,1.9859927312470056,conf,0.5,1000,1000,1000,1000,
,,2,Main,46,1.0625439999994342,up,1,90,up,0.1669307401720554,,1,1.250751499999751,2.012169264206624,3.0053459888950633,conf,0.5,1000,1000,1000,1000,
,,2,Main,47,1.0463294000001042,up,1,90,up,0.1669307401720554,,0.96,1.7502874000001611,2.330249869420988,3.1058957507989566,conf,0.5,1000,1000,1000,1000,
,,2,Main,48,0.844282099999873,down,1,270,down,0.25724432084879284,,0.69,0.7021097999995618,4.343887061962275,1.8339126625418811,conf,0.5,1000,1000,1000,1000,
,,2,Main,49,1.1665726999999606,down,1,270,down,0.14025935742367593,,0.66,0.7950117999998838,2.673034631909474,2.055974127888953,conf,0.5,1000,1000,1000,1000,
,,2,Main,50,1.1665726999999606,[],0,90,up,0.14025935742367593,,None,None,None,3.3300282377542634,None,None,1000,1000,1000,1000,
,,2,Main,51,0.9673141000002943,up,1,90,up,0.14025935742367593,,0.9,1.2378323000002638,3.631117338092409,2.0468480952297434,conf,0.5,1000,1000,1000,1000,
,,2,Main,52,0.7692551000000094,down,1,270,down,0.0535757361011939,,1,1.2034057999999277,2.700626583515336,3.6619855200381095,conf,0.5,1000,1000,1000,1000,
,,2,Main,53,1.7052995999993072,up,1,90,up,0.1095891782908514,,0.9,0.9896680000001652,3.6994060728218017,2.32463434588945,conf,0.5,1000,1000,1000,1000,
,,3,Main,0,0.6825632000000041,up,1,90,up,0.1669307401720554,,1,1.407185799999752,4.8287263376954375,2.8308622399029515,conf,0.5,1000,1000,1000,1000,
,,3,Main,1,1.1040885000002163,up,0,270,down,0.0535757361011939,,0.63,0.8912663000000975,2.6471371174003027,1.4318682838875718,conf,0.5,1000,1000,1000,1000,
,,3,Main,2,0.8672034999999596,up,1,90,up,0.14025935742367593,,1,0.9023590000006152,4.616181217887388,3.3216826726761477,conf,0.5,1000,1000,1000,1000,
,,3,Main,3,0.963801599999897,up,0,270,down,0.1669307401720554,,0.3,0.8069998000000851,2.040154923713793,2.330606560531194,conf,0.5,1000,1000,1000,1000,
,,3,Main,4,0.7023042000000714,up,1,90,up,0.25724432084879284,,0.77,2.093078400000195,4.845463403270144,2.7420636549285593,conf,0.5,1000,1000,1000,1000,
,,3,Main,5,0.7738071000003401,down,1,270,down,0.14025935742367593,,0.7,1.323415699999714,4.6365946039016555,2.4993637789239656,conf,0.5,1000,1000,1000,1000,
,,3,Main,6,1.2168573999997534,down,1,270,down,0.1095891782908514,,0.79,1.5094035000001895,3.509043574821177,2.707183714290298,conf,0.5,1000,1000,1000,1000,
,,3,Main,7,0.7931926999999632,up,1,90,up,0.1095891782908514,,0.91,2.2773299999998926,4.069335658166718,1.9171400978376356,conf,0.5,1000,1000,1000,1000,
,,3,Main,8,1.1319359999997687,down,1,270,down,0.14025935742367593,,0.87,1.126825700000154,3.055545088499939,2.3358507658489187,conf,0.5,1000,1000,1000,1000,
,,3,Main,9,1.5145504000001893,up,0,270,down,0.14025935742367593,,1.0,1.9973911999995835,2.1009059640028114,1.823432074316985,conf,0.5,1000,1000,1000,1000,
,,3,Main,10,1.2427946999996493,down,1,270,down,0.14025935742367593,,0.61,0.7253276999999798,3.4840080976745265,2.437442919570067,conf,0.5,1000,1000,1000,1000,
,,3,Main,11,0.862304000000222,down,1,270,down,0.1095891782908514,,0.62,2.1863626000003933,4.94550869211503,3.974475941308261,conf,0.5,1000,1000,1000,1000,
,,3,Main,12,1.0599149000008765,up,1,90,up,0.1669307401720554,,0.75,0.7361940999999206,3.0248754799463153,1.8339677635826919,conf,0.5,1000,1000,1000,1000,
,,3,Main,13,1.917033900000206,up,0,270,down,0.14025935742367593,,0.42,1.1395169000006717,2.4103393211124686,2.2295270308696713,conf,0.5,1000,1000,1000,1000,
,,3,Main,14,0.5861770000001343,up,1,90,up,0.25724432084879284,,1,1.3009750999999596,2.4535057286423654,3.167075290297534,conf,0.5,1000,1000,1000,1000,
,,3,Main,15,1.1502080999998725,up,1,90,up,0.0535757361011939,,0.83,0.93946539999979,3.5276563299246035,1.1373437395642036,conf,0.5,1000,1000,1000,1000,
,,3,Main,16,0.7451419999997597,up,1,90,up,0.1669307401720554,,0.86,0.9978998999995383,2.798534889827562,2.15180256772212,conf,0.5,1000,1000,1000,1000,
,,3,Main,17,0.5823608000000604,up,1,90,up,0.1095891782908514,,0.85,0.9451757999995607,4.5050697813806275,1.6977998352688606,conf,0.5,1000,1000,1000,1000,
,,3,Main,18,0.9011654999994789,up,0,270,down,0.1095891782908514,,0.9,1.1759529999999359,3.175951374924536,2.02201642504876,conf,0.5,1000,1000,1000,1000,
,,3,Main,19,0.7438313000002381,up,1,90,up,0.14025935742367593,,1,1.2606746999999814,2.850918791809791,1.562406070376201,conf,0.5,1000,1000,1000,1000,
,,3,Main,20,0.8203662000005352,down,1,270,down,0.14025935742367593,,0.7,2.677145399999972,4.46285133107871,3.646278426623445,conf,0.5,1000,1000,1000,1000,
,,3,Main,21,0.9870991999996477,down,0,90,up,0.1669307401720554,,0.23,1.0443640000003143,4.962232813486532,3.307914683847269,conf,0.5,1000,1000,1000,1000,
,,3,Main,22,1.3274236999995992,up,1,90,up,0.0535757361011939,,0.86,1.1496368999996776,3.51149782221294,2.1985855403887995,conf,0.5,1000,1000,1000,1000,
,,3,Main,23,0.6178497999999308,down,1,270,down,0.25724432084879284,,1,1.3496472999995603,3.219689354830467,2.300655448638297,conf,0.5,1000,1000,1000,1000,
,,3,Main,24,0.6655168000006597,up,1,90,up,0.1669307401720554,,0.88,1.3386201999992409,2.2945051094750184,2.4665018598974053,conf,0.5,1000,1000,1000,1000,
,,3,Main,25,0.8820366999998441,down,1,270,down,0.14025935742367593,,0.99,2.153576100000464,4.881937153975615,2.7015901180660014,conf,0.5,1000,1000,1000,1000,
,,3,Main,26,1.0986781999999948,down,1,270,down,0.1095891782908514,,0.86,1.9026741999996375,4.748803105619006,3.1535645878785545,conf,0.5,1000,1000,1000,1000,
,,3,Main,27,1.2323938999998063,up,1,90,up,0.1669307401720554,,0.89,1.094932200000585,2.337635047818773,2.7996392374641097,conf,0.5,1000,1000,1000,1000,
,,3,Main,28,0.8161961000005249,down,1,270,down,0.1669307401720554,,1.0,1.2580275000000256,2.6923272095831354,1.1864856533748647,conf,0.5,1000,1000,1000,1000,
,,3,Main,29,0.8971234999999069,down,1,270,down,0.1095891782908514,,0.92,1.061199700000543,4.454726154819137,2.5321079800821678,conf,0.5,1000,1000,1000,1000,
,,3,Main,30,0.984509099999741,up,1,90,up,0.14025935742367593,,1.0,1.2478253000008408,2.5706371647289283,1.1637979354846264,conf,0.5,1000,1000,1000,1000,
,,3,Main,31,0.7189291000004232,up,1,90,up,0.25724432084879284,,1,1.2736580999999205,3.8473388848095498,2.0754270501601457,conf,0.5,1000,1000,1000,1000,
,,3,Main,32,1.3753789000002143,up,1,90,up,0.0535757361011939,,0.78,0.9850406999994448,4.05847314526094,3.1228015516973398,conf,0.5,1000,1000,1000,1000,
,,3,Main,33,0.7615120000000388,up,1,90,up,0.14025935742367593,,1,0.8450157999996009,3.18428630192292,1.858625634299325,conf,0.5,1000,1000,1000,1000,
,,3,Main,34,0.673856500000511,down,1,270,down,0.14025935742367593,,0.31,0.7422700999995868,2.6481945020507793,2.063331630249908,conf,0.5,1000,1000,1000,1000,
,,3,Main,35,0.752813199999764,down,1,270,down,0.1095891782908514,,1,1.3170522999998866,3.1707922060495815,1.4999099725363776,conf,0.5,1000,1000,1000,1000,
,,3,Main,36,1.2165980999998283,up,1,90,up,0.1095891782908514,,0.89,1.052225799999178,4.1167565856048,3.352674047849269,conf,0.5,1000,1000,1000,1000,
,,3,Main,37,1.0646575999999186,down,1,270,down,0.0535757361011939,,1.0,1.6846026999992318,4.6486361243992524,1.9743715147157532,conf,0.5,1000,1000,1000,1000,
,,3,Main,38,1.3607597999998688,up,1,90,up,0.1669307401720554,,0.83,2.9292689999992945,3.3340183408515167,2.3383655462419064,conf,0.5,1000,1000,1000,1000,
,,3,Main,39,1.0106777999999395,up,1,90,up,0.1669307401720554,,0.99,0.8497685000002093,4.696409158099703,3.197759713254314,conf,0.5,1000,1000,1000,1000,
,,3,Main,40,1.2037491999999475,up,1,90,up,0.1095891782908514,,1,1.2947293999995964,3.393847113414124,2.165330650188921,conf,0.5,1000,1000,1000,1000,
,,3,Main,41,0.8847547000004852,down,1,270,down,0.25724432084879284,,0.83,1.1433829999996306,4.293925358796719,3.2325819089181054,conf,0.5,1000,1000,1000,1000,
,,3,Main,42,0.7202414000003046,down,1,270,down,0.14025935742367593,,0.83,0.8980659000008018,4.90743950596865,1.6271739230367381,conf,0.5,1000,1000,1000,1000,
,,3,Main,43,1.0716298000006645,down,1,270,down,0.14025935742367593,,0.85,1.0325280999995812,4.724609872658661,2.8101595770577688,conf,0.5,1000,1000,1000,1000,
,,3,Main,44,0.9918054999998276,up,1,90,up,0.14025935742367593,,0.66,0.6762318999999479,3.933435482125962,2.5472648702843754,conf,0.5,1000,1000,1000,1000,
,,3,Main,45,0.6018753999996989,down,1,270,down,0.1669307401720554,,0.72,2.2131200000003446,3.591710952663741,3.165492125851555,conf,0.5,1000,1000,1000,1000,
,,3,Main,46,0.9185851000002003,down,0,90,up,0.0535757361011939,,0.73,1.4828322999992452,4.605754422008978,2.449337538625927,conf,0.5,1000,1000,1000,1000,
,,3,Main,47,0.733447999999953,down,0,90,up,0.14025935742367593,,1,1.130481499999405,3.5705173435992426,1.7045551635886103,conf,0.5,1000,1000,1000,1000,
,,3,Main,48,0.9447691000004852,up,1,90,up,0.14025935742367593,,0.59,0.8158195000005435,2.3284722865095517,2.524778367180386,conf,0.5,1000,1000,1000,1000,
,,3,Main,49,0.692076199999974,up,1,90,up,0.14025935742367593,,1,1.2447942999997395,3.7330924064282827,1.3001814197799482,conf,0.5,1000,1000,1000,1000,
,,3,Main,50,0.5825918000000456,down,1,270,down,0.25724432084879284,,0.93,1.0935474999996586,4.074071767723294,2.8164398838507494,conf,0.5,1000,1000,1000,1000,
,,3,Main,51,1.4840889000006428,down,1,270,down,0.1095891782908514,,0.53,1.344125300000087,3.4409064312859847,2.43231349157216,conf,0.5,1000,1000,1000,1000,
,,3,Main,52,0.7179122999996252,down,1,270,down,0.1669307401720554,,0.94,1.995263700000578,3.9754669151405264,2.258518574716064,conf,0.5,1000,1000,1000,1000,
,,3,Main,53,0.7084603999992396,down,1,270,down,0.1095891782908514,,0.78,2.233728300000621,2.859563076459673,2.467664077436026,conf,0.5,1000,1000,1000,1000,
,,4,Main,0,0.7703913000004832,up,1,90,up,0.1669307401720554,,1,1.1905839999999444,4.364767414492956,2.9078188249864976,conf,0.5,1000,1000,1000,1000,
,,4,Main,1,1.3107904999997118,down,1,270,down,0.1095891782908514,,0.79,0.8306022000006124,4.131927811291219,3.720482133202936,conf,0.5,1000,1000,1000,1000,
,,4,Main,2,0.6292601000004652,down,1,270,down,0.25724432084879284,,0.92,1.09078320000026,2.790157223851969,1.8698721918855759,conf,0.5,1000,1000,1000,1000,
,,4,Main,3,1.346549399999276,up,0,270,down,0.1095891782908514,,0.79,1.5545346999997491,3.442905932900825,3.264711505793436,conf,0.5,1000,1000,1000,1000,
,,4,Main,4,1.5856681000004755,up,1,90,up,0.14025935742367593,,0.61,0.9152099000002636,3.1037367667361297,1.808941208630495,conf,0.5,1000,1000,1000,1000,
,,4,Main,5,1.3422674000003099,up,1,90,up,0.1669307401720554,,0.71,0.7371714999999313,4.489805902985941,3.8883484522946983,conf,0.5,1000,1000,1000,1000,
,,4,Main,6,1.381009599999743,up,1,90,up,0.14025935742367593,,0.83,0.9692555000001448,3.0629506582671064,2.1843805077057064,conf,0.5,1000,1000,1000,1000,
,,4,Main,7,1.1662252000005537,up,0,270,down,0.0535757361011939,,1,1.2389455000002272,2.7442662693314235,1.291360747261494,conf,0.5,1000,1000,1000,1000,
,,4,Main,8,0.8740000999996482,up,1,90,up,0.14025935742367593,,1,1.2276026999998066,3.832407485743299,2.234492843396056,conf,0.5,1000,1000,1000,1000,
,,4,Main,9,1.4664364000000205,up,0,270,down,0.0535757361011939,,0.79,0.8999957999994876,4.633723349262571,3.085195107370673,conf,0.5,1000,1000,1000,1000,
,,4,Main,10,1.0504114999994272,up,1,90,up,0.14025935742367593,,1,1.0968592999997782,2.4705347578927466,2.686231517355629,conf,0.5,1000,1000,1000,1000,
,,4,Main,11,0.6983253999997032,down,1,270,down,0.14025935742367593,,1,1.217686599999979,4.849276146777807,2.1861500100669913,conf,0.5,1000,1000,1000,1000,
,,4,Main,12,1.231340199999977,down,1,270,down,0.1095891782908514,,1,1.398084800000106,2.417867601063017,1.1470502839390482,conf,0.5,1000,1000,1000,1000,
,,4,Main,13,0.9681771000005028,up,1,90,up,0.14025935742367593,,1.0,2.478934400000071,3.8423501898285326,3.9621970047639037,conf,0.5,1000,1000,1000,1000,
,,4,Main,14,0.8060531999999512,up,1,90,up,0.1669307401720554,,1,1.201166299999386,4.906367202001226,2.7842148241137252,conf,0.5,1000,1000,1000,1000,
,,4,Main,15,1.1330858000001172,down,1,270,down,0.1669307401720554,,0.71,2.5733143999996173,3.8129284286303804,2.837451449819222,conf,0.5,1000,1000,1000,1000,
,,4,Main,16,0.8135486000001038,down,1,270,down,0.25724432084879284,,1.0,1.3897264999995969,4.758916066902271,3.8950072168582484,conf,0.5,1000,1000,1000,1000,
,,4,Main,17,0.9576133000000482,up,1,90,up,0.1095891782908514,,0.84,1.6691412999998647,4.022769361858549,3.6201800687462713,conf,0.5,1000,1000,1000,1000,
,,4,Main,18,0.9629992000000129,down,1,270,down,0.1669307401720554,,0.91,2.039553099999466,2.3080738967677656,1.743043516808839,conf,0.5,1000,1000,1000,1000,
,,4,Main,19,0.8226922000003469,down,1,270,down,0.14025935742367593,,0.66,1.0961371000003055,3.0609536905407615,1.4877294776239431,conf,0.5,1000,1000,1000,1000,
,,4,Main,20,0.9115550999995321,up,1,90,up,0.25724432084879284,,1,1.4245094999996581,2.320964621489871,3.1355395239343826,conf,0.5,1000,1000,1000,1000,
,,4,Main,21,1.1986013999994611,up,0,270,down,0.1095891782908514,,1,0.8837878999993336,3.5647439397056377,1.4595821671955922,conf,0.5,1000,1000,1000,1000,
,,4,Main,22,1.8724433999996108,down,1,270,down,0.14025935742367593,,1,1.3412854999996853,2.998225353920241,2.179931046101341,conf,0.5,1000,1000,1000,1000,
,,4,Main,23,1.8724433999996108,[],0,270,down,0.0535757361011939,,None,None,None,3.197436735333364,None,None,1000,1000,1000,1000,
,,4,Main,24,0.8156946999997672,up,1,90,up,0.1095891782908514,,1.0,2.753150900000037,4.499297965595421,3.883273881414799,conf,0.5,1000,1000,1000,1000,
,,4,Main,25,1.653152100000625,down,1,270,down,0.1669307401720554,,0.94,2.493432300000677,2.661141840048347,3.8353611770847733,conf,0.5,1000,1000,1000,1000,
,,4,Main,26,1.1487858999998934,up,1,90,up,0.14025935742367593,,1.0,2.055972699999984,4.094916984711927,2.3985096857788406,conf,0.5,1000,1000,1000,1000,
,,4,Main,27,1.734670499999993,up,0,270,down,0.0535757361011939,,0.6,0.717774499999905,3.4670819507327724,2.680925450861551,conf,0.5,1000,1000,1000,1000,
,,4,Main,28,1.2872182999999495,up,1,90,up,0.1669307401720554,,0.88,1.1216072999995959,2.8491391457729547,2.6214823703381493,conf,0.5,1000,1000,1000,1000,
,,4,Main,29,1.2872182999999495,[],0,270,down,0.14025935742367593,,None,None,None,3.4009635669387825,None,None,1000,1000,1000,1000,
,,4,Main,30,0.8629026999997222,up,1,90,up,0.1095891782908514,,0.67,0.7030267000000094,4.6457851636299505,1.9714073927809694,conf,0.5,1000,1000,1000,1000,
,,4,Main,31,0.8110716000001048,up,1,90,up,0.14025935742367593,,0.81,0.9151945000003252,2.64674624971619,2.0419081643025234,conf,0.5,1000,1000,1000,1000,
,,4,Main,32,1.6420852999999624,up,0,270,down,0.1095891782908514,,0.27,1.068444699999418,2.005761112408087,2.647087629265856,conf,0.5,1000,1000,1000,1000,
,,4,Main,33,0.7363970000005793,up,1,90,up,0.1669307401720554,,0.92,1.0314386999998533,4.991317602540947,2.8842331178856346,conf,0.5,1000,1000,1000,1000,
,,4,Main,34,0.7156769000002896,up,1,90,up,0.14025935742367593,,1.0,0.850939400000243,4.699468255338566,1.1394088244617127,conf,0.5,1000,1000,1000,1000,
,,4,Main,35,1.1768193999996583,up,1,90,up,0.25724432084879284,,0.94,1.1799126000005344,4.032607065767232,3.1811418404251115,conf,0.5,1000,1000,1000,1000,
,,4,Main,36,0.7368758999991769,up,1,90,up,0.25724432084879284,,1,0.883779400000094,4.5385553819153195,1.3503783228205002,conf,0.5,1000,1000,1000,1000,
,,4,Main,37,1.5990190000002258,up,0,270,down,0.0535757361011939,,0.65,0.7557907999998861,2.208261996049533,1.8949948144873554,conf,0.5,1000,1000,1000,1000,
,,4,Main,38,0.6203593999998702,up,0,270,down,0.14025935742367593,,0.36,0.6017873000000691,4.354641286859496,3.28003306909674,conf,0.5,1000,1000,1000,1000,
,,4,Main,39,0.7709992999998576,up,1,90,up,0.14025935742367593,,1.0,0.887238499999512,4.452564024614931,2.7484673908931487,conf,0.5,1000,1000,1000,1000,
,,4,Main,40,0.9343214000000444,up,1,90,up,0.14025935742367593,,1,1.2056775000000926,4.480754845834875,2.7120618466649318,conf,0.5,1000,1000,1000,1000,
,,4,Main,41,1.1881837999999334,up,0,270,down,0.1095891782908514,,0.62,0.6395914000004268,4.083294888974097,3.242400574678859,conf,0.5,1000,1000,1000,1000,
,,4,Main,42,0.9571177999996507,down,1,270,down,0.1669307401720554,,0.69,2.2368956000000253,3.472565541223714,2.6232619719957913,conf,0.5,1000,1000,1000,1000,
,,4,Main,43,0.7933685000007245,up,0,270,down,0.1669307401720554,,0.35,0.6086035999996966,3.16876129907084,2.4384702813010817,conf,0.5,1000,1000,1000,1000,
,,4,Main,44,1.0957967000003919,up,1,90,up,0.1095891782908514,,0.71,2.359059399999751,4.523222714976924,1.8052351215923244,conf,0.5,1000,1000,1000,1000,
,,4,Main,45,1.127356800000598,up,1,90,up,0.1095891782908514,,0.82,2.307514500000252,4.989791124364191,2.6491419026352223,conf,0.5,1000,1000,1000,1000,
,,4,Main,46,0.7006609999998545,up,1,90,up,0.14025935742367593,,0.89,1.259658599999966,2.492108257078688,2.6056861942879985,conf,0.5,1000,1000,1000,1000,
,,4,Main,47,1.1106924000005165,down,1,270,down,0.0535757361011939,,0.27,1.5489400999995269,2.2131833495544653,3.8068120892405104,conf,0.5,1000,1000,1000,1000,
,,4,Main,48,1.0610108999999284,up,0,270,down,0.1095891782908514,,0.81,1.7892094999997425,4.890854906431846,2.6858261823792517,conf,0.5,1000,1000,1000,1000,
,,4,Main,49,1.4152066000006016,up,1,90,up,0.14025935742367593,,1,1.3156784000002517,4.652158551278874,2.549645709500632,conf,0.5,1000,1000,1000,1000,
,,4,Main,50,0.7674870000000737,down,1,270,down,0.1669307401720554,,1.0,1.8784212999999,3.240421329962352,3.5618696106718346,conf,0.5,1000,1000,1000,1000,
,,4,Main,51,1.1896009000001868,up,1,90,up,0.1669307401720554,,1.0,2.1766325999997207,2.2471920179644154,2.1496414081343658,conf,0.5,1000,1000,1000,1000,
,,4,Main,52,0.8320087000001877,up,1,90,up,0.14025935742367593,,0.67,2.3746055000001434,3.659542929057077,1.7751690016978698,conf,0.5,1000,1000,1000,1000,
,,4,Main,53,0.8580714999998236,down,1,270,down,0.25724432084879284,,1,1.0232546999995975,4.504017271233284,3.0440055446640972,conf,0.5,1000,1000,1000,1000,
,,5,Main,0,0.8368196000001262,up,1,90,up,0.1669307401720554,,1.0,1.9331270000002405,3.038178370021775,1.5237671026184516,conf,0.5,1000,1000,1000,1000,
,,5,Main,1,1.2254747999995743,up,0,270,down,0.14025935742367593,,0.22,0.7739166999999725,4.6873301642905565,2.1829769946199633,conf,0.5,1000,1000,1000,1000,
,,5,Main,2,0.6671229999992647,up,1,90,up,0.1095891782908514,,1,0.9847251999999571,4.852231545304569,2.0035303129745574,conf,0.5,1000,1000,1000,1000,
,,5,Main,3,0.7473152000002301,down,1,270,down,0.14025935742367593,,0.38,0.6230361000007179,3.4759940470432906,1.208538299732988,conf,0.5,1000,1000,1000,1000,
,,5,Main,4,0.7408664000004137,up,1,90,up,0.25724432084879284,,1.0,1.0005448000001707,4.3563152909654,3.4027425700455405,conf,0.5,1000,1000,1000,1000,
,,5,Main,5,1.6321437000005972,up,1,90,up,0.0535757361011939,,0.67,0.7552537000001394,3.47743556476649,3.892789985425731,conf,0.5,1000,1000,1000,1000,
,,5,Main,6,1.7271034000004875,up,0,270,down,0.1095891782908514,,0.59,0.6491870999998355,3.960808972386667,1.5489563872585603,conf,0.5,1000,1000,1000,1000,
,,5,Main,7,1.7271034000004875,[],0,270,down,0.14025935742367593,,None,None,None,2.7536674476583065,None,None,1000,1000,1000,1000,
,,5,Main,8,1.193052899999202,down,1,270,down,0.1669307401720554,,1,1.0101156999999148,3.734190170614595,3.62730928026969,conf,0.5,1000,1000,1000,1000,
,,5,Main,9,0.6907376999997723,down,1,270,down,0.1095891782908514,,1.0,1.0440585999995164,4.248767383159821,2.29933325268539,conf,0.5,1000,1000,1000,1000,
,,5,Main,10,1.2341833999998926,down,0,90,up,0.0535757361011939,,0.28,0.6767922999997609,3.675496551711499,2.750578262163408,conf,0.5,1000,1000,1000,1000,
,,5,Main,11,0.7343702999996822,up,1,90,up,0.1669307401720554,,0.75,2.3794841999997516,2.1386541248598725,2.4903752765948735,conf,0.5,1000,1000,1000,1000,
,,5,Main,12,0.7343702999996822,[],0,90,up,0.25724432084879284,,None,None,None,3.2089790041031128,None,None,1000,1000,1000,1000,
,,5,Main,13,1.3704312999998365,up,1,90,up,0.14025935742367593,,0.72,1.641073900000265,2.5475391620004113,2.0111022895098003,conf,0.5,1000,1000,1000,1000,
,,5,Main,14,0.7063227999997252,down,1,270,down,0.1095891782908514,,0.67,0.6538635000006252,3.937089971448223,2.664110592596429,conf,0.5,1000,1000,1000,1000,
,,5,Main,15,0.6351176999996824,up,1,90,up,0.1669307401720554,,1.0,0.9987252000000808,2.8376944089173586,3.2031640696915478,conf,0.5,1000,1000,1000,1000,
,,5,Main,16,0.9641330000004018,down,1,270,down,0.14025935742367593,,1,1.1951971999997113,2.86967482975382,3.59923345467893,conf,0.5,1000,1000,1000,1000,
,,5,Main,17,1.4002358999996432,down,1,270,down,0.14025935742367593,,0.67,1.4337242000001424,3.569852527386838,2.2787484641329323,conf,0.5,1000,1000,1000,1000,
,,5,Main,18,1.4002358999996432,[],0,90,up,0.0535757361011939,,None,None,None,1.844307831242603,None,None,1000,1000,1000,1000,
,,5,Main,19,0.9675025000005917,up,1,90,up,0.1669307401720554,,1,0.9362343999991936,3.916721883512981,1.895570448030072,conf,0.5,1000,1000,1000,1000,
,,5,Main,20,1.0215729999999894,down,1,270,down,0.1669307401720554,,0.83,1.8201662999999826,2.0355980680018906,1.6387763011943566,conf,0.5,1000,1000,1000,1000,
,,5,Main,21,0.558927500000209,up,1,90,up,0.14025935742367593,,0.97,1.3298563000007562,3.281439613606196,2.912272075341822,conf,0.5,1000,1000,1000,1000,
,,5,Main,22,0.7376924999998664,down,1,270,down,0.14025935742367593,,0.71,1.1789688000008027,4.4107781925616205,1.4992142354089704,conf,0.5,1000,1000,1000,1000,
,,5,Main,23,1.567403099999865,down,1,270,down,0.25724432084879284,,0.78,2.6502135000000635,2.8852226641649876,3.8956373650090867,conf,0.5,1000,1000,1000,1000,
,,5,Main,24,0.9052074999999604,up,1,90,up,0.14025935742367593,,0.88,1.6142540999999255,2.658374402074292,3.244122566073772,conf,0.5,1000,1000,1000,1000,
,,5,Main,25,0.7231296999998449,up,1,90,up,0.1095891782908514,,1,1.297591100000318,4.661412816016691,1.2486835083561658,conf,0.5,1000,1000,1000,1000,
,,5,Main,26,1.0340644999996584,up,1,90,up,0.1095891782908514,,0.89,2.473752599999898,3.5634863317013625,2.332615013469474,conf,0.5,1000,1000,1000,1000,
,,5,Main,27,0.6501893000004202,down,1,270,down,0.14025935742367593,,1,1.2681708000000071,3.0328537090445167,2.7978726432437484,conf,0.5,1000,1000,1000,1000,
,,5,Main,28,1.4712056999997003,down,1,270,down,0.1669307401720554,,1.0,1.9860373000001346,3.0532464041083793,2.668327659620961,conf,0.5,1000,1000,1000,1000,
,,5,Main,29,1.5328959999997096,up,0,270,down,0.1669307401720554,,0.86,2.2878594999992856,3.5125722426712325,3.2079327335896943,conf,0.5,1000,1000,1000,1000,
,,5,Main,30,1.226983399999881,down,1,270,down,0.0535757361011939,,1,0.9183524999998554,4.193275617853472,2.9639396657239323,conf,0.5,1000,1000,1000,1000,
,,5,Main,31,0.8030278000005637,up,1,90,up,0.14025935742367593,,1,1.0652057999996032,2.355130460127353,2.0278626006812677,conf,0.5,1000,1000,1000,1000,
,,5,Main,32,0.7724742000000333,up,1,90,up,0.25724432084879284,,1,1.0024021999997785,3.554035913246874,3.9414055445468836,conf,0.5,1000,1000,1000,1000,
,,5,Main,33,1.1098254999997152,down,1,270,down,0.1095891782908514,,1,1.268412100000205,4.843737023170344,2.2063588439670565,conf,0.5,1000,1000,1000,1000,
,,5,Main,34,1.393122299999959,up,1,90,up,0.14025935742367593,,1.0,1.4191746000005878,3.8749827407978943,3.834522191920106,conf,0.5,1000,1000,1000,1000,
,,5,Main,35,1.2185135999998238,down,1,270,down,0.1095891782908514,,1,1.2461793000002217,2.4735279163741004,2.363750578989458,conf,0.5,1000,1000,1000,1000,
,,5,Main,36,1.2374313999998776,up,1,90,up,0.14025935742367593,,1,0.9599583999997776,4.712562209447613,2.294490342804458,conf,0.5,1000,1000,1000,1000,
,,5,Main,37,0.8048673000002964,up,1,90,up,0.14025935742367593,,1,1.18920049999997,4.568207457810626,2.017690986307824,conf,0.5,1000,1000,1000,1000,
,,5,Main,38,1.6668545000002268,down,1,270,down,0.14025935742367593,,0.64,1.0183412999995198,4.349857652384855,3.468137725423456,conf,0.5,1000,1000,1000,1000,
,,5,Main,39,1.0816851999998107,down,1,270,down,0.25724432084879284,,1,0.9265472999995836,3.7728281218108988,2.8282551324785876,conf,0.5,1000,1000,1000,1000,
,,5,Main,40,1.2553057999994053,down,1,270,down,0.0535757361011939,,1,0.8935117000000901,4.346982122419853,1.7319091832990279,conf,0.5,1000,1000,1000,1000,
,,5,Main,41,1.034124900000279,down,0,90,up,0.1669307401720554,,0.8,0.49593450000065786,3.5056825553224273,3.701792849507282,conf,0.5,1000,1000,1000,1000,
,,5,Main,42,1.7160045000000537,down,1,270,down,0.1095891782908514,,0.86,1.0420890000004874,2.940766119715881,2.396467926852535,conf,0.5,1000,1000,1000,1000,
,,5,Main,43,0.8360547000002043,down,1,270,down,0.1669307401720554,,1,0.980347100000472,3.0403408606570252,2.862844335604503,conf,0.5,1000,1000,1000,1000,
,,5,Main,44,0.7870556999996552,down,1,270,down,0.1095891782908514,,1,0.9638311999997313,3.3405882852925437,3.4221245204383117,conf,0.5,1000,1000,1000,1000,
,,5,Main,45,0.7870556999996552,[],0,90,up,0.1095891782908514,,None,None,None,2.646544672927763,None,None,1000,1000,1000,1000,
,,5,Main,46,0.6653402000001734,up,1,90,up,0.14025935742367593,,0.66,1.8753678000002765,4.627448221256596,3.246842929488559,conf,0.5,1000,1000,1000,1000,
,,5,Main,47,0.9700920999994196,up,1,90,up,0.0535757361011939,,1.0,0.9672811000000365,4.954940028182234,1.5970794178398378,conf,0.5,1000,1000,1000,1000,
,,5,Main,48,0.8355910000000222,up,1,90,up,0.1669307401720554,,0.84,0.9509362999997393,4.403013593993048,3.616727736634399,conf,0.5,1000,1000,1000,1000,
,,5,Main,49,1.2495043999997506,down,1,270,down,0.14025935742367593,,1,1.0102832000002309,4.507434211767096,1.704579626608562,conf,0.5,1000,1000,1000,1000,
,,5,Main,50,1.028047499999957,up,1,90,up,0.25724432084879284,,1,0.9583240000001751,2.1855417907565364,1.5659273011486352,conf,0.5,1000,1000,1000,1000,
,,5,Main,51,1.5358243000000584,down,1,270,down,0.14025935742367593,,1.0,1.0177063999999518,3.9690161992123643,2.3071112507438727,conf,0.5,1000,1000,1000,1000,
,,5,Main,52,1.8272624999999607,up,1,90,up,0.1669307401720554,,0.97,2.8915391999998974,2.037081642851172,1.9064369342782321,conf,0.5,1000,1000,1000,1000,
,,5,Main,53,1.8272624999999607,[],0,270,down,0.1095891782908514,,None,None,None,2.438510828941,None,None,1000,1000,1000,1000,
,,6,Main,0,1.295637400000487,up,1,90,up,0.14025935742367593,,1,0.8871719999997367,3.3577884034368495,3.0363227422113113,control,0.5,1000,1000,1000,1000,
,,6,Main,1,0.7128770999997869,down,1,270,down,0.1095891782908514,,0.87,1.0512101000003895,2.9620948700327725,3.290312403518021,control,0.5,1000,1000,1000,1000,
,,6,Main,2,1.0606010999999853,down,1,270,down,0.14025935742367593,,1,1.4187511999998605,2.6262813535654495,2.4163717089501136,control,0.5,1000,1000,1000,1000,
,,6,Main,3,0.9494187000000238,up,1,90,up,0.1669307401720554,,1,0.9133887999996659,4.637559849602414,1.3474055994958456,control,0.5,1000,1000,1000,1000,
,,6,Main,4,1.2519219999994675,down,1,270,down,0.1669307401720554,,0.9,1.0037842000001547,3.3328613521722654,3.281201954853663,control,0.5,1000,1000,1000,1000,
,,6,Main,5,1.4703467999997883,down,1,270,down,0.1095891782908514,,0.53,0.8459463999997752,4.893116697434612,2.5087696796570116,control,0.5,1000,1000,1000,1000,
,,6,Main,6,1.3742718000003151,up,1,90,up,0.0535757361011939,,1,0.8653647000001001,4.02733230182352,3.162454364012507,control,0.5,1000,1000,1000,1000,
,,6,Main,7,0.921457399999781,up,1,90,up,0.25724432084879284,,1,2.0850555999995777,2.1032008841105325,3.451173671545902,control,0.5,1000,1000,1000,1000,
,,6,Main,8,1.3173365000002377,down,1,270,down,0.14025935742367593,,1,0.9179805000003398,2.6326007803438007,2.223403480247879,control,0.5,1000,1000,1000,1000,
,,6,Main,9,1.511043299999983,up,1,90,up,0.0535757361011939,,0.81,0.9014943999991374,4.844596777950862,2.5684330918515106,control,0.5,1000,1000,1000,1000,
,,6,Main,10,1.2817979000001287,up,1,90,up,0.14025935742367593,,0.84,1.5503117999996903,2.148051418928595,1.7680834360525313,control,0.5,1000,1000,1000,1000,
,,6,Main,11,1.2662632000001395,up,1,90,up,0.1669307401720554,,1,0.8976278999998613,3.9201216598162674,3.042416889196944,control,0.5,1000,1000,1000,1000,
,,6,Main,12,1.842208799999753,down,1,270,down,0.14025935742367593,,0.83,1.0415720000000874,4.017467242897529,2.3402233736857214,control,0.5,1000,1000,1000,1000,
,,6,Main,13,1.3262931999997818,down,1,270,down,0.1669307401720554,,0.89,1.8970998000004329,4.848270666028347,2.577999905590696,control,0.5,1000,1000,1000,1000,
,,6,Main,14,1.0733837000007043,up,1,90,up,0.1095891782908514,,1,1.4620942000001378,2.778644009506944,1.437019474482811,control,0.5,1000,1000,1000,1000,
,,6,Main,15,0.9111599999996542,down,1,270,down,0.14025935742367593,,1,0.8817596999997477,4.831869527612139,3.0875389038421712,control,0.5,1000,1000,1000,1000,
,,6,Main,16,0.7643770999993649,up,1,90,up,0.25724432084879284,,1,0.8930562999994436,4.439287673500772,2.0152129000259293,control,0.5,1000,1000,1000,1000,
,,6,Main,17,0.7643770999993649,[],0,270,down,0.1095891782908514,,None,None,None,1.575241435294723,None,None,1000,1000,1000,1000,
,,6,Main,18,1.2505400999998528,up,1,90,up,0.1669307401720554,,0.71,1.5629016000002594,3.139237702517156,3.799163037886325,control,0.5,1000,1000,1000,1000,
,,6,Main,19,1.5034651999994821,up,0,270,down,0.14025935742367593,,0.13,0.8863578000000416,4.6357409666843115,1.5963842611751549,control,0.5,1000,1000,1000,1000,
,,6,Main,20,1.1037931000000754,down,1,270,down,0.14025935742367593,,0.97,0.7969629999997778,2.3730420729848998,1.5233628010441396,control,0.5,1000,1000,1000,1000,
,,6,Main,21,1.1037931000000754,[],0,270,down,0.1095891782908514,,None,None,None,2.0301715920533896,None,None,1000,1000,1000,1000,
,,6,Main,22,0.6643807000000379,up,1,90,up,0.1669307401720554,,1,0.8715922999999748,2.626817071399253,2.894514337645846,control,0.5,1000,1000,1000,1000,
,,6,Main,23,1.0729611000006116,down,1,270,down,0.1095891782908514,,0.97,0.804824799999551,4.970244282832086,3.427519225514702,control,0.5,1000,1000,1000,1000,
,,6,Main,24,0.8055705999995553,down,1,270,down,0.0535757361011939,,0.95,0.7465210000000297,3.711238670261644,1.0784790295100608,control,0.5,1000,1000,1000,1000,
,,6,Main,25,1.7048768999993626,up,1,90,up,0.14025935742367593,,0.72,0.7033925999994608,3.050790165897153,2.1568113716403667,control,0.5,1000,1000,1000,1000,
,,6,Main,26,0.6265979999998308,down,1,270,down,0.25724432084879284,,1.0,0.9094372999998086,3.7852353809076864,2.6123291842360015,control,0.5,1000,1000,1000,1000,
,,6,Main,27,1.1878030999996554,up,1,90,up,0.14025935742367593,,1,1.2275981000002503,2.9616431091617184,3.644023262033751,control,0.5,1000,1000,1000,1000,
,,6,Main,28,1.7733741000001828,up,1,90,up,0.1095891782908514,,0.74,0.8500673999997161,2.1057197921816275,1.5368856188696967,control,0.5,1000,1000,1000,1000,
,,6,Main,29,0.7960795999997572,up,1,90,up,0.14025935742367593,,0.38,0.824236500000552,2.3713177436437918,2.231943704894787,control,0.5,1000,1000,1000,1000,
,,6,Main,30,0.7960795999997572,[],0,270,down,0.0535757361011939,,None,None,None,2.853853352373188,None,None,1000,1000,1000,1000,
,,6,Main,31,1.558935900000506,up,1,90,up,0.14025935742367593,,0.58,1.049106500000562,4.828691327553826,1.4849659797717634,control,0.5,1000,1000,1000,1000,
,,6,Main,32,1.914552299999741,down,1,270,down,0.25724432084879284,,0.75,0.5497859000006429,4.548771116608436,2.8248615598926192,control,0.5,1000,1000,1000,1000,
,,6,Main,33,1.0094732999996268,down,1,270,down,0.1669307401720554,,0.87,0.9978164000003744,3.5468889838581497,3.042319442362655,control,0.5,1000,1000,1000,1000,
,,6,Main,34,1.6078831000004357,up,1,90,up,0.1095891782908514,,0.59,2.426669700000275,4.6845485082182465,2.8961672232728044,control,0.5,1000,1000,1000,1000,
,,6,Main,35,1.7869582999992417,up,1,90,up,0.1669307401720554,,1,0.9459589999996751,4.658977122870841,2.8054327269055057,control,0.5,1000,1000,1000,1000,
,,6,Main,36,1.2455754000002344,down,1,270,down,0.1669307401720554,,1,0.93436230000043,3.2610735781101674,3.7241010739007865,control,0.5,1000,1000,1000,1000,
,,6,Main,37,1.2455754000002344,[],0,270,down,0.0535757361011939,,None,None,None,2.1805721963756555,None,None,1000,1000,1000,1000,
,,6,Main,38,1.847393099999863,down,1,270,down,0.1669307401720554,,0.54,0.7781335999998191,3.6532393271796826,2.966494974523314,control,0.5,1000,1000,1000,1000,
,,6,Main,39,0.7851940000000468,down,1,270,down,0.25724432084879284,,1,1.0457636999999522,4.441938765215875,3.570951957685035,control,0.5,1000,1000,1000,1000,
,,6,Main,40,1.7130747000001065,up,1,90,up,0.14025935742367593,,0.77,1.8148639000000912,4.1340247363899785,1.9539592264104604,control,0.5,1000,1000,1000,1000,
,,6,Main,41,1.2631210999998075,up,1,90,up,0.1095891782908514,,0.7,0.6384965999995984,4.5606299315036996,3.4488466020875936,control,0.5,1000,1000,1000,1000,
,,6,Main,42,0.7513189999999668,up,1,90,up,0.14025935742367593,,1,0.9891231000001426,3.6304891067899074,3.5719901709857345,control,0.5,1000,1000,1000,1000,
,,6,Main,43,0.9292046000000482,up,1,90,up,0.1095891782908514,,1.0,0.919724700000188,4.777680255794472,1.666206296270217,control,0.5,1000,1000,1000,1000,
,,6,Main,44,0.5997496999998475,down,1,270,down,0.14025935742367593,,1,0.9772009999996953,4.9251603684238345,1.1243596857807447,control,0.5,1000,1000,1000,1000,
,,6,Main,45,1.374160800000027,down,1,270,down,0.14025935742367593,,0.89,0.6460556000001816,3.778814569802428,1.3235116567399217,control,0.5,1000,1000,1000,1000,
,,6,Main,46,1.0752711999994062,down,1,270,down,0.0535757361011939,,0.65,0.6924017999999705,2.3321838438654576,2.939251922654187,control,0.5,1000,1000,1000,1000,
,,6,Main,47,1.4781222999999954,down,1,270,down,0.1669307401720554,,0.92,1.3619986000003337,2.066275309264939,3.179147400732989,control,0.5,1000,1000,1000,1000,
,,6,Main,48,0.7717606000005617,up,1,90,up,0.25724432084879284,,0.95,0.8103731999999582,3.7784510395278437,2.747818831140187,control,0.5,1000,1000,1000,1000,
,,6,Main,49,1.734196399999746,up,1,90,up,0.1669307401720554,,1.0,2.043410600000243,2.494406019053651,2.358472670940735,control,0.5,1000,1000,1000,1000,
,,6,Main,50,0.6912552000003416,up,1,90,up,0.14025935742367593,,1,0.9290770999996312,2.379589586803303,2.15087425475095,control,0.5,1000,1000,1000,1000,
,,6,Main,51,1.867147599999953,up,1,90,up,0.1095891782908514,,0.67,0.6356480000004012,4.215576179921305,1.936401677259147,control,0.5,1000,1000,1000,1000,
,,6,Main,52,1.5137345000002824,up,0,270,down,0.1095891782908514,,0.6,0.5936962999994648,3.670200495155444,3.2035525868357864,control,0.5,1000,1000,1000,1000,
,,6,Main,53,1.6151743000000351,up,1,90,up,0.14025935742367593,,1,0.901642200000424,4.848358107857846,3.243137739875531,control,0.5,1000,1000,1000,1000,
,,7,Main,0,0.8352679999998145,up,1,90,up,0.14025935742367593,,0.77,0.7644264000000476,2.521281995170278,3.091536433212147,conf,0.5,1000,1000,1000,1000,
,,7,Main,1,0.792336599999544,down,1,270,down,0.14025935742367593,,0.59,0.5718086000006224,2.5207597793212955,1.7409187157886317,conf,0.5,1000,1000,1000,1000,
,,7,Main,2,1.4767708999997922,up,0,270,down,0.0535757361011939,,0.88,1.6594887999999628,4.952862862534319,3.317534899963014,conf,0.5,1000,1000,1000,1000,
,,7,Main,3,1.1832996000002822,up,1,90,up,0.1095891782908514,,None,None,3.993070036402926,2.490450642328211,conf,0.5,1000,1000,1000,1000,
,,7,Main,4,1.6935963999994783,up,0,270,down,0.1669307401720554,,0.9,1.334748700000091,2.592606215092179,1.9547880082695765,conf,0.5,1000,1000,1000,1000,
,,7,Main,5,0.7450128000000404,up,1,90,up,0.14025935742367593,,0.82,1.137123999999858,3.610234111194829,1.8920485194583176,conf,0.5,1000,1000,1000,1000,
,,7,Main,6,1.6919201000000612,down,1,270,down,0.1095891782908514,,0.78,0.9603211000003284,3.231093201030486,3.072441453350931,conf,0.5,1000,1000,1000,1000,
,,7,Main,7,0.7461917999999059,down,1,270,down,0.25724432084879284,,1,0.9433957000001101,4.8214435670642795,2.2940584381258136,conf,0.5,1000,1000,1000,1000,
,,7,Main,8,1.908440299999711,up,1,90,up,0.1669307401720554,,0.41,1.4971629000001485,2.0626068528580963,3.0719366141267015,conf,0.5,1000,1000,1000,1000,
,,7,Main,9,1.908440299999711,[],0,90,up,0.14025935742367593,,None,None,None,2.195844284325257,None,None,1000,1000,1000,1000,
,,7,Main,10,0.9348385000002963,down,1,270,down,0.1669307401720554,,1,0.909244999999828,2.860218054196108,3.266796482979802,conf,0.5,1000,1000,1000,1000,
,,7,Main,11,0.7846603999987565,down,1,270,down,0.25724432084879284,,1,0.9146027000006143,2.487513958114526,2.7981792861822696,conf,0.5,1000,1000,1000,1000,
,,7,Main,12,1.0521156000013434,down,1,270,down,0.1669307401720554,,1,0.956815400000778,2.16193615228891,1.7724220776685145,conf,0.5,1000,1000,1000,1000,
,,7,Main,13,1.0521156000013434,[],0,90,up,0.1095891782908514,,None,None,None,2.235784839367722,None,None,1000,1000,1000,1000,
,,7,Main,14,0.7595846999993228,down,1,270,down,0.1095891782908514,,0.68,0.6124067999990075,4.081158636971351,3.3771477181032066,conf,0.5,1000,1000,1000,1000,
,,7,Main,15,1.2565624999988358,up,1,90,up,0.0535757361011939,,0.5,0.6928444000004674,3.0641668735426997,2.4789852022487735,conf,0.5,1000,1000,1000,1000,
,,7,Main,16,0.9533009000006132,up,1,90,up,0.14025935742367593,,1,0.8857829999997193,2.151283895850613,2.9159436548493134,conf,0.5,1000,1000,1000,1000,
,,7,Main,17,1.0024462000001222,up,1,90,up,0.14025935742367593,,1.0,0.9415480000006937,3.529191009966941,2.8525543192743896,conf,0.5,1000,1000,1000,1000,
,,7,Main,18,1.6310544000007212,up,0,270,down,0.0535757361011939,,0.5,0.6540189999996073,3.243776127690313,1.3727976781517186,conf,0.5,1000,1000,1000,1000,
,,7,Main,19,0.8262912999998662,up,1,90,up,0.1095891782908514,,0.69,0.37847059999876365,2.597776700181519,2.1968256447986847,conf,0.5,1000,1000,1000,1000,
,,7,Main,20,1.2701496999998199,up,0,270,down,0.14025935742367593,,0.92,0.7714553999994678,3.9500245471491313,2.8762093678352803,conf,0.5,1000,1000,1000,1000,
,,7,Main,21,0.8410636000007798,up,1,90,up,0.14025935742367593,,1.0,1.7339244999984658,3.775543931890811,2.389545708010041,conf,0.5,1000,1000,1000,1000,
,,7,Main,22,0.6938098000009632,up,1,90,up,0.25724432084879284,,0.78,1.2106062000002566,3.4847261494400104,2.6510017736296394,conf,0.5,1000,1000,1000,1000,
,,7,Main,23,0.9998536000002787,down,1,270,down,0.1095891782908514,,1,0.9403132000006735,2.776477093032347,1.920163247367873,conf,0.5,1000,1000,1000,1000,
,,7,Main,24,1.0292828999990888,down,1,270,down,0.1669307401720554,,0.8,2.3747219999986555,3.9899252380846457,2.73554969785377,conf,0.5,1000,1000,1000,1000,
,,7,Main,25,0.9322376999989501,up,1,90,up,0.14025935742367593,,0.67,1.5283115000001999,4.489055838964608,3.4809732674240372,conf,0.5,1000,1000,1000,1000,
,,7,Main,26,0.8031826999995246,down,1,270,down,0.1669307401720554,,0.8,0.9479831999997259,4.073378181826548,3.4775397018165264,conf,0.5,1000,1000,1000,1000,
,,7,Main,27,0.8555106000003434,down,1,270,down,0.14025935742367593,,0.93,1.0907097999988764,4.500264693292842,1.3162610699948853,conf,0.5,1000,1000,1000,1000,
,,7,Main,28,1.6499319999984436,up,1,90,up,0.1669307401720554,,1,1.4335004999993544,2.35036095554982,1.819945297448898,conf,0.5,1000,1000,1000,1000,
,,7,Main,29,0.8967264000002615,down,1,270,down,0.0535757361011939,,1,1.0667121000005864,4.465793759240286,2.2372337541831513,conf,0.5,1000,1000,1000,1000,
,,7,Main,30,0.7459352999994735,down,1,270,down,0.14025935742367593,,0.9400000000000001,0.7280893000006472,3.6532445156762794,1.6299496524452406,conf,0.5,1000,1000,1000,1000,
,,7,Main,31,1.1209214999998949,up,1,90,up,0.1669307401720554,,1,0.9367460000012215,2.884974852420442,1.8626328509492207,conf,0.5,1000,1000,1000,1000,
,,7,Main,32,1.2545227999999042,up,1,90,up,0.1095891782908514,,0.58,0.9671988000009151,4.190741480964801,2.2672073510827384,conf,0.5,1000,1000,1000,1000,
,,7,Main,33,0.8662667999997211,up,1,90,up,0.14025935742367593,,0.86,1.8142369000015606,4.221222285677883,2.508582449886581,conf,0.5,1000,1000,1000,1000,
,,7,Main,34,0.6414595999995072,up,1,90,up,0.25724432084879284,,1,1.5765539000003628,2.5663095393350606,1.9766278986143315,conf,0.5,1000,1000,1000,1000,
,,7,Main,35,1.1069845000001806,down,1,270,down,0.1095891782908514,,1,0.966259099999661,4.2750747348234235,3.0813521759761415,conf,0.5,1000,1000,1000,1000,
,,7,Main,36,0.9173907999993389,down,1,270,down,0.14025935742367593,,1,0.9131736999988789,3.4737806379177325,2.8441081163376287,conf,0.5,1000,1000,1000,1000,
,,7,Main,37,0.6733368999994127,up,1,90,up,0.14025935742367593,,0.85,0.7947813000009774,3.0127763988034912,2.2946291185680256,conf,0.5,1000,1000,1000,1000,
,,7,Main,38,0.7389191000002029,down,1,270,down,0.1095891782908514,,1,1.2330273000006855,3.190875190432453,3.5786256052842935,conf,0.5,1000,1000,1000,1000,
,,7,Main,39,1.356500000001688,down,0,90,up,0.1095891782908514,,0.66,0.7301397999999608,2.2594461533631205,1.3767475816540715,conf,0.5,1000,1000,1000,1000,
,,7,Main,40,1.2395162000011624,down,1,270,down,0.0535757361011939,,0.36,0.6799098999999842,2.810462368927346,3.7848329043746904,conf,0.5,1000,1000,1000,1000,
,,7,Main,41,1.2493914999995468,up,0,270,down,0.1669307401720554,,0.23,0.9257135999996535,2.391442434625269,1.6042100920344675,conf,0.5,1000,1000,1000,1000,
,,7,Main,42,1.3286627999987104,down,1,270,down,0.1669307401720554,,0.64,0.5958227000010083,2.8486487824661104,3.6066346094274713,conf,0.5,1000,1000,1000,1000,
,,7,Main,43,1.846063700000741,down,1,270,down,0.14025935742367593,,0.74,0.7681768999991618,3.1444850088230742,3.0545388252401784,conf,0.5,1000,1000,1000,1000,
,,7,Main,44,1.3463727999987896,up,1,90,up,0.25724432084879284,,0.88,1.2225235999994766,3.658147318771294,1.6354489594342363,conf,0.5,1000,1000,1000,1000,
,,7,Main,45,0.7985659000005398,down,1,270,down,0.1669307401720554,,1,0.8663096000000223,2.732042822725534,1.5501050681555535,conf,0.5,1000,1000,1000,1000,
,,7,Main,46,0.9984887999999046,down,1,270,down,0.25724432084879284,,1,0.9613559000008536,3.3891305908638536,3.6331601714331723,conf,0.5,1000,1000,1000,1000,
,,7,Main,47,1.7695146999994904,down,0,90,up,0.1095891782908514,,0.58,0.7870556999987457,3.7668303143325046,3.4450397704755966,conf,0.5,1000,1000,1000,1000,
,,7,Main,48,1.5566110999989178,up,1,90,up,0.0535757361011939,,0.52,1.5640787000011187,2.676817152301461,2.9336951602713444,conf,0.5,1000,1000,1000,1000,
,,7,Main,49,1.2666073999989749,down,1,270,down,0.14025935742367593,,0.77,1.3344432000012603,3.0656545962514974,3.5450800132981657,conf,0.5,1000,1000,1000,1000,
,,7,Main,50,0.771510100001251,up,1,90,up,0.1669307401720554,,0.8,0.8581271000002744,3.081229867363504,2.255643658776398,conf,0.5,1000,1000,1000,1000,
,,7,Main,51,1.4269953000002715,up,1,90,up,0.14025935742367593,,1.0,1.212595599999986,3.548773351060037,1.7737763914801772,conf,0.5,1000,1000,1000,1000,
,,7,Main,52,1.0417906000002404,up,1,90,up,0.1095891782908514,,1,0.9772948999998334,2.6148335392833237,2.094888873871704,conf,0.5,1000,1000,1000,1000,
,,7,Main,53,1.0213721999989502,up,1,90,up,0.14025935742367593,,1,1.0304574000001594,3.6589461343009178,2.8234211681739474,conf,0.5,1000,1000,1000,1000,
