"","thisRow.t","notes","block","Trialtype","withinblocktrial","RTdec","resp","cor","dots.direction","cor_resp","coherence","scale","SR_conf","RTrating","interval","interTrial.interval","subject","age","gender","handedness"
"1",NA,NA,0,"Training - easy",0,1.16334039999856,"down",1,270,"down",0.8,"",NA,"",NA,NA,0,22,"M","R"
"2",NA,NA,0,"Training - easy",1,0.447779900001478,"up",1,90,"up",0.8,"",NA,"",NA,NA,0,22,"M","R"
"3",NA,NA,0,"Training - easy",2,0.399204800000007,"up",1,90,"up",0.8,"",NA,"",NA,NA,0,22,"M","R"
"4",NA,NA,0,"Training - easy",3,0.349380899999232,"up",0,270,"down",0.8,"",NA,"",NA,NA,0,22,"M","R"
"5",NA,NA,0,"Training - easy",4,0.60080939999898,"down",1,270,"down",0.8,"",NA,"",NA,NA,0,22,"M","R"
"6",NA,NA,0,"Training - easy",5,0.568993600001704,"down",0,90,"up",0.8,"",NA,"",NA,NA,0,22,"M","R"
"7",NA,NA,0,"Training - easy",6,0.532388899999205,"up",1,90,"up",0.8,"",NA,"",NA,NA,0,22,"M","R"
"8",NA,NA,0,"Training - easy",7,0.550746299999446,"up",1,90,"up",0.8,"",NA,"",NA,NA,0,22,"M","R"
"9",NA,NA,0,"Training - easy",8,0.35089020000305,"up",1,90,"up",0.8,"",NA,"",NA,NA,0,22,"M","R"
"10",NA,NA,0,"Training - easy",9,0.452699400000711,"down",1,270,"down",0.8,"",NA,"",NA,NA,0,22,"M","R"
"11",NA,NA,0,"Training - easy",10,0.433798199999728,"up",1,90,"up",0.8,"",NA,"",NA,NA,0,22,"M","R"
"12",NA,NA,0,"Training - easy",11,0.53609890000007,"down",1,270,"down",0.8,"",NA,"",NA,NA,0,22,"M","R"
"13",NA,NA,0,"Training - easy",12,0.452555399999255,"down",1,270,"down",0.8,"",NA,"",NA,NA,0,22,"M","R"
"14",NA,NA,0,"Training - easy",13,0.384041500001331,"down",1,270,"down",0.8,"",NA,"",NA,NA,0,22,"M","R"
"15",NA,NA,0,"Training - easy",14,0.750363899998774,"up",1,90,"up",0.8,"",NA,"",NA,NA,0,22,"M","R"
"16",NA,NA,0,"Training - easy",15,0.451950800001214,"up",1,90,"up",0.8,"",NA,"",NA,NA,0,22,"M","R"
"17",NA,NA,0,"Training - easy",16,0.383661199997732,"down",1,270,"down",0.8,"",NA,"",NA,NA,0,22,"M","R"
"18",NA,NA,0,"Training - easy",17,0.365994600000704,"up",1,90,"up",0.8,"",NA,"",NA,NA,0,22,"M","R"
"19",NA,NA,0,"Training - easy",18,0.333148599998822,"down",1,270,"down",0.8,"",NA,"",NA,NA,0,22,"M","R"
"20",NA,NA,0,"Training - easy",19,0.316608999997698,"down",1,270,"down",0.8,"",NA,"",NA,NA,0,22,"M","R"
"21",NA,NA,0,"Training - hard",0,0.668392999999924,"down",1,270,"down",0.4,"",NA,"",NA,NA,0,22,"M","R"
"22",NA,NA,0,"Training - hard",1,0.466793899999175,"up",1,90,"up",0.4,"",NA,"",NA,NA,0,22,"M","R"
"23",NA,NA,0,"Training - hard",2,0.500305199999275,"up",1,90,"up",0.4,"",NA,"",NA,NA,0,22,"M","R"
"24",NA,NA,0,"Training - hard",3,1.35235649999959,"down",1,270,"down",0.4,"",NA,"",NA,NA,0,22,"M","R"
"25",NA,NA,0,"Training - hard",4,0.633260999999038,"up",0,270,"down",0.4,"",NA,"",NA,NA,0,22,"M","R"
"26",NA,NA,0,"Training - hard",5,0.983852599998499,"down",1,270,"down",0.4,"",NA,"",NA,NA,0,22,"M","R"
"27",NA,NA,0,"Training - hard",6,NA,"[]",0,270,"down",0.4,"",NA,"",NA,NA,0,22,"M","R"
"28",NA,NA,0,"Training - hard",7,0.902422399998613,"up",1,90,"up",0.4,"",NA,"",NA,NA,0,22,"M","R"
"29",NA,NA,0,"Training - hard",8,0.801386000002822,"down",1,270,"down",0.4,"",NA,"",NA,NA,0,22,"M","R"
"30",NA,NA,0,"Training - hard",9,0.53439299999809,"down",1,270,"down",0.4,"",NA,"",NA,NA,0,22,"M","R"
"31",NA,NA,0,"Training - hard",10,0.402390199997171,"up",1,90,"up",0.4,"",NA,"",NA,NA,0,22,"M","R"
"32",NA,NA,0,"Training - hard",11,0.434671999999409,"up",1,90,"up",0.4,"",NA,"",NA,NA,0,22,"M","R"
"33",NA,NA,0,"Training - hard",12,0.535235700001067,"down",1,270,"down",0.4,"",NA,"",NA,NA,0,22,"M","R"
"34",NA,NA,0,"Training - hard",13,0.417931300002238,"up",1,90,"up",0.4,"",NA,"",NA,NA,0,22,"M","R"
"35",NA,NA,0,"Training - hard",14,0.3514342999988,"down",0,90,"up",0.4,"",NA,"",NA,NA,0,22,"M","R"
"36",NA,NA,0,"Training - hard",15,0.468826600001194,"up",1,90,"up",0.4,"",NA,"",NA,NA,0,22,"M","R"
"37",NA,NA,0,"Training - hard",16,0.418446899999253,"down",1,270,"down",0.4,"",NA,"",NA,NA,0,22,"M","R"
"38",NA,NA,0,"Training - hard",17,0.366374900000665,"up",1,90,"up",0.4,"",NA,"",NA,NA,0,22,"M","R"
"39",NA,NA,0,"Training - hard",18,0.366909100001067,"up",1,90,"up",0.4,"",NA,"",NA,NA,0,22,"M","R"
"40",NA,NA,0,"Training - hard",19,0.349907900003018,"down",1,270,"down",0.4,"",NA,"",NA,NA,0,22,"M","R"
"41",NA,NA,1,"Training - scales",0,0.688975100001699,"down",1,270,"down",0.6,"control",0.93,"2.1182829000026686",NA,NA,0,22,"M","R"
"42",NA,NA,1,"Training - scales",1,0.55106479999813,"down",1,270,"down",0.8,"control",0.96,"0.952942100000655",NA,NA,0,22,"M","R"
"43",NA,NA,1,"Training - scales",2,0.768070800000714,"up",0,270,"down",0.1,"conf",0.51,"1.6202253000010387",NA,NA,0,22,"M","R"
"44",NA,NA,1,"Training - scales",3,0.500986099999864,"up",1,90,"up",0.9,"control",0.03,"1.8529682999978832",NA,NA,0,22,"M","R"
"45",NA,NA,1,"Training - scales",4,0.534217899999931,"up",1,90,"up",1,"control",0.98,"0.9014081999994232",NA,NA,0,22,"M","R"
"46",NA,NA,1,"Training - scales",5,0.516093000002002,"up",1,90,"up",0.2,"control",0.8,"1.1177162999993016",NA,NA,0,22,"M","R"
"47",NA,NA,1,"Training - scales",6,0.549897600001714,"down",1,270,"down",0.7,"conf",0.97,"1.0364657999998599",NA,NA,0,22,"M","R"
"48",NA,NA,1,"Training - scales",7,0.600894499999413,"down",1,270,"down",0.5,"conf",0.98,"2.0866395000011835",NA,NA,0,22,"M","R"
"49",NA,NA,1,"Training - scales",8,0.500825199997053,"up",1,90,"up",0.4,"conf",0.98,"1.3846682000003057",NA,NA,0,22,"M","R"
"50",NA,NA,1,"Training - scales",9,0.517792999999074,"up",1,90,"up",0.3,"conf",0.93,"1.4358243000024231",NA,NA,0,22,"M","R"
"51",NA,NA,2,"Main",0,0.710822400000325,"down",1,270,"down",0.53530612244898,"conf",0.74,"1.6136762999994971",2.5570476742789,2.39351710655532,0,22,"M","R"
"52",NA,NA,2,"Main",1,0.760940800002572,"up",1,90,"up",0.454489795918367,"control",NA,"None",1.80162643161497,1.88219832485721,0,22,"M","R"
"53",NA,NA,2,"Main",2,0.649897800001781,"down",1,270,"down",0.393877551020408,"conf",0.81,"1.6853330999983882",4.45847317524559,3.66040661098315,0,22,"M","R"
"54",NA,NA,2,"Main",3,0.662690900000598,"down",1,270,"down",0.333265306122449,"conf",0.56,"1.4722148000000743",4.62002124104096,1.78106086311489,0,22,"M","R"
"55",NA,NA,2,"Main",4,0.688629000000219,"up",1,90,"up",0.27265306122449,"conf",0.62,"1.0469045000027108",2.18452359836537,2.63123197438401,0,22,"M","R"
"56",NA,NA,2,"Main",5,0.90590499999962,"up",0,270,"down",0.252448979591837,"conf",0.53,"2.5028203999972902",4.34751269649251,2.5249652346916,0,22,"M","R"
"57",NA,NA,2,"Main",6,0.844716600000538,"down",1,270,"down",0.414081632653061,"conf",0.68,"1.2232198999990942",3.39789772718559,2.0582888888941,0,22,"M","R"
"58",NA,NA,2,"Main",7,0.81348010000147,"down",1,270,"down",0.393877551020408,"conf",0.67,"1.4626170999981696",1.72688789925984,1.53146405348696,0,22,"M","R"
"59",NA,NA,2,"Main",8,0.702690500002063,"up",1,90,"up",0.353469387755102,"conf",0.84,"1.3242368999999599",4.19086246026003,1.9704608108637,0,22,"M","R"
"60",NA,NA,2,"Main",9,0.732971300003555,"up",1,90,"up",0.313061224489796,"control",0.92,"1.0238086999997904",3.40489475422351,3.45841408562395,0,22,"M","R"
"61",NA,NA,2,"Main",10,0.858818900000188,"up",0,270,"down",0.27265306122449,"conf",0.68,"2.18081119999988",3.35558829931539,1.31936542280748,0,22,"M","R"
"62",NA,NA,2,"Main",11,0.731899700000213,"down",1,270,"down",0.393877551020408,"conf",0.62,"0.9131118999976024",1.67741003645343,2.06429605608795,0,22,"M","R"
"63",NA,NA,2,"Main",12,0.639316600001621,"up",1,90,"up",0.373673469387755,"conf",0.78,"1.13810039999953",3.46077965778693,1.46466497174669,0,22,"M","R"
"64",NA,NA,2,"Main",13,0.771378100002039,"down",1,270,"down",0.353469387755102,"conf",0.78,"1.3991071000018565",2.4522113201411,2.59962262486184,0,22,"M","R"
"65",NA,NA,2,"Main",14,0.654038299999229,"up",1,90,"up",0.333265306122449,"control",0.84,"1.0504976999982318",3.5494185434615,3.92022595723591,0,22,"M","R"
"66",NA,NA,2,"Main",15,0.801516300001822,"down",1,270,"down",0.313061224489796,"control",0.62,"1.8426727000005485",4.1557783524542,3.45519334304301,0,22,"M","R"
"67",NA,NA,2,"Main",16,0.746839999999793,"down",1,270,"down",0.27265306122449,"conf",0.54,"1.052044100000785",1.83668644996889,3.32134829973909,0,22,"M","R"
"68",NA,NA,2,"Main",17,0.732420299998921,"down",1,270,"down",0.232244897959184,"control",0.44,"1.1397092000006523",2.16942445500568,2.89779656846342,0,22,"M","R"
"69",NA,NA,2,"Main",18,0.689310599998862,"up",1,90,"up",0.212040816326531,"conf",0.62,"0.8171373999975913",3.38245198163165,3.29019406191891,0,22,"M","R"
"70",NA,NA,2,"Main",19,0.880016499999329,"up",0,270,"down",0.191836734693878,"conf",0.42,"1.0258059999978286",3.94951575686159,2.62280961099595,0,22,"M","R"
"71",NA,NA,2,"Main",20,0.997442699997919,"up",0,270,"down",0.313061224489796,"conf",0.39,"0.9937232000011136",2.83111094222842,1.20152569939406,0,22,"M","R"
"72",NA,NA,2,"Main",21,0.617639800002507,"up",1,90,"up",0.373673469387755,"conf",0.87,"1.2285044999989623",3.73528922713736,3.26470750299431,0,22,"M","R"
"73",NA,NA,2,"Main",22,0.589093599999615,"up",1,90,"up",0.353469387755102,"control",0.81,"0.9599653000004764",4.54118623648901,3.08524321452058,0,22,"M","R"
"74",NA,NA,2,"Main",23,0.549776200001361,"up",1,90,"up",0.353469387755102,"conf",0.91,"0.9140858999999182",4.86307039492775,1.99145021579321,0,22,"M","R"
"75",NA,NA,2,"Main",24,0.660249399999884,"up",1,90,"up",0.333265306122449,"conf",0.9,"0.9817545999976574",3.44136947713314,2.88509697177853,0,22,"M","R"
"76",NA,NA,2,"Main",25,0.701482600001327,"up",1,90,"up",0.292857142857143,"control",0.79,"1.4033367000010912",4.77876010676853,3.30155504108584,0,22,"M","R"
"77",NA,NA,2,"Main",26,0.832817599999544,"down",1,270,"down",0.252448979591837,"conf",0.6,"1.292988900000637",3.78263298982512,2.5306645757445,0,22,"M","R"
"78",NA,NA,2,"Main",27,0.639519399999699,"up",1,90,"up",0.232244897959184,"conf",0.6,"1.021985899998981",3.0121277221178,2.06899665098826,0,22,"M","R"
"79",NA,NA,2,"Main",28,0.983883400000195,"up",0,270,"down",0.212040816326531,"conf",0.52,"1.1985252000013134",2.37990233991112,2.38280639589907,0,22,"M","R"
"80",NA,NA,2,"Main",29,0.637554500000988,"up",0,270,"down",0.313061224489796,"conf",0.65,"1.4151404000003822",3.05089234349353,3.70532267704932,0,22,"M","R"
"81",NA,NA,2,"Main",30,0.768313000000489,"up",0,270,"down",0.373673469387755,"conf",0.43,"0.8830153999988397",3.97932785919577,3.20883803626571,0,22,"M","R"
"82",NA,NA,2,"Main",31,0.67805479999879,"up",1,90,"up",0.414081632653061,"conf",0.69,"1.2221829000009166",4.73675609459476,1.94046969720218,0,22,"M","R"
"83",NA,NA,2,"Main",32,0.644902100000763,"up",0,270,"down",0.393877551020408,"conf",0.3,"1.7827801000021282",4.22659533160546,2.98379333292002,0,22,"M","R"
"84",NA,NA,2,"Main",33,0.736665000000357,"up",1,90,"up",0.454489795918367,"control",0.79,"1.520120200002566",3.9277225755548,3.23522390474782,0,22,"M","R"
"85",NA,NA,2,"Main",34,0.685616899998422,"up",1,90,"up",0.434285714285714,"conf",0.86,"1.1459625999996206",3.23374675985345,1.901415818167,0,22,"M","R"
"86",NA,NA,2,"Main",35,0.601223499998014,"up",1,90,"up",0.434285714285714,"control",0.73,"1.5667283000002499",4.66410131246496,2.67815944254403,0,22,"M","R"
"87",NA,NA,2,"Main",36,0.908587600002647,"up",1,90,"up",0.414081632653061,"conf",NA,"None",3.77212833697185,2.8716970520266,0,22,"M","R"
"88",NA,NA,2,"Main",37,0.659519699998782,"up",1,90,"up",0.414081632653061,"conf",0.97,"1.1386606999985815",3.83383846752389,2.30949499431951,0,22,"M","R"
"89",NA,NA,2,"Main",38,0.578287399999681,"up",1,90,"up",0.353469387755102,"conf",0.98,"1.594624000001204",1.87798890002433,3.06385175692953,0,22,"M","R"
"90",NA,NA,2,"Main",39,0.67369360000157,"down",1,270,"down",0.333265306122449,"conf",0.78,"1.0228895999971428",3.22975168303756,2.73664581958857,0,22,"M","R"
"91",NA,NA,2,"Main",40,0.766366500000004,"down",1,270,"down",0.313061224489796,"control",0.74,"0.8412105999996129",3.98746466210684,1.41623405274766,0,22,"M","R"
"92",NA,NA,2,"Main",41,0.869088300001749,"up",1,90,"up",0.313061224489796,"conf",0.71,"0.9558404999988852",2.17345942561436,1.65406690222997,0,22,"M","R"
"93",NA,NA,2,"Main",42,1.09857740000007,"down",1,270,"down",0.292857142857143,"conf",0.5,"0.37298350000128266",2.47000891948799,2.84244038607975,0,22,"M","R"
"94",NA,NA,2,"Main",43,0.644058100002439,"up",1,90,"up",0.292857142857143,"conf",0.65,"1.013186100000894",4.1268801167677,1.24722577730675,0,22,"M","R"
"95",NA,NA,2,"Main",44,0.603850200001034,"up",1,90,"up",0.27265306122449,"conf",0.8,"1.1659913000003144",2.98080923622654,2.92883243907285,0,22,"M","R"
"96",NA,NA,2,"Main",45,0.924705500001437,"down",1,270,"down",0.252448979591837,"conf",0.66,"1.3708757999993395",2.69756882606391,2.65492505063738,0,22,"M","R"
"97",NA,NA,3,"Main",0,0.910889899998438,"down",0,90,"up",0.171632653061224,"conf",0.4,"0.7886464999974123",3.33512837605872,2.48133123705207,0,22,"M","R"
"98",NA,NA,3,"Main",1,1.37217559999772,"up",0,270,"down",0.292857142857143,"conf",0.5,"0.37700219999896945",3.63983148563171,1.47263959743321,0,22,"M","R"
"99",NA,NA,3,"Main",2,0.829364999997779,"down",1,270,"down",0.393877551020408,"conf",0.85,"1.7693006000008609",4.84257652810506,2.2553440839317,0,22,"M","R"
"100",NA,NA,3,"Main",3,0.678049599999213,"down",1,270,"down",0.333265306122449,"conf",0.55,"0.8188627999988967",1.81838268294703,2.55856360893219,0,22,"M","R"
"101",NA,NA,3,"Main",4,0.812095299999783,"up",1,90,"up",0.333265306122449,"conf",0.77,"0.6331881999976758",4.04268042279983,1.02039146932396,0,22,"M","R"
"102",NA,NA,3,"Main",5,0.731362200000149,"up",1,90,"up",0.292857142857143,"conf",0.83,"0.8256493000008049",4.75050902694504,2.07301119235981,0,22,"M","R"
"103",NA,NA,3,"Main",6,0.66522619999887,"up",1,90,"up",0.27265306122449,"conf",0.78,"1.0012353000020084",2.93894994313156,2.17386776247844,0,22,"M","R"
"104",NA,NA,3,"Main",7,1.01231719999851,"down",1,270,"down",0.333265306122449,"control",0.59,"1.2474123000029067",4.65923810286901,3.58623961507443,0,22,"M","R"
"105",NA,NA,3,"Main",8,0.701469899999211,"up",1,90,"up",0.191836734693878,"control",0.6,"1.251784600000974",2.07618184529691,3.52359220011246,0,22,"M","R"
"106",NA,NA,3,"Main",9,0.664128399999754,"down",1,270,"down",0.313061224489796,"conf",0.57,"0.866571099999419",3.69511643484562,3.33648723603053,0,22,"M","R"
"107",NA,NA,3,"Main",10,1.26755649999905,"up",0,270,"down",0.171632653061224,"conf",0.5,"0.7483042999992904",4.23208360346075,2.74453105528887,0,22,"M","R"
"108",NA,NA,3,"Main",11,0.992487900002743,"up",1,90,"up",0.232244897959184,"conf",0.56,"0.8626814000017475",4.39341571742729,2.94247887745938,0,22,"M","R"
"109",NA,NA,3,"Main",12,0.877644000000146,"up",1,90,"up",0.333265306122449,"conf",0.68,"2.1149045000020124",4.97719125676924,3.50191391130668,0,22,"M","R"
"110",NA,NA,3,"Main",13,0.74919779999982,"up",0,270,"down",0.27265306122449,"control",0.5,"1.0860181999996712",2.47533864351274,3.48633817677326,0,22,"M","R"
"111",NA,NA,3,"Main",14,0.717316800000845,"up",0,270,"down",0.333265306122449,"conf",0.5,"0.8118631999968784",3.95116607942998,1.99798530390517,0,22,"M","R"
"112",NA,NA,3,"Main",15,0.655677599999763,"up",1,90,"up",0.373673469387755,"conf",0.68,"1.7138636999989103",2.20334324383526,1.60888991929652,0,22,"M","R"
"113",NA,NA,3,"Main",16,0.873388799998793,"up",0,270,"down",0.292857142857143,"control",0.59,"0.9191016000004311",3.9822306134646,1.91840097215042,0,22,"M","R"
"114",NA,NA,3,"Main",17,0.650944799999706,"up",1,90,"up",0.434285714285714,"control",0.71,"1.0584357000007003",4.45341334989718,2.22333308364042,0,22,"M","R"
"115",NA,NA,3,"Main",18,0.895815100000618,"up",1,90,"up",0.47469387755102,"conf",0.85,"1.9137300000002142",2.35909900310411,2.66170248944627,0,22,"M","R"
"116",NA,NA,3,"Main",19,0.642015200002788,"down",1,270,"down",0.373673469387755,"conf",0.74,"1.0263791000033962",2.87709187448074,1.75439019492906,0,22,"M","R"
"117",NA,NA,3,"Main",20,0.780337299998791,"down",1,270,"down",0.47469387755102,"conf",0.71,"1.2346139999972365",2.23800822358863,1.38085877086125,0,22,"M","R"
"118",NA,NA,3,"Main",21,0.921395000001212,"down",1,270,"down",0.393877551020408,"conf",0.68,"2.1109333999993396",2.87155598016651,1.47106313787135,0,22,"M","R"
"119",NA,NA,3,"Main",22,0.663669699999446,"up",1,90,"up",0.454489795918367,"conf",0.79,"0.9119326000000001",4.03104312690833,3.53509587312108,0,22,"M","R"
"120",NA,NA,3,"Main",23,0.968716699997458,"up",1,90,"up",0.454489795918367,"conf",0.81,"1.0837003999986337",2.91077366238004,3.28518176791566,0,22,"M","R"
"121",NA,NA,3,"Main",24,0.620143000000098,"down",1,270,"down",0.353469387755102,"conf",0.75,"1.2293505999987246",1.90132109075002,3.20450075053887,0,22,"M","R"
"122",NA,NA,3,"Main",25,0.650352900000144,"up",1,90,"up",0.353469387755102,"control",0.66,"1.0203667000023415",3.9086491199064,2.32107529664622,0,22,"M","R"
"123",NA,NA,3,"Main",26,0.701220799997827,"up",1,90,"up",0.393877551020408,"conf",0.72,"1.3946656999978586",3.30288442134694,2.60321875372462,0,22,"M","R"
"124",NA,NA,3,"Main",27,0.648666100001719,"up",1,90,"up",0.393877551020408,"conf",0.79,"1.41821279999931",4.04282183770595,1.32369678374757,0,22,"M","R"
"125",NA,NA,3,"Main",28,0.729507099997136,"down",1,270,"down",0.313061224489796,"conf",0.66,"1.3361927999976615",2.15515505875974,3.17126065069141,0,22,"M","R"
"126",NA,NA,3,"Main",29,0.849343099998805,"down",1,270,"down",0.252448979591837,"conf",0.5,"0.38802250000298955",3.2553177231808,2.35267531319446,0,22,"M","R"
"127",NA,NA,3,"Main",30,0.898235000000568,"down",1,270,"down",0.232244897959184,"conf",0.43,"0.9187644000012369",4.62481533056088,2.18105661309859,0,22,"M","R"
"128",NA,NA,3,"Main",31,1.42091720000099,"up",1,90,"up",0.292857142857143,"conf",0.56,"1.1344795000004524",3.14655257432386,3.63204581033316,0,22,"M","R"
"129",NA,NA,3,"Main",32,0.655163999999786,"up",1,90,"up",0.292857142857143,"control",0.15,"2.0460915000003297",4.18859661575081,2.67431768199995,0,22,"M","R"
"130",NA,NA,3,"Main",33,0.7982305000005,"down",1,270,"down",0.252448979591837,"conf",0.41,"1.668722100002924",4.39248504727966,3.48844516706542,0,22,"M","R"
"131",NA,NA,3,"Main",34,0.631969299996854,"up",1,90,"up",0.292857142857143,"conf",0.82,"1.0066277000005357",4.72119888910595,3.06713623244786,0,22,"M","R"
"132",NA,NA,3,"Main",35,0.621607500001119,"up",1,90,"up",0.292857142857143,"conf",0.95,"1.3926337999982934",1.62177597993174,2.46035254607163,0,22,"M","R"
"133",NA,NA,3,"Main",36,0.628540800000337,"down",1,270,"down",0.27265306122449,"conf",0.7,"1.2304338999965694",3.74337004836251,1.21245026084189,0,22,"M","R"
"134",NA,NA,3,"Main",37,0.789892299999337,"down",1,270,"down",0.212040816326531,"conf",0.59,"1.0316579999998794",1.68444148458459,1.99286664911152,0,22,"M","R"
"135",NA,NA,3,"Main",38,0.892972200002987,"up",1,90,"up",0.232244897959184,"conf",0.7,"1.2942425000001094",3.75926927364317,3.95427473147163,0,22,"M","R"
"136",NA,NA,3,"Main",39,0.58216039999752,"up",1,90,"up",0.27265306122449,"conf",0.91,"0.855019300001004",3.30603980427427,2.89112734328211,0,22,"M","R"
"137",NA,NA,3,"Main",40,0.680425700000342,"down",1,270,"down",0.252448979591837,"conf",0.6,"1.2907677000002877",4.03340564310983,2.77478692209459,0,22,"M","R"
"138",NA,NA,3,"Main",41,0.995926799998415,"down",0,90,"up",0.212040816326531,"conf",0.5,"0.35927499999888823",3.16514619544511,2.28602535338824,0,22,"M","R"
"139",NA,NA,3,"Main",42,0.666491100000712,"down",1,270,"down",0.171632653061224,"conf",0.58,"0.9854107999999542",4.31125129030782,2.62533241670966,0,22,"M","R"
"140",NA,NA,3,"Main",43,1.19574099999954,"up",1,90,"up",0.252448979591837,"control",0.55,"2.7193125000012515",2.83707589888437,2.00370732225837,0,22,"M","R"
"141",NA,NA,3,"Main",44,0.817144399999961,"down",1,270,"down",0.191836734693878,"control",0.5,"0.9750983999983873",1.66766616127473,2.06095759593363,0,22,"M","R"
"142",NA,NA,3,"Main",45,0.792877600000793,"down",1,270,"down",0.131224489795918,"control",0.53,"1.1066304999985732",4.13113771260113,2.37771832698288,0,22,"M","R"
"143",NA,NA,4,"Main",0,0.859122099998785,"down",1,270,"down",0.0908163265306122,"conf",0.42,"1.0745986000001722",4.39683254378963,2.79907740795139,0,22,"M","R"
"144",NA,NA,4,"Main",1,0.821020299998054,"up",1,90,"up",0.0504081632653061,"conf",0.5,"0.47040449999985867",3.74418902084469,2.92528353995825,0,22,"M","R"
"145",NA,NA,4,"Main",2,0.811722800001007,"down",1,270,"down",0.191836734693878,"conf",0.5,"0.9543899000018428",2.23471548441516,1.07894384723579,0,22,"M","R"
"146",NA,NA,4,"Main",3,0.689312700000301,"up",1,90,"up",0.212040816326531,"control",0.56,"0.7830156999989413",1.6667710467657,2.78001129021398,0,22,"M","R"
"147",NA,NA,4,"Main",4,0.606337799999892,"down",1,270,"down",0.171632653061224,"conf",0.6,"1.0929563000026974",4.77574211600192,1.97529891056311,0,22,"M","R"
"148",NA,NA,4,"Main",5,0.660613699998066,"down",1,270,"down",1,"conf",0.98,"0.8229357999989588",3.70109576254305,2.51876276733715,0,22,"M","R"
"149",NA,NA,4,"Main",6,0.960570499999449,"up",1,90,"up",0.0908163265306122,"conf",0.56,"0.7472806000005221",4.42668252064394,2.18261893021065,0,22,"M","R"
"150",NA,NA,4,"Main",7,0.668586199997662,"up",1,90,"up",0.959591836734694,"conf",0.98,"1.0326795999972092",4.76465300019625,2.73561704838336,0,22,"M","R"
"151",NA,NA,4,"Main",8,0.60042919999978,"down",1,270,"down",0.979795918367347,"conf",0.96,"1.2526268000001437",3.7615433427699,3.41050246291617,0,22,"M","R"
"152",NA,NA,4,"Main",9,0.778700300001219,"up",1,90,"up",0.01,"conf",0.48,"0.6929056000008131",2.66335702095768,3.45473609775216,0,22,"M","R"
"153",NA,NA,4,"Main",10,0.831769799999165,"down",1,270,"down",0.979795918367347,"conf",0.94,"1.0066144000011263",2.05161782497368,1.3052459784406,0,22,"M","R"
"154",NA,NA,4,"Main",11,0.797758199998498,"up",1,90,"up",0.191836734693878,"conf",0.5,"0.3858788999968965",4.00465863745508,2.5318602591981,0,22,"M","R"
"155",NA,NA,4,"Main",12,0.97025599999688,"up",1,90,"up",0.212040816326531,"conf",0.73,"0.7775145999985398",4.30251580677685,3.04444661301501,0,22,"M","R"
"156",NA,NA,4,"Main",13,1.29361029999927,"down",1,270,"down",0.131224489795918,"conf",0.5,"0.3311040000007779",4.37411919726576,2.83144896328866,0,22,"M","R"
"157",NA,NA,4,"Main",14,0.724308300003031,"up",0,270,"down",0.0706122448979592,"conf",0.57,"1.704987400000391",2.63123011730048,1.85779223997904,0,22,"M","R"
"158",NA,NA,4,"Main",15,0.776907900002698,"up",0,270,"down",0.191836734693878,"conf",0.5,"1.3148170999993454",1.60358219083152,3.40136640816514,0,22,"M","R"
"159",NA,NA,4,"Main",16,1.10294650000287,"down",1,270,"down",0.01,"conf",0.44,"1.1610196000001451",4.48818949621777,2.14950582878517,0,22,"M","R"
"160",NA,NA,4,"Main",17,0.894334200002049,"up",1,90,"up",1,"control",0.98,"1.2684310999975423",4.75565196670587,3.35104731786579,0,22,"M","R"
"161",NA,NA,4,"Main",18,0.635838700000022,"up",1,90,"up",0.111020408163265,"conf",0.93,"1.0903496999999334",4.8556630000889,3.84283901278857,0,22,"M","R"
"162",NA,NA,4,"Main",19,0.678675099999964,"down",1,270,"down",0.979795918367347,"conf",0.97,"1.1622284000004584",4.07989020401403,1.56316582523768,0,22,"M","R"
"163",NA,NA,4,"Main",20,0.620692899999995,"up",1,90,"up",0.939387755102041,"conf",0.98,"0.7622873000000254",3.27056736190506,1.68798652554672,0,22,"M","R"
"164",NA,NA,4,"Main",21,1.19921169999725,"down",1,270,"down",0.151428571428571,"conf",0.57,"0.645377600001666",3.88194850881324,2.56330656507344,0,22,"M","R"
"165",NA,NA,4,"Main",22,0.707171599999128,"up",1,90,"up",0.131224489795918,"control",0.04,"2.120739699999831",3.66553012933165,1.98461371813194,0,22,"M","R"
"166",NA,NA,4,"Main",23,0.634278699999413,"down",1,270,"down",0.959591836734694,"conf",0.95,"2.949211999999534",3.31403307116035,1.90199245004119,0,22,"M","R"
"167",NA,NA,4,"Main",24,0.901722999999038,"up",1,90,"up",0.0504081632653061,"conf",0.5,"0.37570839999898453",2.10245237837365,3.00695632273057,0,22,"M","R"
"168",NA,NA,4,"Main",25,0.627161199998227,"up",1,90,"up",1,"conf",0.98,"1.0304409000018495",4.69275881215716,3.39173613621385,0,22,"M","R"
"169",NA,NA,4,"Main",26,0.729047799999535,"down",1,270,"down",0.959591836734694,"conf",0.97,"1.1632591000015964",2.22648933045857,1.52525348148799,0,22,"M","R"
"170",NA,NA,4,"Main",27,0.643127399998775,"up",1,90,"up",1,"control",0.97,"0.9097450000008394",2.9761881173444,1.23828173149188,0,22,"M","R"
"171",NA,NA,4,"Main",28,1.23248550000062,"up",0,270,"down",0.151428571428571,"conf",0.41,"0.9590524000013829",3.21863888962613,1.49664206365691,0,22,"M","R"
"172",NA,NA,4,"Main",29,0.870188400000188,"up",1,90,"up",0.0706122448979592,"control",0.6,"0.8518409999996948",3.66159949565224,1.6793523140931,0,22,"M","R"
"173",NA,NA,4,"Main",30,1.30688759999975,"down",1,270,"down",0.01,"control",0.4,"0.8898349000010057",2.60969902354926,2.37724297946088,0,22,"M","R"
"174",NA,NA,4,"Main",31,0.959860000002664,"down",0,90,"up",0.0504081632653061,"conf",0.5,"0.30188949999865144",4.63686205513257,3.86134946179862,0,22,"M","R"
"175",NA,NA,4,"Main",32,1.40645769999901,"down",1,270,"down",0.0302040816326531,"control",0.53,"1.427699299998494",2.15539904966392,1.26254169053036,0,22,"M","R"
"176",NA,NA,4,"Main",33,0.668815900000482,"up",1,90,"up",0.939387755102041,"conf",0.94,"1.0288834999992105",3.11964175163912,3.2716423979427,0,22,"M","R"
"177",NA,NA,4,"Main",34,0.782616399999824,"up",1,90,"up",0.171632653061224,"control",0.58,"0.8977014000010968",4.42974313959429,3.54524807875227,0,22,"M","R"
"178",NA,NA,4,"Main",35,0.857354200001282,"up",1,90,"up",0.01,"conf",0.58,"0.7851929999997083",4.26549345583251,1.33980705007662,0,22,"M","R"
"179",NA,NA,4,"Main",36,0.64487740000186,"down",1,270,"down",0.919183673469388,"conf",0.96,"1.0139275000001362",3.81016184084275,1.1097856230808,0,22,"M","R"
"180",NA,NA,4,"Main",37,0.624157000002015,"down",1,270,"down",1,"conf",0.96,"0.9681119000015315",4.65043133438736,1.7314973243099,0,22,"M","R"
"181",NA,NA,4,"Main",38,0.630047700000432,"up",1,90,"up",0.959591836734694,"conf",0.96,"1.2322550999997475",1.94258517882332,1.48958314866611,0,22,"M","R"
"182",NA,NA,4,"Main",39,0.896250199999486,"down",1,270,"down",0.151428571428571,"conf",0.74,"0.84391549999782",3.58148460279421,3.21136264365997,0,22,"M","R"
"183",NA,NA,4,"Main",40,0.626389600001858,"down",1,270,"down",0.979795918367347,"conf",0.85,"1.3071237999974983",1.86374370889108,2.03966199356501,0,22,"M","R"
"184",NA,NA,4,"Main",41,1.04831299999933,"down",0,90,"up",0.01,"control",0.56,"1.044782099997974",3.63230223527012,2.43357746982398,0,22,"M","R"
"185",NA,NA,4,"Main",42,0.754842199999985,"up",1,90,"up",0.131224489795918,"conf",0.63,"0.9306233000024804",1.70115137744684,2.1658865639948,0,22,"M","R"
"186",NA,NA,4,"Main",43,1.08838409999953,"up",1,90,"up",0.131224489795918,"conf",0.56,"0.9675052999991749",1.61301925087487,2.44665118436682,0,22,"M","R"
"187",NA,NA,4,"Main",44,0.67364969999835,"down",1,270,"down",0.878775510204082,"control",0.95,"0.7432038999977522",1.70858319027152,1.54822548075434,0,22,"M","R"
"188",NA,NA,4,"Main",45,0.653493000001617,"down",1,270,"down",0.959591836734694,"conf",1,"0.9310521999977937",3.11641348588361,2.08884716831519,0,22,"M","R"
"189",NA,NA,5,"Main",0,0.708367400002317,"up",1,90,"up",0.0302040816326531,"conf",0.5,"0.5168551999995543",4.16913073936855,1.63019498812836,0,22,"M","R"
"190",NA,NA,5,"Main",1,1.01016139999774,"up",1,90,"up",0.131224489795918,"conf",0.57,"0.7245137000027171",4.73150514044217,3.87350268674689,0,22,"M","R"
"191",NA,NA,5,"Main",2,0.713738899998134,"down",1,270,"down",0.979795918367347,"conf",0.03,"2.5803233000006003",4.42809405412225,3.41382926771053,0,22,"M","R"
"192",NA,NA,5,"Main",3,0.707515499998408,"up",1,90,"up",0.979795918367347,"conf",0.94,"1.05979600000137",4.94250031440953,2.56526483493839,0,22,"M","R"
"193",NA,NA,5,"Main",4,0.705738600001496,"up",1,90,"up",0.717142857142857,"conf",1,"0.8659424999968905",2.48307386805197,2.87294369196313,0,22,"M","R"
"194",NA,NA,5,"Main",5,0.664739499999996,"down",1,270,"down",1,"conf",0.96,"2.0642827000010584",4.21290732390992,1.78674154471032,0,22,"M","R"
"195",NA,NA,5,"Main",6,0.863454799997271,"down",1,270,"down",0.0908163265306122,"conf",0.94,"1.0082546000012371",4.43497006595591,2.6416215882963,0,22,"M","R"
"196",NA,NA,5,"Main",7,0.623232000001735,"up",1,90,"up",1,"conf",0.96,"1.4099467000014556",4.59262566378767,1.92846139256785,0,22,"M","R"
"197",NA,NA,5,"Main",8,0.874346000000514,"down",1,270,"down",0.979795918367347,"conf",0.96,"1.1543750999990152",2.41377529026028,3.29979404269922,0,22,"M","R"
"198",NA,NA,5,"Main",9,0.604898800000228,"down",1,270,"down",0.979795918367347,"conf",0.97,"1.3707071999997424",2.84517653937481,2.02683946150723,0,22,"M","R"
"199",NA,NA,5,"Main",10,1.10942470000009,"up",1,90,"up",0.818163265306122,"conf",0.97,"1.2924509000004036",4.94483811152019,1.98599393267302,0,22,"M","R"
"200",NA,NA,5,"Main",11,1.45228270000007,"down",0,90,"up",0.131224489795918,"conf",0.74,"1.0865396000008332",2.61175731777124,3.66559208352138,0,22,"M","R"
"201",NA,NA,5,"Main",12,0.805229699999472,"down",1,270,"down",1,"control",0.94,"1.330030799999804",3.85375505565758,3.16365003380016,0,22,"M","R"
"202",NA,NA,5,"Main",13,0.890508199998294,"down",0,90,"up",0.0908163265306122,"control",0.57,"1.6644570000025851",4.70396793909784,2.72681746984696,0,22,"M","R"
"203",NA,NA,5,"Main",14,0.79288760000054,"down",1,270,"down",0.151428571428571,"conf",0.94,"1.2244108999984746",3.99525398634797,2.04804545669287,0,22,"M","R"
"204",NA,NA,5,"Main",15,0.624514899998758,"down",1,270,"down",0.575714285714286,"conf",0.94,"1.0528281000006245",2.83195535847337,2.97089785213745,0,22,"M","R"
"205",NA,NA,5,"Main",16,0.766567300001043,"down",1,270,"down",0.0504081632653061,"conf",0.73,"1.6687980999995489",2.77131230492758,2.0662044928647,0,22,"M","R"
"206",NA,NA,5,"Main",17,0.72537210000155,"up",1,90,"up",0.555510204081633,"control",0.74,"1.854254400001082",3.93324501353566,2.97754532106641,0,22,"M","R"
"207",NA,NA,5,"Main",18,0.891842000000906,"up",1,90,"up",0.939387755102041,"control",0.78,"1.0068620000020019",4.58087264487636,3.20956387643282,0,22,"M","R"
"208",NA,NA,5,"Main",19,0.661180499999318,"down",1,270,"down",0.939387755102041,"control",0.93,"1.1507877000003646",4.6737983167941,2.19575459323395,0,22,"M","R"
"209",NA,NA,5,"Main",20,0.58608539999841,"down",1,270,"down",0.959591836734694,"conf",0.91,"1.3236963999988802",2.39014163641774,2.15643603467069,0,22,"M","R"
"210",NA,NA,5,"Main",21,0.678454000000784,"down",1,270,"down",0.494897959183673,"conf",0.95,"1.6909162999982073",3.48070687889925,2.34871927134524,0,22,"M","R"
"211",NA,NA,5,"Main",22,0.603578899997956,"down",1,270,"down",0.454489795918367,"control",0.97,"1.3626031999992847",2.03705197997373,3.72276593764508,0,22,"M","R"
"212",NA,NA,5,"Main",23,0.981900899998436,"up",1,90,"up",0.171632653061224,"conf",0.81,"1.7137894999978016",2.14600339051442,1.07986723963945,0,22,"M","R"
"213",NA,NA,5,"Main",24,0.639631100002589,"up",1,90,"up",0.919183673469388,"conf",0.97,"1.0181720000000496",4.88424650753497,3.26635304190598,0,22,"M","R"
"214",NA,NA,5,"Main",25,0.787362399998528,"down",0,90,"up",1,"control",0.03,"2.399557400000049",3.06284015981769,1.80059642431435,0,22,"M","R"
"215",NA,NA,5,"Main",26,0.923683199998777,"up",1,90,"up",0.171632653061224,"conf",0.95,"2.5045013000017207",2.17950538807109,1.00596197674274,0,22,"M","R"
"216",NA,NA,5,"Main",27,1.26319700000022,"up",1,90,"up",0.131224489795918,"conf",0.64,"1.059679199999664",4.64872829101512,2.65147445199523,0,22,"M","R"
"217",NA,NA,5,"Main",28,0.61376360000213,"down",0,90,"up",0.818163265306122,"conf",0.04,"1.0176795000006678",2.8428409782094,1.86976017906649,0,22,"M","R"
"218",NA,NA,5,"Main",29,1.48348220000116,"down",1,270,"down",0.939387755102041,"control",0.96,"1.3983923000014329",3.98013253391131,1.60501004398257,0,22,"M","R"
"219",NA,NA,5,"Main",30,0.979618500001379,"down",0,90,"up",0.171632653061224,"conf",0.26,"0.9376240999990841",2.58316488793485,2.78462351155581,0,22,"M","R"
"220",NA,NA,5,"Main",31,1.20362559999921,"up",0,270,"down",0.0908163265306122,"conf",0.56,"1.2846865000028629",3.99483151701797,3.30430472630934,0,22,"M","R"
"221",NA,NA,5,"Main",32,0.7831268000009,"up",0,270,"down",0.171632653061224,"conf",0.59,"1.5756909999981872",3.00379733967552,1.6827927782868,0,22,"M","R"
"222",NA,NA,5,"Main",33,0.838330099999439,"up",1,90,"up",0.171632653061224,"conf",0.61,"1.0259886000021652",4.60779522813894,2.69872451587536,0,22,"M","R"
"223",NA,NA,5,"Main",34,0.752719700001762,"down",1,270,"down",0.414081632653061,"conf",0.67,"1.0974830000013753",2.51740690386454,1.79252468649452,0,22,"M","R"
"224",NA,NA,5,"Main",35,0.677063200000703,"down",1,270,"down",0.454489795918367,"conf",0.65,"1.461144200002309",3.6931975838532,3.28295898390274,0,22,"M","R"
"225",NA,NA,5,"Main",36,1.10584630000085,"up",0,270,"down",0.0302040816326531,"conf",0.5,"0.32035959999848274",4.9808762957571,3.40073622631327,0,22,"M","R"
"226",NA,NA,5,"Main",37,0.935922799999389,"up",1,90,"up",0.434285714285714,"control",0.93,"1.9590559999996913",2.92346383491735,2.87668600486871,0,22,"M","R"
"227",NA,NA,5,"Main",38,0.693605500000558,"up",1,90,"up",0.171632653061224,"conf",0.82,"1.3564120999981242",1.68088961622742,2.29932761423384,0,22,"M","R"
"228",NA,NA,5,"Main",39,0.605700699998124,"up",1,90,"up",0.151428571428571,"conf",0.88,"1.014827699997113",2.38460929691139,2.61733704761604,0,22,"M","R"
"229",NA,NA,5,"Main",40,0.917556100001093,"down",1,270,"down",0.858571428571429,"conf",0.94,"1.0067388999996183",3.58915713915458,1.90740014058523,0,22,"M","R"
"230",NA,NA,5,"Main",41,0.594461100001354,"down",1,270,"down",0.898979591836735,"control",0.94,"1.0044067999988329",4.00185326349017,2.27314520824698,0,22,"M","R"
"231",NA,NA,5,"Main",42,0.661834299997281,"up",1,90,"up",0.919183673469388,"conf",0.96,"1.1875978999996732",2.35038002951711,3.24476850750985,0,22,"M","R"
"232",NA,NA,5,"Main",43,1.0421817000024,"down",1,270,"down",0.01,"conf",0.46,"2.484053899999708",3.05341760708991,1.70256367712774,0,22,"M","R"
"233",NA,NA,5,"Main",44,1.2012891000013,"down",1,270,"down",0.111020408163265,"conf",0.44,"1.1343764000012015",2.57918756614076,3.01155408342627,0,22,"M","R"
"234",NA,NA,5,"Main",45,0.742200099997717,"up",1,90,"up",0.191836734693878,"conf",0.72,"1.6702932000007422",3.61588985531276,1.88191719756216,0,22,"M","R"
"235",NA,NA,6,"Main",0,0.57750759999908,"up",1,90,"up",1,"conf",0.95,"1.175644300001295",2.86314444045181,1.54180527962763,0,22,"M","R"
"236",NA,NA,6,"Main",1,0.542139000001043,"up",1,90,"up",0.777755102040816,"conf",0.96,"0.8877033999997366",1.8806880659235,2.02649837610227,0,22,"M","R"
"237",NA,NA,6,"Main",2,0.588324399999692,"down",1,270,"down",0.717142857142857,"conf",0.93,"0.7284068000008119",4.12361442290879,2.97913498684177,0,22,"M","R"
"238",NA,NA,6,"Main",3,0.624702299999626,"up",1,90,"up",0.858571428571429,"conf",0.98,"0.8024221000014222",1.6486570022521,1.45352659069404,0,22,"M","R"
"239",NA,NA,6,"Main",4,0.714985700000398,"down",1,270,"down",0.131224489795918,"conf",0.69,"1.174826899998152",3.71842407842359,1.83251108358521,0,22,"M","R"
"240",NA,NA,6,"Main",5,0.571500900001411,"down",0,90,"up",0.111020408163265,"control",0.36,"1.2402857000015501",3.11129737338622,2.271679483089,0,22,"M","R"
"241",NA,NA,6,"Main",6,0.814440799997101,"up",1,90,"up",0.919183673469388,"control",0.92,"0.9180090000008931",3.47434779752519,2.00032857918189,0,22,"M","R"
"242",NA,NA,6,"Main",7,0.636211599998205,"down",1,270,"down",0.898979591836735,"conf",0.96,"1.0793821000006574",1.98333598272748,1.4790659212008,0,22,"M","R"
"243",NA,NA,6,"Main",8,0.555824200000643,"down",1,270,"down",0.858571428571429,"conf",0.98,"0.8458726999997452",4.8055369742539,1.99800610428376,0,22,"M","R"
"244",NA,NA,6,"Main",9,0.604768899996998,"down",1,270,"down",0.414081632653061,"control",0.07,"1.3464991999971971",4.75434867696739,1.62218307788203,0,22,"M","R"
"245",NA,NA,6,"Main",10,0.678705099999206,"down",1,270,"down",0.818163265306122,"conf",0.97,"1.4809577000014542",4.57939982609544,3.52272159525235,0,22,"M","R"
"246",NA,NA,6,"Main",11,0.930062700001145,"down",0,90,"up",0.01,"conf",0.42,"0.8960550000010699",2.02627932101849,2.44637838178941,0,22,"M","R"
"247",NA,NA,6,"Main",12,0.641103400001157,"down",1,270,"down",0.919183673469388,"control",0.96,"1.5918715000007069",1.95837847578663,1.63741769598249,0,22,"M","R"
"248",NA,NA,6,"Main",13,0.797610100002203,"down",0,90,"up",0.01,"conf",0.5,"0.4010420000013255",3.02393082713543,2.10985686599327,0,22,"M","R"
"249",NA,NA,6,"Main",14,0.642681700002868,"up",1,90,"up",0.47469387755102,"conf",0.97,"0.8796484000013152",3.40882935229167,3.10398572816116,0,22,"M","R"
"250",NA,NA,6,"Main",15,0.784683300000324,"up",0,270,"down",0.171632653061224,"conf",0.56,"0.9366394000026048",4.6633910225472,1.89349144628735,0,22,"M","R"
"251",NA,NA,6,"Main",16,0.603634499999316,"up",1,90,"up",0.353469387755102,"control",0.69,"1.3426200999965658",1.5862146428384,1.77276198019979,0,22,"M","R"
"252",NA,NA,6,"Main",17,0.613502399999561,"down",1,270,"down",0.434285714285714,"conf",0.77,"0.7106872999975167",4.79725794063926,2.47746817433033,0,22,"M","R"
"253",NA,NA,6,"Main",18,0.82676690000153,"down",1,270,"down",0.01,"conf",0.5,"0.4020660999995016",4.4685312040556,2.05948671686823,0,22,"M","R"
"254",NA,NA,6,"Main",19,0.658918999997695,"down",1,270,"down",0.414081632653061,"conf",0.72,"0.7945434000030218",2.14077650160099,2.28078567534374,0,22,"M","R"
"255",NA,NA,6,"Main",20,0.658028199999535,"down",1,270,"down",0.434285714285714,"conf",0.82,"1.4126484000007622",1.70392266204378,3.18018347304695,0,22,"M","R"
"256",NA,NA,6,"Main",21,0.641522199999599,"down",0,90,"up",0.0706122448979592,"control",0.42,"1.3993993999974919",1.97174652258069,2.71320291087135,0,22,"M","R"
"257",NA,NA,6,"Main",22,0.839949499997601,"down",0,90,"up",0.131224489795918,"conf",0.54,"2.152002700000594",4.96725816150552,3.63815397811435,0,22,"M","R"
"258",NA,NA,6,"Main",23,0.59800499999983,"down",1,270,"down",0.393877551020408,"conf",0.96,"0.8395500000005995",3.35194484025561,2.67882372814479,0,22,"M","R"
"259",NA,NA,6,"Main",24,0.624523800001043,"down",1,270,"down",0.393877551020408,"conf",0.95,"0.9485970000023372",3.96788038998499,2.54469882147209,0,22,"M","R"
"260",NA,NA,6,"Main",25,0.715262499998062,"down",1,270,"down",0.27265306122449,"control",0.68,"1.8779947999973956",4.33529066717075,1.93442977146837,0,22,"M","R"
"261",NA,NA,6,"Main",26,0.68086730000141,"up",1,90,"up",0.878775510204082,"conf",0.93,"0.8367154000006849",2.32247619106638,3.19806010453621,0,22,"M","R"
"262",NA,NA,6,"Main",27,0.739742300000216,"up",1,90,"up",0.292857142857143,"control",0.89,"1.1225242000000435",4.71341372641615,3.24347292016212,0,22,"M","R"
"263",NA,NA,6,"Main",28,0.595001400000911,"up",1,90,"up",0.979795918367347,"conf",0.96,"1.4049798999985796",1.78611106975583,2.26529904995106,0,22,"M","R"
"264",NA,NA,6,"Main",29,0.58783079999921,"up",1,90,"up",0.151428571428571,"conf",0.92,"1.3395476000005146",1.92657253686551,3.99325665755071,0,22,"M","R"
"265",NA,NA,6,"Main",30,0.577660899998591,"down",0,90,"up",0.191836734693878,"conf",0.2,"0.899164300000848",2.05661838202603,2.0653355838809,0,22,"M","R"
"266",NA,NA,6,"Main",31,1.13844950000203,"down",1,270,"down",0.434285714285714,"control",0.64,"1.5980627999997523",1.86726350425234,3.45749020877816,0,22,"M","R"
"267",NA,NA,6,"Main",32,0.662131900000531,"down",1,270,"down",0.292857142857143,"conf",0.86,"1.1077431999983673",4.18324562346469,2.28994835797576,0,22,"M","R"
"268",NA,NA,6,"Main",33,0.626704300000711,"up",1,90,"up",0.434285714285714,"conf",0.97,"0.9592248999979347",2.66015963255064,2.04580072140259,0,22,"M","R"
"269",NA,NA,6,"Main",34,0.655061499997828,"up",0,270,"down",0.0504081632653061,"conf",0.8,"1.1256929000010132",1.93911883029461,2.82084726887957,0,22,"M","R"
"270",NA,NA,6,"Main",35,0.798996699999407,"down",1,270,"down",0.111020408163265,"conf",0.5,"0.7409120999982406",4.73592548664063,3.26235608685994,0,22,"M","R"
"271",NA,NA,6,"Main",36,0.62344860000303,"up",1,90,"up",0.353469387755102,"conf",0.82,"1.2778021000012814",2.59073069932795,2.99059213665849,0,22,"M","R"
"272",NA,NA,6,"Main",37,0.762498600000981,"up",0,270,"down",0.393877551020408,"conf",0.82,"1.0390478000008443",3.03380939423206,3.07404413235484,0,22,"M","R"
"273",NA,NA,6,"Main",38,0.662650199999916,"up",1,90,"up",0.212040816326531,"conf",0.93,"1.0210899999983667",3.66812235397196,2.47687694693087,0,22,"M","R"
"274",NA,NA,6,"Main",39,0.595746999999392,"up",0,270,"down",0.838367346938775,"conf",0.01,"1.1042369999995572",4.08696115952044,2.05563702974182,0,22,"M","R"
"275",NA,NA,6,"Main",40,0.815882599999895,"down",0,90,"up",0.414081632653061,"conf",0.08,"0.9859359000001859",2.35679082903402,2.61109751720613,0,22,"M","R"
"276",NA,NA,6,"Main",41,0.960273400000005,"up",1,90,"up",0.191836734693878,"conf",0.91,"1.1382059999996272",3.90183072956781,1.92290290042952,0,22,"M","R"
"277",NA,NA,6,"Main",42,0.813302099999419,"up",0,270,"down",0.0908163265306122,"conf",NA,"None",4.55604378203609,3.63554314776418,0,22,"M","R"
"278",NA,NA,6,"Main",43,0.744759600001998,"up",1,90,"up",0.212040816326531,"conf",0.7,"0.777527199999895",2.61256977001165,3.04713150947019,0,22,"M","R"
"279",NA,NA,6,"Main",44,0.823516500000551,"up",1,90,"up",0.131224489795918,"control",0.67,"1.6190820000010717",2.73145543420054,3.15215297400331,0,22,"M","R"
"280",NA,NA,6,"Main",45,0.902251400002569,"up",0,270,"down",0.333265306122449,"conf",0.74,"1.1272459000028903",4.51961393669675,2.20986122671925,0,22,"M","R"
"281",NA,NA,7,"Main",0,0.620412300002499,"up",1,90,"up",0.393877551020408,"conf",0.71,"0.7326811000020825",3.23088441871591,2.82492619624685,0,22,"M","R"
"282",NA,NA,7,"Main",1,0.629498199999944,"up",1,90,"up",0.151428571428571,"conf",0.9,"1.095090099999652",4.9472688133506,3.52865965819772,0,22,"M","R"
"283",NA,NA,7,"Main",2,0.660537199997634,"down",1,270,"down",0.434285714285714,"conf",0.94,"1.7942225000006147",2.54565277653899,1.02355641269883,0,22,"M","R"
"284",NA,NA,7,"Main",3,0.573494399999618,"down",1,270,"down",0.353469387755102,"conf",0.66,"1.094912900000054",3.04022348670766,1.27330630991903,0,22,"M","R"
"285",NA,NA,7,"Main",4,0.880941700001131,"down",1,270,"down",0.313061224489796,"control",0.59,"2.6444791999965673",4.53380067215337,1.38601874041768,0,22,"M","R"
"286",NA,NA,7,"Main",5,0.850010099999054,"down",1,270,"down",0.292857142857143,"conf",0.5,"0.5943976999988081",2.58145604407113,1.56829036590534,0,22,"M","R"
"287",NA,NA,7,"Main",6,0.618060199998581,"down",1,270,"down",0.919183673469388,"conf",0.95,"0.9819138999991992",4.84988789639961,3.53558772680836,0,22,"M","R"
"288",NA,NA,7,"Main",7,0.651812100000825,"up",1,90,"up",0.27265306122449,"conf",0.96,"1.3491395999990345",4.66360752318192,2.29816420950251,0,22,"M","R"
"289",NA,NA,7,"Main",8,0.586380299999291,"up",1,90,"up",0.333265306122449,"conf",0.91,"1.096289400000387",2.3361787146683,2.42871693037527,0,22,"M","R"
"290",NA,NA,7,"Main",9,0.557914900000469,"up",1,90,"up",0.696938775510204,"control",0.98,"1.8693402999997488",1.53478943688242,2.77754077349042,0,22,"M","R"
"291",NA,NA,7,"Main",10,0.642080900001019,"up",1,90,"up",0.979795918367347,"conf",0.97,"0.8941749000005075",3.67379416233383,3.4689473568829,0,22,"M","R"
"292",NA,NA,7,"Main",11,0.720099199999822,"down",1,270,"down",0.73734693877551,"conf",0.94,"1.1984840000004624",4.71792547531626,1.77699444381139,0,22,"M","R"
"293",NA,NA,7,"Main",12,0.608965000003082,"down",1,270,"down",0.292857142857143,"conf",0.7,"1.0460437999972783",1.93829912053056,3.75752626485374,0,22,"M","R"
"294",NA,NA,7,"Main",13,1.06513079999786,"down",1,270,"down",0.171632653061224,"conf",0.57,"0.756971999999223",4.62133139188759,2.70915247006483,0,22,"M","R"
"295",NA,NA,7,"Main",14,0.710805099999561,"up",1,90,"up",0.0302040816326531,"conf",0.7,"2.4367316999996547",3.56820730507186,1.78810857498159,0,22,"M","R"
"296",NA,NA,7,"Main",15,0.64939140000206,"up",1,90,"up",0.838367346938775,"conf",NA,"None",4.63732597576742,1.57819982026384,0,22,"M","R"
"297",NA,NA,7,"Main",16,0.798977300000843,"up",1,90,"up",0.0706122448979592,"conf",0.56,"0.7855135999998311",2.021174964018,3.65124607223502,0,22,"M","R"
"298",NA,NA,7,"Main",17,0.602433699998073,"down",1,270,"down",0.717142857142857,"control",0.96,"2.1424255999991146",3.85742582512488,1.49758552609746,0,22,"M","R"
"299",NA,NA,7,"Main",18,0.754731500001071,"down",1,270,"down",0.73734693877551,"control",0.99,"1.1255498999998963",4.39175851119846,1.63825953848641,0,22,"M","R"
"300",NA,NA,7,"Main",19,0.680422299999918,"down",1,270,"down",0.27265306122449,"conf",0.81,"0.8287068999998155",1.71365583756405,3.2505721261084,0,22,"M","R"
"301",NA,NA,7,"Main",20,0.654544199998782,"up",1,90,"up",0.858571428571429,"conf",0.94,"0.8840399000000616",3.13247240658026,1.84423527129699,0,22,"M","R"
"302",NA,NA,7,"Main",21,0.808844799998042,"down",1,270,"down",0.252448979591837,"conf",0.92,"1.4135285000011208",1.93878855079034,2.03085153576649,0,22,"M","R"
"303",NA,NA,7,"Main",22,0.654346300001635,"down",1,270,"down",0.717142857142857,"conf",0.97,"1.1884186999996018",3.62871689226603,2.47252600487245,0,22,"M","R"
"304",NA,NA,7,"Main",23,0.633344099998794,"up",1,90,"up",0.838367346938775,"conf",0.97,"0.9549989000006462",4.70892312864185,3.03664558318086,0,22,"M","R"
"305",NA,NA,7,"Main",24,0.732946500000253,"up",1,90,"up",0.696938775510204,"conf",0.96,"1.2396972999995342",4.47319325418524,2.05151366996655,0,22,"M","R"
"306",NA,NA,7,"Main",25,0.717457599999761,"down",1,270,"down",0.878775510204082,"control",0.96,"1.1437098999995214",4.85485632016988,1.84227981585146,0,22,"M","R"
"307",NA,NA,7,"Main",26,0.660443199998554,"down",1,270,"down",0.373673469387755,"conf",0.95,"0.9318067000021983",1.63836412865004,2.1804013876831,0,22,"M","R"
"308",NA,NA,7,"Main",27,0.60747949999859,"down",0,90,"up",0.0302040816326531,"control",0.5,"0.41712579999875743",2.35290811105246,2.46103435260907,0,22,"M","R"
"309",NA,NA,7,"Main",28,0.625458400001662,"up",1,90,"up",0.979795918367347,"conf",0.98,"0.9924619000012171",2.74310979510545,2.58753420681371,0,22,"M","R"
"310",NA,NA,7,"Main",29,0.58182890000171,"up",1,90,"up",0.818163265306122,"control",0.96,"1.2088981000015337",4.23318487910773,3.11513864722005,0,22,"M","R"
"311",NA,NA,7,"Main",30,0.687285699998029,"up",1,90,"up",0.333265306122449,"conf",0.63,"2.6632054000001517",2.55068707403169,2.61800940144732,0,22,"M","R"
"312",NA,NA,7,"Main",31,0.837212800000998,"up",1,90,"up",0.232244897959184,"conf",0.72,"1.2390599999998813",1.50809456518323,2.56848116422155,0,22,"M","R"
"313",NA,NA,7,"Main",32,0.719743000001472,"down",1,270,"down",0.818163265306122,"conf",0.9,"0.9367846000022837",3.91080244760233,3.87848218979896,0,22,"M","R"
"314",NA,NA,7,"Main",33,0.659096699997463,"up",1,90,"up",0.313061224489796,"conf",0.98,"1.1243192000001727",4.72993435495261,3.28435993245139,0,22,"M","R"
"315",NA,NA,7,"Main",34,0.551772800001345,"up",1,90,"up",0.777755102040816,"control",0.96,"1.671869699999661",2.70712277893194,3.55423991950944,0,22,"M","R"
"316",NA,NA,7,"Main",35,0.634314500002802,"up",0,270,"down",0.292857142857143,"control",0.5,"2.1576018999985536",2.03879611951787,2.23228669894882,0,22,"M","R"
"317",NA,NA,7,"Main",36,0.702468600000429,"up",1,90,"up",0.313061224489796,"conf",0.95,"0.7605595999993966",2.46744132672656,3.98585454494153,0,22,"M","R"
"318",NA,NA,7,"Main",37,0.70038299999942,"up",0,270,"down",0.0706122448979592,"conf",0.63,"1.1546447000000626",2.89163053674451,3.03669215457771,0,22,"M","R"
"319",NA,NA,7,"Main",38,0.662699399999838,"up",1,90,"up",0.27265306122449,"conf",0.74,"1.9902875000007043",2.78521561329129,2.11128960146393,0,22,"M","R"
"320",NA,NA,7,"Main",39,0.642260100001295,"up",1,90,"up",1,"control",0.96,"1.3680442000004405",4.73855243019137,2.41499608557148,0,22,"M","R"
"321",NA,NA,7,"Main",40,0.688940000000002,"down",1,270,"down",0.252448979591837,"conf",0.61,"1.9129056999991008",3.90442659123744,1.93061936966237,0,22,"M","R"
"322",NA,NA,7,"Main",41,0.589224100000138,"down",1,270,"down",0.757551020408163,"conf",0.93,"0.7637585999982548",2.47054208090235,1.36312604199982,0,22,"M","R"
"323",NA,NA,7,"Main",42,0.623093800000788,"up",1,90,"up",0.939387755102041,"conf",0.95,"1.082985600001848",3.10054728225718,2.71528977425532,0,22,"M","R"
"324",NA,NA,7,"Main",43,0.705670200000895,"down",1,270,"down",0.757551020408163,"conf",0.93,"0.7331496000006155",3.90098589656866,2.07270358298191,0,22,"M","R"
"325",NA,NA,7,"Main",44,0.711679099997127,"down",1,270,"down",0.313061224489796,"conf",0.96,"0.9676973999994516",4.28881827965443,2.42383181768404,0,22,"M","R"
"326",NA,NA,7,"Main",45,0.814764399998239,"down",1,270,"down",0.757551020408163,"conf",0.94,"1.0644552000012482",1.92934017711123,2.65015827467321,0,22,"M","R"
"327",NA,NA,8,"Main",0,0.718791999999667,"up",0,270,"down",0.111020408163265,"conf",0.51,"1.0463633999970625",3.23439392941853,1.90665923479722,0,22,"M","R"
"328",NA,NA,8,"Main",1,0.810621600001468,"up",0,270,"down",0.01,"conf",0.59,"0.5737802000003285",2.14457603216408,1.74335339233777,0,22,"M","R"
"329",NA,NA,8,"Main",2,0.612054900000658,"down",1,270,"down",0.797959183673469,"conf",1,"0.747820500000671",4.91145788041184,3.09954364463287,0,22,"M","R"
"330",NA,NA,8,"Main",3,0.554295600002661,"up",1,90,"up",0.858571428571429,"control",0.98,"1.8169200999982422",4.26729681505437,2.42732619485841,0,22,"M","R"
"331",NA,NA,8,"Main",4,0.777021199999581,"up",1,90,"up",0.979795918367347,"conf",0.98,"0.8472676000019419",4.60976896618843,3.29602525697561,0,22,"M","R"
"332",NA,NA,8,"Main",5,0.791540999998688,"down",1,270,"down",0.878775510204082,"conf",0.94,"0.730404499998258",3.10615536175735,2.43026458386359,0,22,"M","R"
"333",NA,NA,8,"Main",6,0.573971699999674,"down",1,270,"down",1,"control",0.92,"1.5234305999983917",4.1120656624029,3.28396542046536,0,22,"M","R"
"334",NA,NA,8,"Main",7,0.985271500001545,"down",1,270,"down",0.414081632653061,"control",0.67,"1.0724230000014359",2.54102819799792,1.76185561610336,0,22,"M","R"
"335",NA,NA,8,"Main",8,0.822480700000597,"up",1,90,"up",0.292857142857143,"control",0.76,"0.8683716000014101",2.89758190603533,1.65883830912629,0,22,"M","R"
"336",NA,NA,8,"Main",9,0.643055500000628,"down",1,270,"down",0.373673469387755,"conf",0.85,"0.940747000000556",3.6637449169547,1.8106227724506,0,22,"M","R"
"337",NA,NA,8,"Main",10,0.674287099998764,"down",1,270,"down",0.333265306122449,"control",0.81,"2.1575174999998126",4.27879336164613,1.1563762139805,0,22,"M","R"
"338",NA,NA,8,"Main",11,0.774285499999678,"up",1,90,"up",0.292857142857143,"conf",0.89,"1.33848990000115",4.08055267106421,1.50657355972447,0,22,"M","R"
"339",NA,NA,8,"Main",12,0.731304299999465,"down",1,270,"down",0.979795918367347,"conf",0.94,"1.0506850999991002",3.17420546099929,3.23183085818532,0,22,"M","R"
"340",NA,NA,8,"Main",13,0.762840999999753,"up",1,90,"up",0.353469387755102,"conf",0.87,"1.1977068999985931",3.71129745757378,3.32236288490159,0,22,"M","R"
"341",NA,NA,8,"Main",14,0.696442299999035,"up",1,90,"up",0.818163265306122,"conf",0.99,"1.2028457000014896",4.76983233955401,1.55041870503233,0,22,"M","R"
"342",NA,NA,8,"Main",15,0.638729899997998,"up",1,90,"up",1,"conf",0.98,"1.6228441999992356",1.84501403424141,2.1330549449219,0,22,"M","R"
"343",NA,NA,8,"Main",16,0.68477619999976,"up",1,90,"up",0.232244897959184,"control",0.94,"1.4360191999985545",2.04375646501225,2.25969669755058,0,22,"M","R"
"344",NA,NA,8,"Main",17,0.588180499998998,"up",1,90,"up",0.171632653061224,"conf",0.62,"0.802046299999347",1.7478107533818,3.2262602770358,0,22,"M","R"
"345",NA,NA,8,"Main",18,0.74355430000287,"down",1,270,"down",0.898979591836735,"control",0.96,"1.0246435000008205",2.39685893445548,3.03469802586466,0,22,"M","R"
"346",NA,NA,8,"Main",19,0.595392700000957,"down",1,270,"down",0.696938775510204,"conf",0.88,"1.1378554000002623",4.0699058971849,2.31129974930155,0,22,"M","R"
"347",NA,NA,8,"Main",20,1.34156660000008,"down",1,270,"down",0.0908163265306122,"conf",0.5,"0.54465540000092",3.49179725328178,2.53070048353805,0,22,"M","R"
"348",NA,NA,8,"Main",21,0.689281399998436,"up",1,90,"up",0.696938775510204,"conf",0.89,"1.4053667999978643",2.59392142305573,2.4317717364255,0,22,"M","R"
"349",NA,NA,8,"Main",22,0.855977100000018,"down",0,90,"up",0.01,"conf",0.41,"0.7034260000000359",2.79781389001071,3.40588366477808,0,22,"M","R"
"350",NA,NA,8,"Main",23,0.913847399999213,"up",1,90,"up",0.191836734693878,"conf",0.65,"0.9324126999999862",3.00884669033343,2.05791851020515,0,22,"M","R"
"351",NA,NA,8,"Main",24,0.596551200000249,"down",1,270,"down",0.292857142857143,"conf",0.3,"0.9651425000010931",3.12596202507453,2.44450191573561,0,22,"M","R"
"352",NA,NA,8,"Main",25,0.991210500000307,"up",0,270,"down",0.151428571428571,"conf",0.78,"1.9267718999981298",3.25958680864129,3.23925977935102,0,22,"M","R"
"353",NA,NA,8,"Main",26,0.579701200000272,"up",1,90,"up",0.555510204081633,"conf",0.88,"0.7622458000005281",2.09119320466103,1.49561816210351,0,22,"M","R"
"354",NA,NA,8,"Main",27,0.643331299997953,"up",1,90,"up",0.73734693877551,"conf",0.92,"1.1834333999977389",3.48799265478555,3.58605049615016,0,22,"M","R"
"355",NA,NA,8,"Main",28,0.968017000002874,"up",0,270,"down",0.333265306122449,"conf",0.34,"1.3509131999999227",1.99514095078354,3.5642965569892,0,22,"M","R"
"356",NA,NA,8,"Main",29,0.607426999999007,"up",1,90,"up",0.797959183673469,"control",0.72,"1.2131021000022884",1.63640961867928,2.99037350951864,0,22,"M","R"
"357",NA,NA,8,"Main",30,0.844986000000063,"up",1,90,"up",0.656530612244898,"conf",0.9,"1.0045705000011367",4.50047504555764,1.89423222964449,0,22,"M","R"
"358",NA,NA,8,"Main",31,0.792315499998949,"up",1,90,"up",0.656530612244898,"conf",0.91,"1.392340200000035",4.72957114918938,3.09314880508553,0,22,"M","R"
"359",NA,NA,8,"Main",32,0.660045700002229,"up",1,90,"up",0.939387755102041,"conf",0.96,"1.2524535999982618",2.36830153335469,1.14509889912532,0,22,"M","R"
"360",NA,NA,8,"Main",33,0.889100200001849,"down",1,270,"down",0.616122448979592,"conf",0.94,"1.1148291999998037",3.18598483398775,1.93148331476761,0,22,"M","R"
"361",NA,NA,8,"Main",34,0.686150300000008,"up",1,90,"up",0.676734693877551,"conf",0.98,"1.19067449999784",3.873558385825,3.65937284840912,0,22,"M","R"
"362",NA,NA,8,"Main",35,0.613037800001621,"up",1,90,"up",0.616122448979592,"conf",0.89,"1.0384548000001814",2.58361979957506,3.72861002088406,0,22,"M","R"
"363",NA,NA,8,"Main",36,0.543636599999445,"down",1,270,"down",1,"control",0.65,"1.63054750000083",2.72554322039614,1.8756774447126,0,22,"M","R"
"364",NA,NA,8,"Main",37,0.708799599997292,"down",1,270,"down",0.656530612244898,"conf",0.95,"1.3283188999994309",3.30659602072335,1.43071035330893,0,22,"M","R"
"365",NA,NA,8,"Main",38,0.689324000002671,"down",1,270,"down",0.979795918367347,"conf",0.95,"1.407485199997609",1.87524330017919,1.70490699883602,0,22,"M","R"
"366",NA,NA,8,"Main",39,0.615479799998866,"down",1,270,"down",0.838367346938775,"conf",0.97,"1.2310709999983374",4.2970219743396,1.49659627661861,0,22,"M","R"
"367",NA,NA,8,"Main",40,0.821369699999195,"down",1,270,"down",0.0302040816326531,"conf",0.92,"1.1649471999990055",2.06356175429877,1.90609428674195,0,22,"M","R"
"368",NA,NA,8,"Main",41,0.699513499999739,"down",1,270,"down",0.919183673469388,"control",0.97,"1.2063522000025841",4.93907424899944,2.53805858473512,0,22,"M","R"
"369",NA,NA,8,"Main",42,0.666900000000169,"up",1,90,"up",0.616122448979592,"conf",0.95,"0.7838323000032688",3.19246064209711,1.78303155186633,0,22,"M","R"
"370",NA,NA,8,"Main",43,0.720207500002289,"up",1,90,"up",0.858571428571429,"conf",0.68,"2.401770399999805",2.12802345158235,2.59098032989815,0,22,"M","R"
"371",NA,NA,8,"Main",44,0.962657200001559,"up",0,270,"down",0.0706122448979592,"conf",0.59,"0.8663840999979584",3.75781382791531,2.8603546699535,0,22,"M","R"
"372",NA,NA,8,"Main",45,0.626579899999342,"up",1,90,"up",0.717142857142857,"conf",0.95,"1.069036299999425",4.13755825021046,3.69513417441385,0,22,"M","R"
"373",NA,NA,9,"Main",0,0.713433599998098,"up",1,90,"up",0.191836734693878,"conf",0.58,"0.741085400000884",4.95149236579696,3.03628436075385,0,22,"M","R"
"374",NA,NA,9,"Main",1,0.668750100001489,"down",1,270,"down",0.616122448979592,"conf",0.91,"1.0759677999994892",3.36892731671926,1.43413951257519,0,22,"M","R"
"375",NA,NA,9,"Main",2,0.736721600002056,"up",1,90,"up",0.353469387755102,"conf",0.64,"1.0377422000019578",2.14146430025966,3.23424731047884,0,22,"M","R"
"376",NA,NA,9,"Main",3,0.919965900000534,"up",1,90,"up",0.0908163265306122,"conf",0.6,"0.949611999996705",2.51536872536828,2.27795775236344,0,22,"M","R"
"377",NA,NA,9,"Main",4,0.855947700001707,"up",1,90,"up",0.353469387755102,"conf",0.5,"0.5566964000026928",4.01019606223923,1.75160026453752,0,22,"M","R"
"378",NA,NA,9,"Main",5,0.618010800000775,"up",1,90,"up",0.818163265306122,"conf",0.98,"0.9991306999982044",2.597134374486,3.14724068485958,0,22,"M","R"
"379",NA,NA,9,"Main",6,0.691482899997936,"down",1,270,"down",0.595918367346939,"control",0.89,"1.9576703999991878",3.51384525301247,2.47985544264418,0,22,"M","R"
"380",NA,NA,9,"Main",7,0.875498999997944,"down",1,270,"down",0.232244897959184,"conf",0.9,"1.0654461000012816",4.43927205519251,3.02112007833052,0,22,"M","R"
"381",NA,NA,9,"Main",8,0.648787799997081,"down",1,270,"down",0.616122448979592,"conf",0.94,"0.9054275999988022",4.82393755443344,1.51552491171204,0,22,"M","R"
"382",NA,NA,9,"Main",9,0.906123999997362,"down",0,90,"up",0.151428571428571,"conf",0.85,"0.8772057000023779",3.18968057003963,3.57160439663223,0,22,"M","R"
"383",NA,NA,9,"Main",10,0.750368200002413,"up",1,90,"up",0.191836734693878,"conf",0.57,"1.678942200000165",4.49965525892369,2.33049462482738,0,22,"M","R"
"384",NA,NA,9,"Main",11,0.906558899998345,"up",0,270,"down",0.01,"conf",0.5,"0.6007895999973698",4.01575664296785,1.51010746783476,0,22,"M","R"
"385",NA,NA,9,"Main",12,1.40994800000044,"up",0,270,"down",0.01,"conf",0.81,"2.169735199997376",3.76797844018041,1.42966382667545,0,22,"M","R"
"386",NA,NA,9,"Main",13,0.872876699999324,"up",0,270,"down",0.0706122448979592,"control",0.5,"0.3829384000018763",4.41856171403251,1.76853111993158,0,22,"M","R"
"387",NA,NA,9,"Main",14,0.650689199999761,"down",1,270,"down",0.393877551020408,"conf",0.58,"0.7235049999981129",4.45818494134523,2.13681723009669,0,22,"M","R"
"388",NA,NA,9,"Main",15,0.649343699999008,"up",1,90,"up",0.777755102040816,"control",0.87,"1.2759163000009721",2.46849012753654,2.49473327277882,0,22,"M","R"
"389",NA,NA,9,"Main",16,0.604639799999859,"up",1,90,"up",0.717142857142857,"conf",1,"1.2843156999988423",3.66725116014837,2.72627332008584,0,22,"M","R"
"390",NA,NA,9,"Main",17,0.777180199998838,"up",1,90,"up",0.0706122448979592,"control",0.98,"2.396856999999727",2.50850273957697,3.21360759481777,0,22,"M","R"
"391",NA,NA,9,"Main",18,0.940346300001693,"down",1,270,"down",0.0706122448979592,"conf",0.84,"1.6839737000009336",3.48404088795435,2.95456142276797,0,22,"M","R"
"392",NA,NA,9,"Main",19,0.593328300001303,"down",1,270,"down",0.656530612244898,"conf",0.87,"0.9558993999999075",2.53143889011256,1.34142028736015,0,22,"M","R"
"393",NA,NA,9,"Main",20,0.627983900001709,"down",1,270,"down",0.47469387755102,"control",0.94,"1.0172713000029034",2.13741153893237,2.47471438542383,0,22,"M","R"
"394",NA,NA,9,"Main",21,0.696359200002917,"up",1,90,"up",0.939387755102041,"conf",0.98,"1.1075891999971645",4.38484091932563,2.3675442765967,0,22,"M","R"
"395",NA,NA,9,"Main",22,0.987320000000182,"down",1,270,"down",0.333265306122449,"conf",0.75,"0.9082837000023574",2.18849447063476,1.32342195265036,0,22,"M","R"
"396",NA,NA,9,"Main",23,0.612659400001576,"down",0,90,"up",0.53530612244898,"conf",0.06,"1.024531199997",1.91671427612535,2.88371026231236,0,22,"M","R"
"397",NA,NA,9,"Main",24,0.634560000002239,"down",1,270,"down",0.47469387755102,"conf",0.94,"0.7720767999999225",1.78629942863233,2.50856644577848,0,22,"M","R"
"398",NA,NA,9,"Main",25,1.08144509999693,"up",0,270,"down",0.151428571428571,"control",0.28,"1.8603665999980876",2.11241035876618,3.54909084935325,0,22,"M","R"
"399",NA,NA,9,"Main",26,0.67351349999808,"up",1,90,"up",0.898979591836735,"control",0.96,"0.8756815000015195",2.59213504029053,2.71901248321723,0,22,"M","R"
"400",NA,NA,9,"Main",27,0.627426600000035,"up",1,90,"up",1,"conf",0.98,"0.7954793999997491",4.06063000220068,3.55622136942578,0,22,"M","R"
"401",NA,NA,9,"Main",28,0.878564700000425,"up",0,270,"down",0.01,"conf",0.5,"0.43874199999845587",3.53253290677779,2.32467599377581,0,22,"M","R"
"402",NA,NA,9,"Main",29,0.82853939999768,"down",1,270,"down",0.656530612244898,"conf",0.93,"2.159126299997297",2.01328794256866,1.81780054983095,0,22,"M","R"
"403",NA,NA,9,"Main",30,0.717820199999551,"up",1,90,"up",0.616122448979592,"conf",0.88,"0.7271474999979546",1.68403996932853,2.73504175996249,0,22,"M","R"
"404",NA,NA,9,"Main",31,0.788092399998277,"down",1,270,"down",0.0504081632653061,"conf",0.61,"1.2254039000035846",3.52377618064354,1.90047515842084,0,22,"M","R"
"405",NA,NA,9,"Main",32,0.888007300000027,"up",1,90,"up",0.232244897959184,"conf",0.67,"1.2378203999978723",4.1465177464972,2.98151159287983,0,22,"M","R"
"406",NA,NA,9,"Main",33,0.623514499999146,"up",1,90,"up",0.595918367346939,"conf",0.82,"1.2799578000012843",3.58715573085826,2.93282040844515,0,22,"M","R"
"407",NA,NA,9,"Main",34,0.638098999999784,"down",1,270,"down",0.53530612244898,"conf",0.81,"1.06619370000044",4.14934921526354,1.30413594253352,0,22,"M","R"
"408",NA,NA,9,"Main",35,0.746928800002934,"up",1,90,"up",0.333265306122449,"conf",0.85,"1.3016145000001416",1.83802228065495,1.65654550884825,0,22,"M","R"
"409",NA,NA,9,"Main",36,0.595406399999774,"up",1,90,"up",0.636326530612245,"conf",0.86,"1.993063699999766",3.29932890833662,2.51496395719397,0,22,"M","R"
"410",NA,NA,9,"Main",37,0.721697600001789,"down",1,270,"down",0.515102040816326,"control",0.72,"1.6356097999996564",4.36493248627353,2.63355714167367,0,22,"M","R"
"411",NA,NA,9,"Main",38,0.60412450000149,"up",1,90,"up",0.616122448979592,"conf",0.95,"1.0569611999999324",3.80825188823539,3.52276383414628,0,22,"M","R"
"412",NA,NA,9,"Main",39,0.831553200001508,"down",0,90,"up",0.0302040816326531,"control",0.29,"2.0007549000001745",1.7240945477333,1.09724232068532,0,22,"M","R"
"413",NA,NA,9,"Main",40,1.23832169999878,"down",1,270,"down",0.515102040816326,"conf",0.86,"1.0333122999982152",4.8177256075854,2.34923464421078,0,22,"M","R"
"414",NA,NA,9,"Main",41,0.671580800000811,"up",1,90,"up",0.393877551020408,"conf",0.74,"1.5139297999994596",2.13332388065936,1.07816151921007,0,22,"M","R"
"415",NA,NA,9,"Main",42,1.23969119999674,"down",0,90,"up",0.01,"conf",0.5,"0.5850420999995549",1.52914563754337,2.67701845712451,0,22,"M","R"
"416",NA,NA,9,"Main",43,0.74419730000227,"down",1,270,"down",0.191836734693878,"conf",0.61,"2.2215443999994022",1.58290487307623,3.36921318355619,0,22,"M","R"
"417",NA,NA,9,"Main",44,0.685042499997508,"down",1,270,"down",0.616122448979592,"conf",0.5,"0.9839831999997841",4.06305586597199,1.80916347361381,0,22,"M","R"
"418",NA,NA,9,"Main",45,0.604112199998781,"down",1,270,"down",0.939387755102041,"control",0.98,"2.0260352000004787",1.57180467323016,2.7448854527704,0,22,"M","R"
