thisRow.t,notes,block,Trialtype,withinblocktrial,RTdec,resp,cor,dots direction,cor_resp,coherence,scale,SR_conf,RTrating,interval,interTrial.interval,start_conf,subject,age,gender,handedness,
,,0,Training - easy,0,1.623142899999948,down,0,90,up,0.8,,,,,,,3,27,W,R,
,,0,Training - easy,1,0.7005331999998816,down,0,90,up,0.8,,,,,,,3,27,W,R,
,,0,Training - easy,2,0.6157757000000856,up,1,90,up,0.8,,,,,,,3,27,W,R,
,,0,Training - easy,3,0.615174499999739,down,0,90,up,0.8,,,,,,,3,27,W,R,
,,0,Training - easy,4,0.9002567999996245,up,1,90,up,0.8,,,,,,,3,27,W,R,
,,0,Training - easy,5,0.7002037000002019,down,0,90,up,0.8,,,,,,,3,27,W,R,
,,0,Training - easy,6,1.0191820999998527,down,1,270,down,0.8,,,,,,,3,27,W,R,
,,0,Training - easy,7,0.7346578999995472,down,1,270,down,0.8,,,,,,,3,27,W,R,
,,0,Training - easy,8,0.5828987000004417,up,1,90,up,0.8,,,,,,,3,27,W,R,
,,0,Training - easy,9,0.6165235000007669,down,0,90,up,0.8,,,,,,,3,27,W,R,
,,0,Training - easy,10,0.8856703000001289,down,0,90,up,0.8,,,,,,,3,27,W,R,
,,0,Training - easy,11,0.7167129999997996,up,0,270,down,0.8,,,,,,,3,27,W,R,
,,0,Training - easy,12,0.7677913999996235,down,1,270,down,0.8,,,,,,,3,27,W,R,
,,0,Training - easy,13,0.7853162000001248,down,1,270,down,0.8,,,,,,,3,27,W,R,
,,0,Training - easy,14,0.9683316999999079,up,0,270,down,0.8,,,,,,,3,27,W,R,
,,0,Training - easy,15,0.7841138000003411,up,0,270,down,0.8,,,,,,,3,27,W,R,
,,0,Training - easy,16,0.699518999999782,down,1,270,down,0.8,,,,,,,3,27,W,R,
,,0,Training - easy,17,0.6849409000005835,down,1,270,down,0.8,,,,,,,3,27,W,R,
,,0,Training - easy,18,0.6701137999998537,down,0,90,up,0.8,,,,,,,3,27,W,R,
,,0,Training - easy,19,0.6178854999998293,up,0,270,down,0.8,,,,,,,3,27,W,R,
,,0,Training - easy,0,0.7533027999998012,down,0,90,up,0.8,,,,,,,3,27,W,R,
,,0,Training - easy,1,0.9355343999995966,down,1,270,down,0.8,,,,,,,3,27,W,R,
,,0,Training - easy,2,0.48202219999984663,up,0,270,down,0.8,,,,,,,3,27,W,R,
,,0,Training - easy,3,0.5002048000005743,up,1,90,up,0.8,,,,,,,3,27,W,R,
,,0,Training - easy,4,0.48319590000028256,down,1,270,down,0.8,,,,,,,3,27,W,R,
,,0,Training - easy,5,0.5667656000005081,up,0,270,down,0.8,,,,,,,3,27,W,R,
,,0,Training - easy,6,0.6325830000005226,down,1,270,down,0.8,,,,,,,3,27,W,R,
,,0,Training - easy,7,0.6840469000007943,up,1,90,up,0.8,,,,,,,3,27,W,R,
,,0,Training - easy,8,0.7849141000006057,up,1,90,up,0.8,,,,,,,3,27,W,R,
,,0,Training - easy,9,1.0505904999999984,up,1,90,up,0.8,,,,,,,3,27,W,R,
,,0,Training - easy,10,0.6987088000005315,up,1,90,up,0.8,,,,,,,3,27,W,R,
,,0,Training - easy,11,0.5660331000008227,down,1,270,down,0.8,,,,,,,3,27,W,R,
,,0,Training - easy,12,0.5174787999994805,up,1,90,up,0.8,,,,,,,3,27,W,R,
,,0,Training - easy,13,0.41871869999977207,down,1,270,down,0.8,,,,,,,3,27,W,R,
,,0,Training - easy,14,0.5839912000001277,up,1,90,up,0.8,,,,,,,3,27,W,R,
,,0,Training - easy,15,0.4002307999999175,down,1,270,down,0.8,,,,,,,3,27,W,R,
,,0,Training - easy,16,0.43486619999930554,up,1,90,up,0.8,,,,,,,3,27,W,R,
,,0,Training - easy,17,0.448909900000217,down,1,270,down,0.8,,,,,,,3,27,W,R,
,,0,Training - easy,18,0.7505307999999786,down,1,270,down,0.8,,,,,,,3,27,W,R,
,,0,Training - easy,19,0.44983159999992495,up,1,90,up,0.8,,,,,,,3,27,W,R,
,,0,Training - hard,0,0.9526073000006363,up,1,90,up,0.4,,,,,,,3,27,W,R,
,,0,Training - hard,1,0.40037260000008246,down,0,90,up,0.4,,,,,,,3,27,W,R,
,,0,Training - hard,2,0.8828431999991153,down,1,270,down,0.4,,,,,,,3,27,W,R,
,,0,Training - hard,3,0.5669900000002599,up,0,270,down,0.4,,,,,,,3,27,W,R,
,,0,Training - hard,4,0.8501118000003771,down,0,90,up,0.4,,,,,,,3,27,W,R,
,,0,Training - hard,5,0.7997712999995201,down,1,270,down,0.4,,,,,,,3,27,W,R,
,,0,Training - hard,6,0.8503971999998612,up,1,90,up,0.4,,,,,,,3,27,W,R,
,,0,Training - hard,7,0.6333334000000832,down,1,270,down,0.4,,,,,,,3,27,W,R,
,,0,Training - hard,8,0.6186078000000634,up,1,90,up,0.4,,,,,,,3,27,W,R,
,,0,Training - hard,9,0.6681095999992976,down,0,90,up,0.4,,,,,,,3,27,W,R,
,,0,Training - hard,10,0.6332877000004373,up,1,90,up,0.4,,,,,,,3,27,W,R,
,,0,Training - hard,11,0.5341237000002366,down,1,270,down,0.4,,,,,,,3,27,W,R,
,,0,Training - hard,12,0.8354976999999053,down,1,270,down,0.4,,,,,,,3,27,W,R,
,,0,Training - hard,13,0.7661858999999822,down,1,270,down,0.4,,,,,,,3,27,W,R,
,,0,Training - hard,14,0.7009969000000638,down,1,270,down,0.4,,,,,,,3,27,W,R,
,,0,Training - hard,15,0.7663611999996647,up,0,270,down,0.4,,,,,,,3,27,W,R,
,,0,Training - hard,16,0.6151974000003975,up,1,90,up,0.4,,,,,,,3,27,W,R,
,,0,Training - hard,17,0.4661496000007901,down,1,270,down,0.4,,,,,,,3,27,W,R,
,,0,Training - hard,18,0.6831068000001324,down,0,90,up,0.4,,,,,,,3,27,W,R,
,,0,Training - hard,19,0.6496319999996558,up,1,90,up,0.4,,,,,,,3,27,W,R,
,,1,Training - scales,0,0.8926965000000564,up,1,90,up,0.6,control,0.6399999999999999,0.9870242999995753,,,,3,27,W,R,
,,1,Training - scales,1,0.4993858999996519,down,1,270,down,1.0,conf,0.72,0.7181055999999444,,,,3,27,W,R,
,,1,Training - scales,2,1.334294299999783,up,1,90,up,0.1,conf,0.15999999999999992,1.035225999999966,,,,3,27,W,R,
,,1,Training - scales,3,1.150812799999585,up,1,90,up,0.7000000000000001,conf,0.30000000000000004,1.053342000000157,,,,3,27,W,R,
,,1,Training - scales,4,0.7521636999999828,down,1,270,down,0.4,control,0.6799999999999999,1.6029801999993651,,,,3,27,W,R,
,,1,Training - scales,5,1.001285899999857,down,1,270,down,0.8,control,0.45999999999999996,0.6672859000000244,,,,3,27,W,R,
,,1,Training - scales,6,1.0677200999998604,down,1,270,down,0.5,conf,0.6399999999999999,1.5007618999998158,,,,3,27,W,R,
,,1,Training - scales,7,nan,[],0,270,down,0.2,None,None,None,,,,3,27,W,R,
,,1,Training - scales,8,0.7966623000002073,up,1,90,up,0.9,control,0.76,0.816222999999809,,,,3,27,W,R,
,,1,Training - scales,9,1.685051299999941,up,1,90,up,0.30000000000000004,conf,0.21999999999999997,0.5195526999996218,,,,3,27,W,R,
,,2,Main,0,1.7754445000000487,up,0,270,down,0.5151020408163265,conf,-0.040000000000000036,0.7806241999996928,2.9078752038253803,2.472663671567169,0.6065433598233405,3,27,W,R,
,,2,Main,1,1.7788168999995833,up,1,90,up,0.7373469387755102,conf,0.21999999999999997,1.0642118000005212,3.1745440895001065,3.6292660223539155,0.7485697995065579,3,27,W,R,
,,2,Main,2,1.0586358000000473,down,1,270,down,0.6969387755102041,conf,0.3600000000000001,1.1889492999998765,4.7641990490164075,2.398815646101023,0.6861913577144796,3,27,W,R,
,,2,Main,3,0.82229499999994,down,1,270,down,0.676734693877551,conf,0.8,0.8891608999992968,4.346688578681731,1.2702625367151539,0.38298878772755157,3,27,W,R,
,,2,Main,4,1.9824364000005517,up,1,90,up,0.6363265306122449,conf,0.1200000000000001,0.8526254999997036,3.621472037620962,2.6715414323551414,0.4075535018343552,3,27,W,R,
,,2,Main,5,1.285301600000821,up,1,90,up,0.5757142857142857,conf,0.3600000000000001,0.8110206000001199,3.2679770986249967,3.7246822775597384,0.6549523433626473,3,27,W,R,
,,2,Main,6,0.9623477000004641,down,1,270,down,0.4746938775510204,conf,0.24,0.8093189999999595,2.197009207576678,3.939714374627469,0.6691420866602616,3,27,W,R,
,,2,Main,7,1.531718300000648,up,1,90,up,0.4342857142857143,conf,0.17999999999999994,1.7121749000007185,2.8642300865094015,2.5462592375604585,0.31603175794617555,3,27,W,R,
,,2,Main,8,1.2903354999998555,down,1,270,down,0.39387755102040817,conf,0.15999999999999992,1.114763700000367,2.717801064773784,1.3164703095423578,0.4508592063118565,3,27,W,R,
,,2,Main,9,0.8882574999997814,down,1,270,down,0.3736734693877551,conf,0.32000000000000006,1.034639999999854,2.5649932591529003,2.440549704376328,0.4562912032450055,3,27,W,R,
,,2,Main,10,1.7625989999996818,up,1,90,up,0.333265306122449,conf,0.1200000000000001,0.9439433999996254,4.847153688090008,2.8799981081744357,0.6321589227179013,3,27,W,R,
,,2,Main,11,0.8889852000002065,down,1,270,down,0.29285714285714287,control,0.3400000000000001,0.9231602999998358,4.094500314452518,2.5352320469504384,0.524214964383225,3,27,W,R,
,,2,Main,12,1.7359722999999576,up,1,90,up,0.2524489795918367,conf,0.1200000000000001,1.3670431999998982,3.563052145430521,2.91983175861636,0.39246094837498363,3,27,W,R,
,,2,Main,13,3.0195625999995173,up,1,90,up,0.2120408163265306,conf,0.040000000000000036,2.337330700000166,3.4728737184583114,3.5834259174700835,0.38316018628812565,3,27,W,R,
,,2,Main,14,1.5884333999993032,up,1,90,up,0.19183673469387755,conf,0.1200000000000001,1.3963881999998193,3.9690009301157305,1.0504803900635575,0.3293120591275875,3,27,W,R,
,,2,Main,15,1.9543240000002697,up,1,90,up,0.1716326530612245,control,0.040000000000000036,1.8092163000001165,4.456981952759601,1.834016422846973,0.6380446650599021,3,27,W,R,
,,2,Main,16,1.7380250000005617,up,0,270,down,0.15142857142857144,control,0.020000000000000018,0.8261573999998291,4.956590292939737,2.929899219536176,0.3966192097843348,3,27,W,R,
,,2,Main,17,1.4565153000003193,up,1,90,up,0.23224489795918368,conf,0.1399999999999999,1.3231900999999198,2.074416110158505,3.4317246756247997,0.28232295884788855,3,27,W,R,
,,2,Main,18,1.3898045999994793,up,1,90,up,0.2120408163265306,conf,0.020000000000000018,1.2359231000000364,3.047654258964598,3.33999174874819,0.35372419939576216,3,27,W,R,
,,2,Main,19,1.7003664000003482,up,1,90,up,0.19183673469387755,control,0.21999999999999997,1.514622500000769,4.515657047803948,3.162376986538188,0.3711434251098739,3,27,W,R,
,,2,Main,20,1.709628800000246,down,0,90,up,0.1716326530612245,conf,0.020000000000000018,0.9129753999995955,4.02481703735773,2.9631324906186944,0.5815143666763786,3,27,W,R,
,,2,Main,21,1.6103639000002659,up,1,90,up,0.2524489795918367,conf,0.15999999999999992,0.93780070000048,4.0501088302625305,2.868111203889461,0.5650808904334171,3,27,W,R,
,,2,Main,22,1.4375239999999394,down,0,90,up,0.23224489795918368,control,0.1200000000000001,1.385378099999798,4.280211853419278,1.733703373645376,0.4841271441926359,3,27,W,R,
,,2,Main,23,1.2372636999998576,down,1,270,down,0.29285714285714287,control,0.19999999999999996,1.6420834999998988,4.209121394658965,3.796279991501011,0.2976554037696729,3,27,W,R,
,,2,Main,24,1.5397455000002083,down,1,270,down,0.29285714285714287,conf,0.28,1.6762997999994695,2.892754013696888,3.450886385189542,0.44036499262608503,3,27,W,R,
,,2,Main,25,1.1880090000004202,down,1,270,down,0.2726530612244898,conf,0.24,1.3780022999999346,3.9709496651093175,1.8396447072791051,0.7368345427499008,3,27,W,R,
,,2,Main,26,1.5961247999994157,down,0,90,up,0.2524489795918367,conf,0.28,1.0144521000001987,3.6262073531196033,3.299518683959085,0.44472849554339805,3,27,W,R,
,,2,Main,27,1.4724460999996154,down,0,90,up,0.3130612244897959,conf,0.08000000000000007,1.397326900000735,2.885313143902036,3.004402860243024,0.3669604033331781,3,27,W,R,
,,2,Main,28,1.2487125000006927,down,1,270,down,0.39387755102040817,control,0.43999999999999995,0.9449364000001879,2.8633185844590523,1.4864926307802933,0.5115782943192015,3,27,W,R,
,,2,Main,29,1.61670310000045,up,1,90,up,0.3736734693877551,control,0.28,1.1805270999993809,2.2964951675583904,2.1132926279494018,0.4079572706189068,3,27,W,R,
,,2,Main,30,1.5749416999997266,up,1,90,up,0.35346938775510206,conf,0.3600000000000001,0.8599045000000842,3.3583634016286035,2.892663092781511,0.4582692839411957,3,27,W,R,
,,2,Main,31,1.508165999999619,up,0,270,down,0.333265306122449,control,0.040000000000000036,0.6539527000004455,3.9150160257122693,3.182596818742218,0.525614009385533,3,27,W,R,
,,2,Main,32,0.8547521999998935,down,1,270,down,0.4140816326530612,conf,0.28,0.9779946999997264,2.2712966356131865,1.606936837670098,0.4566834672735826,3,27,W,R,
,,2,Main,33,1.5478327999999237,up,0,270,down,0.39387755102040817,conf,0.020000000000000018,0.7998631000000387,3.64131947469384,2.321451603164822,0.4077964464309888,3,27,W,R,
,,2,Main,34,1.1313820999994277,down,1,270,down,0.45448979591836736,conf,0.6399999999999999,1.1005893000001379,3.175147399531859,1.7846817088461042,0.6825547564881654,3,27,W,R,
,,2,Main,35,1.3361960999991425,down,1,270,down,0.4342857142857143,conf,0.56,1.1210546000002068,3.29216972276394,2.036981451343947,0.6094567833605378,3,27,W,R,
,,2,Main,36,1.5326544999998077,down,1,270,down,0.4342857142857143,conf,0.3600000000000001,0.8585132999996858,3.0018656853949857,3.946149691992311,0.3934317278100669,3,27,W,R,
,,2,Main,37,1.3748243000000002,down,1,270,down,0.4140816326530612,conf,0.24,1.517302700000073,4.185310779055962,2.595207773667626,0.3107257184905781,3,27,W,R,
,,2,Main,38,1.7943800000002739,up,1,90,up,0.4140816326530612,conf,0.19999999999999996,1.1962305000006381,4.776351974891753,3.218630687201818,0.2947617093175185,3,27,W,R,
,,2,Main,39,1.3400511999998344,down,1,270,down,0.39387755102040817,conf,0.19999999999999996,1.1002528999997594,4.901477457423516,2.9127672360425065,0.6497953201767156,3,27,W,R,
,,2,Main,40,1.3405235000000175,up,1,90,up,0.3736734693877551,conf,0.43999999999999995,1.0633310000002894,2.886717448963422,3.8985986472969514,0.4608953307410114,3,27,W,R,
,,2,Main,41,1.6060630000001765,up,1,90,up,0.35346938775510206,conf,0.3600000000000001,1.3314269000002241,4.600717529152782,1.9546142957758983,0.46123487577163913,3,27,W,R,
,,2,Main,42,1.8016041999999288,up,1,90,up,0.35346938775510206,control,0.24,1.1881687999994028,4.6921323662323005,2.5913893261493293,0.5039354543384609,3,27,W,R,
,,2,Main,43,1.7480270000005476,down,1,270,down,0.333265306122449,conf,0.020000000000000018,1.173080800000207,2.182609359761366,3.8464737267169156,0.2809150003179344,3,27,W,R,
,,2,Main,44,1.577052900000126,down,1,270,down,0.3130612244897959,conf,0.040000000000000036,1.310214499999347,2.9952586402910333,2.2626770661055677,0.2620305081383653,3,27,W,R,
,,2,Main,45,1.577052900000126,[],0,270,down,0.3130612244897959,None,None,None,None,3.3288544135885663,0.2620305081383653,3,27,W,R,
,,3,Main,0,1.18505229999937,up,1,90,up,0.35346938775510206,conf,0.6799999999999999,0.6814836000003197,3.263604912205825,1.5181028673379604,0.7320147886290422,3,27,W,R,
,,3,Main,1,1.406272700000045,up,0,270,down,0.29285714285714287,conf,-0.07999999999999996,1.0318551000000298,3.6331811964793075,2.7937003773639284,0.671254720016284,3,27,W,R,
,,3,Main,2,0.8255970999998681,down,1,270,down,0.45448979591836736,control,0.6399999999999999,1.0597983999996359,2.224964597309942,2.3263525934989038,0.50348098651737,3,27,W,R,
,,3,Main,3,1.2960314000001745,down,0,90,up,0.4342857142857143,control,-0.30000000000000004,1.093075100000533,4.46437649543353,1.271248719882072,0.2628570610833587,3,27,W,R,
,,3,Main,4,1.366326499999559,down,1,270,down,0.3736734693877551,conf,0.1200000000000001,0.9186939999999595,4.142426736126936,2.6098254717670275,0.5985033216667639,3,27,W,R,
,,3,Main,5,1.2951917000000321,down,1,270,down,0.4746938775510204,conf,0.26,1.1674179999999978,4.771784287644001,1.159167895114627,0.47315874093888044,3,27,W,R,
,,3,Main,6,1.5247390000004089,down,0,90,up,0.35346938775510206,control,0.040000000000000036,1.0724844999995184,2.8625787502054996,2.298599164465527,0.6071325219230261,3,27,W,R,
,,3,Main,7,1.4717151999993803,up,1,90,up,0.5151020408163265,conf,0.3600000000000001,0.8324161000000458,2.0999581405857333,1.1302562651732977,0.5789040063868164,3,27,W,R,
,,3,Main,8,1.3385602000007566,up,1,90,up,0.45448979591836736,conf,0.8,1.1460111000005782,4.037838713016443,2.7008624645156916,0.2791985056779495,3,27,W,R,
,,3,Main,9,1.5370188000006237,up,1,90,up,0.39387755102040817,conf,0.72,1.5310081999996328,4.98742116327613,3.7521139651388693,0.42158247660892245,3,27,W,R,
,,3,Main,10,1.252045299999736,up,1,90,up,0.39387755102040817,conf,0.76,0.6713270000000193,3.7263685461169533,1.4755775740494794,0.7472405822287119,3,27,W,R,
,,3,Main,11,1.252045299999736,[],0,270,down,0.35346938775510206,None,None,None,None,3.48395222906431,0.7472405822287119,3,27,W,R,
,,3,Main,12,1.1148428999995303,down,1,270,down,0.4140816326530612,conf,0.78,1.0700693999997384,2.055559314091941,2.8328532423796418,0.6421589023387111,3,27,W,R,
,,3,Main,13,1.3187681999997949,up,1,90,up,0.45448979591836736,conf,0.32000000000000006,0.9721493000006376,3.0227627850535006,2.904334838452419,0.2903373276764523,3,27,W,R,
,,3,Main,14,1.2683401000003869,down,1,270,down,0.45448979591836736,conf,0.5,0.9016486000000441,4.2276576873049425,2.0640245165637254,0.3831674596643206,3,27,W,R,
,,3,Main,15,1.1888179999996282,down,1,270,down,0.39387755102040817,conf,0.3799999999999999,1.247994600000311,2.2675618016981174,3.512761916581912,0.3191000540225204,3,27,W,R,
,,3,Main,16,1.2920202999994217,down,1,270,down,0.4140816326530612,conf,0.56,1.0848469000002297,4.284111517998025,2.4026324171699796,0.3820409801127271,3,27,W,R,
,,3,Main,17,1.3694305999997596,up,1,90,up,0.4342857142857143,conf,0.24,0.9026622999999745,3.6438047812819834,1.829470601877265,0.46391732239638,3,27,W,R,
,,3,Main,18,0.9550874000005933,down,1,270,down,0.4140816326530612,control,0.6000000000000001,1.1257672000001548,3.1249973558804247,2.9055095690954316,0.3015125359440245,3,27,W,R,
,,3,Main,19,1.3465724999996382,up,1,90,up,0.29285714285714287,conf,0.1399999999999999,1.779217499999504,3.263304133931814,1.878773235632771,0.4115312921517857,3,27,W,R,
,,3,Main,20,1.3069382000003316,up,1,90,up,0.3736734693877551,control,0.1200000000000001,1.351525600000059,3.3181399275526426,2.3770437707298533,0.2899211980708041,3,27,W,R,
,,3,Main,21,1.4920859000003475,down,1,270,down,0.39387755102040817,control,0.72,0.8126914000004035,3.3899710603296174,3.3002084848388407,0.702069430575361,3,27,W,R,
,,3,Main,22,1.0382417999999234,down,1,270,down,0.29285714285714287,conf,0.06000000000000005,0.9333294999996724,4.832611480068956,2.3854392681622665,0.574357679354314,3,27,W,R,
,,3,Main,23,1.2179823999995278,up,1,90,up,0.19183673469387755,conf,0.0,1.5315812999997434,2.564364972742014,1.7588054436691225,0.6754102060209773,3,27,W,R,
,,3,Main,24,1.162493099999665,down,1,270,down,0.4140816326530612,conf,0.6599999999999999,0.9275314999995317,4.897576356153949,2.0017656185892903,0.4665418458230979,3,27,W,R,
,,3,Main,25,1.2325372999994215,down,1,270,down,0.2524489795918367,conf,0.08000000000000007,1.0216120999994018,2.707609755081637,1.3625255818048245,0.40334418573320713,3,27,W,R,
,,3,Main,26,1.2883146999993187,down,1,270,down,0.19183673469387755,control,0.3999999999999999,1.128719600000295,4.720888197224696,2.280559175363951,0.5766217390565211,3,27,W,R,
,,3,Main,27,1.622569800000747,down,1,270,down,0.2524489795918367,conf,0.040000000000000036,1.2586256999993566,4.310310250457841,2.6295354282633454,0.38994653119743367,3,27,W,R,
,,3,Main,28,1.6576218999998673,up,1,90,up,0.23224489795918368,conf,0.020000000000000018,1.8468603000001167,3.1375459506929726,2.213726987196921,0.7055812914928721,3,27,W,R,
,,3,Main,29,1.5404521000000386,down,1,270,down,0.23224489795918368,conf,0.19999999999999996,0.9829538000003595,3.753313109475802,3.1719978505380877,0.4547341638889169,3,27,W,R,
,,3,Main,30,1.7180322000003798,up,1,90,up,0.2120408163265306,conf,0.08000000000000007,0.908468399999947,3.6057092759313845,1.3947314739271146,0.6126375249330482,3,27,W,R,
,,3,Main,31,1.623940099999345,up,1,90,up,0.19183673469387755,control,0.17999999999999994,0.8706705999993574,4.7815524121890665,2.1301913589022337,0.4970406594249225,3,27,W,R,
,,3,Main,32,1.934689800000342,up,1,90,up,0.23224489795918368,conf,0.020000000000000018,1.074634700000388,4.221321165244847,3.7391692725608388,0.6126421093017762,3,27,W,R,
,,3,Main,33,1.5313077000000703,up,0,270,down,0.11102040816326529,conf,0.28,1.1757559999996374,4.333478666172505,2.701998684695193,0.6946758857736861,3,27,W,R,
,,3,Main,34,1.5348590999992666,up,1,90,up,0.15142857142857144,conf,0.3600000000000001,1.0871059000000969,2.4911491052217185,2.0489731403545757,0.2901683870269024,3,27,W,R,
,,3,Main,35,1.2188451000001805,up,0,270,down,0.23224489795918368,conf,0.30000000000000004,0.8106826000002911,3.7341917865034038,3.2905181231402647,0.4896542287766901,3,27,W,R,
,,3,Main,36,1.31443709999985,up,1,90,up,0.2120408163265306,conf,0.19999999999999996,1.0810928999999305,4.277355228820317,1.4575086904809487,0.6909547264048566,3,27,W,R,
,,3,Main,37,1.4778912000001583,up,1,90,up,0.11102040816326529,conf,0.28,0.802082899999732,3.1048600364600945,2.7597844208950466,0.654858623494348,3,27,W,R,
,,3,Main,38,1.8282258999997794,up,1,90,up,0.11102040816326529,conf,-0.06000000000000005,1.2502721000000747,4.622831410128222,1.1755620121859698,0.4121363580833373,3,27,W,R,
,,3,Main,39,1.5102392999997392,down,0,90,up,0.13122448979591836,conf,0.020000000000000018,1.1126980999997613,3.576027142426251,2.570352987772154,0.3055356014993264,3,27,W,R,
,,3,Main,40,1.416653100000076,down,0,90,up,0.13122448979591836,conf,0.21999999999999997,1.660766599999988,2.7002680029747643,2.192410987346869,0.6268149845603488,3,27,W,R,
,,3,Main,41,1.714361700000154,up,0,270,down,0.1716326530612245,conf,0.040000000000000036,1.1050621999993382,3.368941911063053,3.1498124537217667,0.5856180404136407,3,27,W,R,
,,3,Main,42,1.722305399999641,up,0,270,down,0.2726530612244898,control,0.08000000000000007,1.4971903999994538,2.2673076966388352,3.885619947760402,0.718731104508721,3,27,W,R,
,,3,Main,43,1.400672200000372,up,1,90,up,0.4140816326530612,conf,0.6000000000000001,1.1976785999995627,3.646161247079542,2.13864544543487,0.5486414937776309,3,27,W,R,
,,3,Main,44,1.6654668999999558,down,1,270,down,0.2726530612244898,conf,0.43999999999999995,0.7171633999996629,4.026644479747372,1.7320580606763583,0.6575620596165541,3,27,W,R,
,,3,Main,45,1.722282499999892,down,1,270,down,0.19183673469387755,control,0.1200000000000001,1.0317125000001397,2.631827863450839,2.397773584595907,0.4546545686624789,3,27,W,R,
,,4,Main,0,1.5596863999999186,down,0,90,up,0.1716326530612245,conf,0.020000000000000018,0.8725774000004094,3.414226152958102,3.831301839788558,0.6310419817775704,3,27,W,R,
,,4,Main,1,1.6921204000000216,down,1,270,down,0.1716326530612245,conf,0.08000000000000007,1.0846452999994654,3.968348441147623,1.4697563836872582,0.40748542988152714,3,27,W,R,
,,4,Main,2,1.316523800000141,down,1,270,down,0.23224489795918368,conf,0.24,1.0095444999997198,3.2326923893641615,2.983245330760348,0.4814806998147278,3,27,W,R,
,,4,Main,3,1.091540100000202,down,1,270,down,0.2524489795918367,conf,0.8,0.8062255999993795,2.481569509204687,3.0882408699009147,0.5466476089793489,3,27,W,R,
,,4,Main,4,1.1838739999993777,down,1,270,down,0.2120408163265306,conf,0.72,0.7543288000006214,2.42476904325646,2.6427337226943073,0.4108342021005481,3,27,W,R,
,,4,Main,5,1.3959045000001424,down,0,90,up,0.4140816326530612,control,0.3799999999999999,1.158355799999299,4.232299620669976,1.5093337827520146,0.4457589528407149,3,27,W,R,
,,4,Main,6,1.876705600000605,up,1,90,up,0.49489795918367346,conf,0.06000000000000005,1.1472192000001087,3.7408479726863564,1.7277089356660458,0.5391821582390091,3,27,W,R,
,,4,Main,7,0.8629773000002388,down,1,270,down,0.49489795918367346,conf,0.8799999999999999,2.560743800000637,3.197803712488823,2.166692488164477,0.48532993008584513,3,27,W,R,
,,4,Main,8,1.5396875999995245,up,1,90,up,0.23224489795918368,conf,0.6599999999999999,1.077867399999377,4.274491262575809,2.1591922161557733,0.30823260570917793,3,27,W,R,
,,4,Main,9,1.545212700000775,up,1,90,up,0.15142857142857144,conf,0.17999999999999994,0.8729398999994373,3.5676105682371277,3.2570150069226695,0.40505652112762697,3,27,W,R,
,,4,Main,10,1.3534611999994013,up,1,90,up,0.2524489795918367,conf,0.19999999999999996,1.0209744999992836,2.275834153768148,2.0427791159023596,0.701812810436362,3,27,W,R,
,,4,Main,11,1.0971507999993264,up,1,90,up,0.4746938775510204,conf,0.8600000000000001,2.2378747000002477,2.388317487892486,2.2372461987994208,0.4769535565497341,3,27,W,R,
,,4,Main,12,0.9665224000000308,down,1,270,down,0.39387755102040817,control,0.9199999999999999,0.9444489999996222,4.551462205967358,3.340413583965633,0.4741201037500919,3,27,W,R,
,,4,Main,13,1.279347300000154,up,1,90,up,0.19183673469387755,conf,0.56,0.8443896000007953,2.2281780640951308,3.4654280743301102,0.25961990456842565,3,27,W,R,
,,4,Main,14,1.389555300000211,up,1,90,up,0.07061224489795918,control,0.3400000000000001,0.8289000000004307,3.638507081422277,2.154387721830294,0.38900430833485006,3,27,W,R,
,,4,Main,15,1.3813894999993863,up,1,90,up,0.39387755102040817,control,0.52,1.016017799999645,3.0592477325972602,1.617360468407906,0.28126857055809257,3,27,W,R,
,,4,Main,16,1.5341284000005544,up,0,270,down,0.4342857142857143,conf,0.8600000000000001,0.7788529999997991,3.247662939608951,2.198887708111802,0.4115239198380799,3,27,W,R,
,,4,Main,17,1.0403956999998627,up,1,90,up,0.49489795918367346,conf,0.8799999999999999,0.9301034999998592,2.5541890475412243,3.2675346213445073,0.5616755296750529,3,27,W,R,
,,4,Main,18,1.1702693999995972,up,0,270,down,0.23224489795918368,control,0.72,0.7210461000004216,2.54190445309146,1.7753878658447957,0.7220788354736086,3,27,W,R,
,,4,Main,19,1.5122669000002134,up,0,270,down,0.4342857142857143,conf,0.17999999999999994,0.7086503999998968,4.582489960568882,1.6744963273413744,0.6039441064026332,3,27,W,R,
,,4,Main,20,1.580000399999335,up,1,90,up,0.19183673469387755,conf,0.28,0.9618273000005502,2.4785429878137863,2.8502461533843575,0.5335387084505822,3,27,W,R,
,,4,Main,21,0.8536518000000797,down,1,270,down,0.5353061224489796,conf,0.41999999999999993,0.7975851999999577,2.8663959716105745,2.7289815787513185,0.3354785457178393,3,27,W,R,
,,4,Main,22,1.4249668000002202,up,0,270,down,0.2120408163265306,conf,0.3600000000000001,0.760298000000148,4.775749230639023,2.225087051960422,0.35446405433664624,3,27,W,R,
,,4,Main,23,1.4249668000002202,[],0,270,down,0.1716326530612245,None,None,None,None,3.1869181263393163,0.35446405433664624,3,27,W,R,
,,4,Main,24,1.3429900000000998,up,1,90,up,0.2120408163265306,control,0.1200000000000001,0.9480819000000338,2.354204994047196,2.5510859058520285,0.6531872916851514,3,27,W,R,
,,4,Main,25,1.1886850999999297,up,1,90,up,0.45448979591836736,conf,0.48,0.7085488000002442,2.7571612539094694,1.6897719523468226,0.6672726453974797,3,27,W,R,
,,4,Main,26,0.9455477000001338,up,1,90,up,0.45448979591836736,conf,0.96,1.5812920999997004,3.1761782693156766,1.5021007377325974,0.4472238275715177,3,27,W,R,
,,4,Main,27,1.9793401999995694,up,0,270,down,0.13122448979591836,conf,0.08000000000000007,0.842163299999811,2.0959030469382163,1.6831049727385947,0.478899727312129,3,27,W,R,
,,4,Main,28,1.0685638000004474,up,1,90,up,0.3736734693877551,control,0.8,1.0633462999994663,3.684723900018513,3.488864141931875,0.38842221776230146,3,27,W,R,
,,4,Main,29,1.5146369000003688,down,1,270,down,0.4746938775510204,conf,0.8,1.1934526999993977,4.149598232460894,2.1143020855027164,0.47962663377843684,3,27,W,R,
,,4,Main,30,0.9546872999999323,down,1,270,down,0.4342857142857143,conf,0.96,1.0301310999993802,2.969230607436845,2.614992625786009,0.40922795105066456,3,27,W,R,
,,4,Main,31,0.958573100000649,down,1,270,down,0.3736734693877551,conf,0.5800000000000001,1.444848500000262,3.608527173814788,1.9818967885893777,0.6737362036162253,3,27,W,R,
,,4,Main,32,1.2054560999995374,up,1,90,up,0.5353061224489796,conf,0.8,0.9835704000006444,2.548217919736053,3.0334009732310108,0.2980931744118572,3,27,W,R,
,,4,Main,33,1.5547866999995676,down,1,270,down,0.15142857142857144,conf,0.040000000000000036,1.0452103999996325,4.0688830664862525,2.8196328565377207,0.3030604713540825,3,27,W,R,
,,4,Main,34,1.271882199999709,up,1,90,up,0.4140816326530612,conf,0.52,0.7580510999996477,4.13986843095612,2.9151107028170204,0.38246802865454055,3,27,W,R,
,,4,Main,35,1.259360099999867,up,1,90,up,0.45448979591836736,conf,0.5,0.9198143000003256,3.7002451891675956,2.6291812068917952,0.273691613655371,3,27,W,R,
,,4,Main,36,0.9921935000002122,down,1,270,down,0.5151020408163265,conf,0.7,0.7509025000008478,3.7040088723671563,2.4921122350355884,0.5704468461848872,3,27,W,R,
,,4,Main,37,1.3460801000001084,up,0,270,down,0.13122448979591836,conf,0.040000000000000036,1.180832800000644,4.393862150545431,2.1969716445931184,0.3422683445104657,3,27,W,R,
,,4,Main,38,0.9881435999996029,down,1,270,down,0.4342857142857143,conf,0.78,0.8332645000000412,2.5807773626515305,2.5545594167876646,0.432008661570706,3,27,W,R,
,,4,Main,39,0.882796199999575,down,1,270,down,0.45448979591836736,control,0.76,1.0529756000005364,4.341993718060184,1.2398297772276026,0.5365709148886981,3,27,W,R,
,,4,Main,40,1.4635408000003736,up,1,90,up,0.35346938775510206,conf,0.7,1.0619337999996787,2.364053599259637,1.9336014683066076,0.39657312661983357,3,27,W,R,
,,4,Main,41,1.3370562000000064,up,1,90,up,0.3736734693877551,conf,0.6399999999999999,0.785566600000493,3.895644900246062,2.838751344948246,0.42768379571695014,3,27,W,R,
,,4,Main,42,0.9981228999995437,down,1,270,down,0.23224489795918368,control,0.48,0.9130472000006193,2.4608958487926964,1.428782204912201,0.5924972784374581,3,27,W,R,
,,4,Main,43,1.1585597000002963,up,1,90,up,0.23224489795918368,conf,0.56,1.1996195000001535,4.438094220514699,1.7841366897857198,0.7147280796142514,3,27,W,R,
,,4,Main,44,1.620553700000528,down,1,270,down,0.3736734693877551,conf,0.020000000000000018,1.0499089999993885,3.6822652748642914,1.8451107921150243,0.6328458465235872,3,27,W,R,
,,4,Main,45,1.3408174999995026,up,1,90,up,0.11102040816326529,control,0.26,0.8150279000001319,3.537628158005253,2.002876031436687,0.29447661201132463,3,27,W,R,
,,5,Main,0,1.622066800000539,up,1,90,up,0.07061224489795918,control,0.0,1.3137322000002314,2.0700309612130785,3.883132913312628,0.2773582758449777,3,27,W,R,
,,5,Main,1,1.2384997999997722,up,1,90,up,0.2726530612244898,conf,0.6799999999999999,1.0348628000001554,2.0485173914557118,3.331477418425334,0.46180815204950854,3,27,W,R,
,,5,Main,2,1.2903039000002536,up,1,90,up,0.09081632653061224,conf,0.0,0.9247807000001558,2.9420790948780136,3.331067357667382,0.28470452736093926,3,27,W,R,
,,5,Main,3,1.2572677999996813,up,1,90,up,0.09081632653061224,conf,0.1399999999999999,0.835581600000296,2.7817453895642124,1.115202011367552,0.5773984923177179,3,27,W,R,
,,5,Main,4,1.7212976999999228,up,0,270,down,0.39387755102040817,conf,-0.16000000000000003,0.6388497999996616,3.8424825515622745,1.8103645632410643,0.5696777377012266,3,27,W,R,
,,5,Main,5,1.1586396000002424,down,1,270,down,0.4746938775510204,conf,0.76,0.8132623999999851,3.405384554685221,2.5798701965654867,0.5694266346443952,3,27,W,R,
,,5,Main,6,1.4588106000001062,down,1,270,down,0.01,conf,-0.040000000000000036,0.9843033999995896,3.1192876539943333,3.9229836332810635,0.3038334952588279,3,27,W,R,
,,5,Main,7,1.0306172999999035,up,1,90,up,0.2524489795918367,conf,0.8600000000000001,0.8074404999997569,3.515681141665997,1.4718025644875643,0.4217149045279347,3,27,W,R,
,,5,Main,8,1.3625984000000244,up,1,90,up,0.4140816326530612,conf,0.48,0.7605667999996513,4.763343097642553,3.7948112924065156,0.6617454739307397,3,27,W,R,
,,5,Main,9,0.959731400000237,up,1,90,up,0.49489795918367346,conf,0.3999999999999999,0.8166825999996945,2.552975434325564,3.2849987065920203,0.6604515774986273,3,27,W,R,
,,5,Main,10,1.2861368000003495,up,1,90,up,0.13122448979591836,control,0.21999999999999997,1.038592900000367,2.84138702961748,1.1918421281674885,0.5083899932296526,3,27,W,R,
,,5,Main,11,0.9437183000000005,up,1,90,up,0.4140816326530612,conf,0.5800000000000001,0.8394379000001209,4.733782644156752,2.6555220611723422,0.49705765552095005,3,27,W,R,
,,5,Main,12,1.3806770999999571,up,1,90,up,0.030204081632653063,control,0.28,0.9134696000000986,4.27876561433509,3.037920912450243,0.27889139983434275,3,27,W,R,
,,5,Main,13,1.5146168000001126,up,0,270,down,0.4342857142857143,control,0.15999999999999992,0.8631396999999197,3.261055864987947,1.8290046592152474,0.5035135222773967,3,27,W,R,
,,5,Main,14,1.173838099999557,down,1,270,down,0.1716326530612245,control,0.19999999999999996,0.85383499999989,3.6139551006891724,3.3388374110153873,0.7070312283484518,3,27,W,R,
,,5,Main,15,1.5827828000001318,up,0,270,down,0.01,conf,0.040000000000000036,1.046553700000004,3.412544909614165,2.4983686575391113,0.6735220916106368,3,27,W,R,
,,5,Main,16,1.0540521999992052,down,1,270,down,0.4140816326530612,conf,0.8400000000000001,0.9830310000006648,2.163882874160685,3.1780698308280297,0.3817533814393323,3,27,W,R,
,,5,Main,17,1.309244299999591,down,1,270,down,0.45448979591836736,conf,0.3999999999999999,0.9913961000002018,4.513985991439797,2.426624473486286,0.27212789992980163,3,27,W,R,
,,5,Main,18,1.4285694000000149,down,0,90,up,0.07061224489795918,control,0.10000000000000009,0.9642896999994264,4.124550483713743,1.663669221690996,0.6626524276581265,3,27,W,R,
,,5,Main,19,0.9599127000001317,down,1,270,down,0.4140816326530612,conf,1.0,1.0688779000001887,3.1003036049540036,2.0538899226234335,0.7478981389216061,3,27,W,R,
,,5,Main,20,1.8478993999997329,down,0,90,up,0.07061224489795918,conf,0.19999999999999996,0.9032951999997749,3.7214640143217093,2.294470784090052,0.71130706952239,3,27,W,R,
,,5,Main,21,1.2602214999997159,down,0,90,up,0.1716326530612245,conf,0.06000000000000005,0.8999526999996306,3.403839541473466,2.3421475409311387,0.5567771456115826,3,27,W,R,
,,5,Main,22,1.4435177999994266,down,0,90,up,0.1716326530612245,control,-0.020000000000000018,0.7057881999999154,4.66666536920197,3.768803523767796,0.39393251317651345,3,27,W,R,
,,5,Main,23,1.4435177999994266,[],0,90,up,0.2524489795918367,None,None,None,None,2.2832099874565617,0.39393251317651345,3,27,W,R,
,,5,Main,24,1.4271621999996569,down,0,90,up,0.3736734693877551,conf,-0.16000000000000003,0.9786665000001449,4.2593744376311315,2.556749654350301,0.25755362463990955,3,27,W,R,
,,5,Main,25,1.3828991000000315,up,0,270,down,0.13122448979591836,conf,0.040000000000000036,1.1139922000002116,4.964103363961055,3.3506463298425033,0.6498081709889669,3,27,W,R,
,,5,Main,26,1.2036385999999766,down,1,270,down,0.5151020408163265,conf,0.8999999999999999,0.9756369999995513,4.838876249407063,3.2789813566859203,0.6894489807062886,3,27,W,R,
,,5,Main,27,1.4932572000006985,up,1,90,up,0.2726530612244898,conf,0.040000000000000036,1.09791419999965,4.47602575439044,1.2906448138370819,0.6700234185536975,3,27,W,R,
,,5,Main,28,1.8122720999999729,up,1,90,up,0.19183673469387755,conf,-0.28,1.2007505000001402,3.655905518817106,2.088221004966038,0.7329253375575862,3,27,W,R,
,,5,Main,29,1.2492009999996299,up,0,270,down,0.07061224489795918,conf,0.1399999999999999,0.7936132000004363,2.6834032588466217,2.303877905408276,0.5786581452304027,3,27,W,R,
,,5,Main,30,1.333456400000614,up,1,90,up,0.11102040816326529,conf,0.0,0.9058783999998923,2.9879300527462473,2.329766001038941,0.69820494583443,3,27,W,R,
,,5,Main,31,1.3748619000007238,up,0,270,down,0.39387755102040817,conf,-0.16000000000000003,0.881358800000271,4.038530082740014,2.598367936395349,0.5088619510984499,3,27,W,R,
,,5,Main,32,0.9530893000001015,down,1,270,down,0.5555102040816327,control,0.72,0.8309007999996538,4.7847466901086895,2.4028660876689028,0.2787818335839903,3,27,W,R,
,,5,Main,33,1.6872442000003502,down,1,270,down,0.2524489795918367,conf,0.19999999999999996,0.9121728000000076,3.354743136124604,3.705718296374556,0.7036561527557853,3,27,W,R,
,,5,Main,34,1.8439902999998594,down,1,270,down,0.11102040816326529,conf,0.06000000000000005,1.2880284000002575,2.44741113143101,2.709272081874181,0.4635648014070567,3,27,W,R,
,,5,Main,35,1.866237700000056,up,0,270,down,0.2120408163265306,conf,-0.040000000000000036,0.9103955999999016,4.335650672002685,1.8961180278904828,0.35889039552994634,3,27,W,R,
,,5,Main,36,3.0224517000006017,down,1,270,down,0.39387755102040817,conf,-0.020000000000000018,1.9705933999994159,4.0277965165345355,2.027006323511042,0.401002204765725,3,27,W,R,
,,5,Main,37,1.2261434000001827,up,1,90,up,0.19183673469387755,conf,0.1200000000000001,0.9001508000001195,3.853467634196138,1.328991820047004,0.3822635642522492,3,27,W,R,
,,5,Main,38,1.4396097999997437,down,1,270,down,0.49489795918367346,conf,0.24,0.6866945000001579,3.162290254047809,2.8845024144028204,0.5368914338281655,3,27,W,R,
,,5,Main,39,1.3509923999999955,up,0,270,down,0.23224489795918368,conf,0.3999999999999999,0.8850099000001137,3.460563657993469,1.6090461709021104,0.6003907944091974,3,27,W,R,
,,5,Main,40,0.9774858999999196,up,1,90,up,0.5555102040816327,conf,0.8600000000000001,1.288644799999929,3.8980179491562,3.6811981988528357,0.34036983737281806,3,27,W,R,
,,5,Main,41,1.3094695999998294,up,0,270,down,0.23224489795918368,control,0.0,0.9823373999997784,4.854705507847522,1.797302969126767,0.47371560423611286,3,27,W,R,
,,5,Main,42,0.9905727999994269,up,1,90,up,0.5151020408163265,conf,0.8,0.8437520000006771,3.2232815613441725,3.4735178789892256,0.7383796153822095,3,27,W,R,
,,5,Main,43,1.4159410000002026,up,0,270,down,0.2120408163265306,control,0.8400000000000001,1.0179982999998174,4.092993073092149,2.4448315905392874,0.39461108944301115,3,27,W,R,
,,5,Main,44,1.2415037000000666,up,0,270,down,0.19183673469387755,conf,0.8400000000000001,0.9790683000001081,3.6569734330380763,3.556699696790564,0.2738701988120978,3,27,W,R,
,,5,Main,45,1.3495004000005792,up,1,90,up,0.23224489795918368,conf,0.8999999999999999,0.8918837999999596,2.2998854763533396,1.5825300809262894,0.3922272106821009,3,27,W,R,
,,6,Main,0,1.4320267000002787,up,1,90,up,0.030204081632653063,conf,0.020000000000000018,1.9734523999995872,3.9203757286000105,1.8046949544069544,0.6175036966446459,3,27,W,R,
,,6,Main,1,1.131672399999843,down,1,270,down,0.3130612244897959,conf,0.78,0.7287043000005724,4.231526501638854,2.82596494973693,0.3478182325784993,3,27,W,R,
,,6,Main,2,1.0442352999998548,down,1,270,down,0.23224489795918368,conf,0.8,0.7395577999996021,2.4795947834126535,2.1422881397813085,0.5899129783633916,3,27,W,R,
,,6,Main,3,1.3279925000006187,down,0,90,up,0.05040816326530612,conf,0.17999999999999994,1.0192615999994814,3.252161811109379,2.119119366128612,0.3297285027816339,3,27,W,R,
,,6,Main,4,0.865338900000097,down,1,270,down,0.4746938775510204,conf,0.96,0.8431764999995721,4.935226227156687,2.2540391729339615,0.5302568313819891,3,27,W,R,
,,6,Main,5,1.231535900000381,down,1,270,down,0.07061224489795918,conf,0.1399999999999999,1.2060921000002054,4.304147803445728,2.4861442479888343,0.30625857085879093,3,27,W,R,
,,6,Main,6,1.4002335999994102,down,1,270,down,0.07061224489795918,conf,0.020000000000000018,1.5726803999996264,4.090395138486292,2.3196011715243623,0.3325769973618458,3,27,W,R,
,,6,Main,7,1.2037062999997943,down,0,90,up,0.05040816326530612,conf,0.1399999999999999,0.9150987000002715,4.147027644556714,2.7118312727889706,0.5262716447950865,3,27,W,R,
,,6,Main,8,1.1458730000003925,down,1,270,down,0.2524489795918367,conf,0.17999999999999994,0.9580394000004162,2.398779674767414,3.3972565568555835,0.516748916467423,3,27,W,R,
,,6,Main,9,1.307801400000244,up,1,90,up,0.49489795918367346,conf,0.98,1.3520680000001448,2.5803819946033957,1.617366944027982,0.6055693297413762,3,27,W,R,
,,6,Main,10,1.538428899999417,up,1,90,up,0.2726530612244898,conf,0.76,0.7942069999999148,2.7379118958187307,1.983997440135988,0.43843995042143674,3,27,W,R,
,,6,Main,11,0.8549358000000211,down,1,270,down,0.4342857142857143,conf,-0.78,1.0588383999993312,4.576669947793764,3.094353069539029,0.6482653649846799,3,27,W,R,
,,6,Main,12,1.809376300000622,up,0,270,down,0.4342857142857143,control,-0.24,1.196263099999669,3.9571463015120516,1.7477214620623691,0.6655856417398209,3,27,W,R,
,,6,Main,13,1.5044497999997475,up,1,90,up,0.09081632653061224,control,0.26,0.8758060999998634,4.004452513712713,2.4258535836342165,0.2636155512798718,3,27,W,R,
,,6,Main,14,1.4156954000000042,up,0,270,down,0.07061224489795918,control,0.15999999999999992,0.8372282000000268,3.107420963437778,1.3399150012413577,0.35427006590853316,3,27,W,R,
,,6,Main,15,1.3943048999999519,up,0,270,down,0.11102040816326529,conf,0.10000000000000009,0.9844547000002422,3.252653371749293,1.8959107755593816,0.604688377356126,3,27,W,R,
,,6,Main,16,1.4891176999999516,up,1,90,up,0.030204081632653063,control,0.43999999999999995,0.8027705999993486,3.413038645801401,2.073277852482576,0.5551112384325906,3,27,W,R,
,,6,Main,17,1.0474404000005961,up,1,90,up,0.39387755102040817,conf,0.6200000000000001,0.8405577000003177,3.0010986419162853,2.3878730515950726,0.29876170850010414,3,27,W,R,
,,6,Main,18,1.3326715999992302,up,0,270,down,0.3130612244897959,control,0.6399999999999999,0.7965181999998094,4.480673374266708,1.8826753078653855,0.48690780929857935,3,27,W,R,
,,6,Main,19,1.3037610999999742,up,0,270,down,0.3130612244897959,conf,0.41999999999999993,0.8811136000003899,2.651483057457182,2.7979407254264443,0.48012708805234533,3,27,W,R,
,,6,Main,20,1.339833699999872,up,1,90,up,0.29285714285714287,control,0.8400000000000001,1.0544932000002518,4.064499333536524,1.0874734491117948,0.5900504018208002,3,27,W,R,
,,6,Main,21,1.6668372000003728,up,1,90,up,0.030204081632653063,conf,0.28,1.3525393999998414,2.424590331586905,1.5899269197465604,0.4147520021716265,3,27,W,R,
,,6,Main,22,1.832436499999858,up,0,270,down,0.5555102040816327,conf,0.8799999999999999,0.9125358999999662,2.44443963891057,2.2702712498198854,0.38256754296605466,3,27,W,R,
,,6,Main,23,1.4489180999999007,up,0,270,down,0.07061224489795918,conf,0.8799999999999999,0.8788073999994594,2.6950830400832144,3.9238616987733552,0.4684642297607538,3,27,W,R,
,,6,Main,24,1.0306745999996565,up,1,90,up,0.4140816326530612,conf,0.8,0.7757503999991968,3.597607808435478,2.124358481427451,0.43941850754819045,3,27,W,R,
,,6,Main,25,1.045581200000015,up,1,90,up,0.23224489795918368,conf,0.8799999999999999,1.2089986999999383,3.4821399640921316,3.65805997099405,0.5490598154312643,3,27,W,R,
,,6,Main,26,1.0635501000006116,up,1,90,up,0.2524489795918367,conf,0.8799999999999999,1.1105543000003308,4.798200215370269,2.8562074434624987,0.4660954639015911,3,27,W,R,
,,6,Main,27,1.847108400000252,up,1,90,up,0.07061224489795918,conf,0.8,0.9399990000001708,4.433501321762302,2.6492046902917337,0.3326999474098654,3,27,W,R,
,,6,Main,28,1.8399349999999686,up,0,270,down,0.2120408163265306,control,0.040000000000000036,0.86507630000051,2.4020330716350307,2.7008201835645442,0.3917202294472119,3,27,W,R,
,,6,Main,29,1.817604100000608,down,1,270,down,0.09081632653061224,conf,-0.040000000000000036,1.0062786999997115,2.121621470717021,3.0433431524849137,0.2899125774397078,3,27,W,R,
,,6,Main,30,1.19476080000004,up,1,90,up,0.15142857142857144,conf,0.72,0.7250361000005796,4.479146253300048,2.332876957363597,0.4661531805344163,3,27,W,R,
,,6,Main,31,1.1572981999997864,down,1,270,down,0.45448979591836736,conf,0.3600000000000001,0.8863443000000188,4.315505975537441,1.154715640656031,0.3587714110841599,3,27,W,R,
,,6,Main,32,1.2816474999999627,up,1,90,up,0.5151020408163265,control,0.8200000000000001,0.9115153000002465,2.562999255424772,3.1017611762482544,0.520631293098684,3,27,W,R,
,,6,Main,33,1.0544770999995308,down,0,90,up,0.2120408163265306,control,-0.16000000000000003,0.7073315999996339,2.7253050057535297,3.918378457042507,0.5578551519587874,3,27,W,R,
,,6,Main,34,1.0544770999995308,[],0,270,down,0.15142857142857144,None,None,None,None,3.9532102612961637,0.5578551519587874,3,27,W,R,
,,6,Main,35,0.9120794999998907,down,1,270,down,0.39387755102040817,conf,0.6399999999999999,0.9222442000000228,4.819330056209667,3.003429204926304,0.5818083759852337,3,27,W,R,
,,6,Main,36,1.2008814000000712,down,1,270,down,0.09081632653061224,control,0.6399999999999999,0.7498771000000488,3.997564106303191,1.7048047283254362,0.5726834139655665,3,27,W,R,
,,6,Main,37,0.9818779999995968,down,0,90,up,0.5151020408163265,conf,0.8,0.8842099000003145,4.0270553154381545,1.7024594534414654,0.44448063568524004,3,27,W,R,
,,6,Main,38,1.2840483999998469,up,1,90,up,0.4746938775510204,conf,0.8,0.9959128000000419,4.999717880538255,3.782314520389347,0.5432069639891229,3,27,W,R,
,,6,Main,39,1.222028500000306,up,1,90,up,0.5353061224489796,conf,0.8200000000000001,0.7287738000004538,4.887721791403157,2.157314330348033,0.6059265252830887,3,27,W,R,
,,6,Main,40,1.298617600000398,up,1,90,up,0.23224489795918368,conf,0.6399999999999999,1.1285094000004392,3.6647478335370787,2.116176314987335,0.3521592441983682,3,27,W,R,
,,6,Main,41,1.3559526999997615,up,0,270,down,0.11102040816326529,conf,0.7,0.7981823999998596,3.717708221986074,2.719460022444845,0.5933212517880231,3,27,W,R,
,,6,Main,42,1.3854221999999936,up,1,90,up,0.2524489795918367,conf,0.8,0.845329099999617,3.881957840881773,1.3604069679526798,0.28061053831799315,3,27,W,R,
,,6,Main,43,1.4421243999995568,up,0,270,down,0.49489795918367346,conf,0.78,1.0571485000000393,3.978735095395213,3.8164530249847473,0.47536986235382955,3,27,W,R,
,,6,Main,44,1.121109200000319,up,1,90,up,0.4746938775510204,conf,0.56,0.856454599999779,3.7432333210998427,2.4304144157478507,0.6881875688316498,3,27,W,R,
,,6,Main,45,1.507274999999936,up,0,270,down,0.1716326530612245,conf,0.08000000000000007,1.150231700000404,3.367351045525119,3.6743082822608306,0.70120384091409,3,27,W,R,
,,7,Main,0,0.841076300000168,down,1,270,down,0.5151020408163265,conf,0.98,0.9180601999996725,2.4513118445634343,2.837150530028382,0.38066614350616307,3,27,W,R,
,,7,Main,1,1.0975546999998187,up,1,90,up,0.2524489795918367,conf,0.5800000000000001,0.9819593000001987,2.8924134719625254,2.584243551698682,0.6685864100190381,3,27,W,R,
,,7,Main,2,0.9017750000002707,up,1,90,up,0.13122448979591836,conf,0.3400000000000001,0.7732709000001705,2.1366047445325886,1.6665550302059529,0.40418833244844904,3,27,W,R,
,,7,Main,3,0.9849002999999357,up,1,90,up,0.19183673469387755,conf,0.3799999999999999,0.6765960000002451,4.071840036317586,1.373098653317559,0.5719490752396392,3,27,W,R,
,,7,Main,4,0.9962455999993836,down,1,270,down,0.29285714285714287,conf,0.72,0.6491491000006135,2.6420638361493114,2.4286204873601025,0.5616920589153395,3,27,W,R,
,,7,Main,5,0.8910615000004327,up,1,90,up,0.4140816326530612,conf,0.6599999999999999,1.2866870999996536,3.0136676270214853,3.5802977863234298,0.2943064291961022,3,27,W,R,
,,7,Main,6,1.1094752999997581,up,1,90,up,0.2524489795918367,conf,0.6799999999999999,1.82088769999973,3.46709329233323,1.8933272879765006,0.422748563784716,3,27,W,R,
,,7,Main,7,1.461702200000218,up,1,90,up,0.11102040816326529,control,0.48,1.2523987000004126,3.7017198771294106,3.4179898914187614,0.2995349771411148,3,27,W,R,
,,7,Main,8,0.938782700000047,up,1,90,up,0.4342857142857143,control,0.8,0.9594199000002845,4.356543723838513,2.319246439550782,0.5664828100111623,3,27,W,R,
,,7,Main,9,1.5344506000001275,up,0,270,down,0.19183673469387755,conf,0.1200000000000001,0.8100732999992033,2.000382656769334,1.7638633697530812,0.47443150103612763,3,27,W,R,
,,7,Main,10,0.9578918999995949,up,1,90,up,0.3130612244897959,conf,0.8200000000000001,0.8262135000004491,3.858757554072832,2.7479570735899412,0.6930865520811654,3,27,W,R,
,,7,Main,11,0.8217127999996592,up,1,90,up,0.6161224489795918,conf,0.9199999999999999,0.6799338000000716,3.552695209104983,3.4316956885430807,0.6439682424778022,3,27,W,R,
,,7,Main,12,0.903469099999711,up,1,90,up,0.6969387755102041,conf,0.8999999999999999,0.6610509000001912,4.539171677108201,3.8139349111492034,0.7175059543691922,3,27,W,R,
,,7,Main,13,0.9221460999997362,up,1,90,up,0.3130612244897959,conf,0.8200000000000001,0.867136599999867,4.699623436889439,2.8406062983818674,0.41399642989602753,3,27,W,R,
,,7,Main,14,1.5821707000004608,up,0,270,down,0.09081632653061224,control,0.040000000000000036,1.0990434000004825,4.378737558010169,3.2512927685563886,0.3014283834225832,3,27,W,R,
,,7,Main,15,1.8209913999999117,down,1,270,down,0.333265306122449,conf,0.08000000000000007,0.9148728999998639,2.8161003534485647,2.464024991666519,0.5853138393947193,3,27,W,R,
,,7,Main,16,1.3932417999994868,down,0,90,up,0.09081632653061224,control,0.08000000000000007,0.9504962000000887,3.5695229943345095,2.5586378247234145,0.5485847532230761,3,27,W,R,
,,7,Main,17,1.8114806000003227,down,1,270,down,0.1716326530612245,conf,0.1200000000000001,0.8247380999991947,2.6135215465576755,1.9231461801495389,0.5897599055602146,3,27,W,R,
,,7,Main,18,0.9792426000003616,up,1,90,up,0.6161224489795918,conf,0.8999999999999999,0.7948001000004297,2.062235019117681,2.5987506764335326,0.5138752773768256,3,27,W,R,
,,7,Main,19,1.334987700000056,up,1,90,up,0.01,conf,0.17999999999999994,1.077983499999391,2.565694852469757,2.505898814324526,0.43254145544112904,3,27,W,R,
,,7,Main,20,1.7654484000004231,up,0,270,down,0.23224489795918368,conf,0.020000000000000018,1.2794875999998112,2.895825943549618,2.231774367216979,0.7094146732008397,3,27,W,R,
,,7,Main,21,1.7241652000002432,down,0,90,up,0.1716326530612245,conf,0.0,0.8217401000001701,3.111957885018022,2.2132139089541165,0.6660418979423675,3,27,W,R,
,,7,Main,22,1.536045699999704,down,0,90,up,0.15142857142857144,conf,0.06000000000000005,0.8923623000000589,4.571692307150792,2.6545583466509686,0.6611891496995509,3,27,W,R,
,,7,Main,23,1.6320309000002453,up,0,270,down,0.23224489795918368,conf,0.040000000000000036,0.9460306000000855,4.164077514772359,1.0055041274559282,0.5973422604871934,3,27,W,R,
,,7,Main,24,1.6989686999995683,down,1,270,down,0.19183673469387755,control,0.1200000000000001,1.14742490000026,3.244426790141055,1.7908887903495847,0.4382553550042424,3,27,W,R,
,,7,Main,25,1.1301806000001307,down,1,270,down,0.5555102040816327,conf,0.52,0.8449890000001687,3.243537390075298,2.133039222106565,0.640692246351907,3,27,W,R,
,,7,Main,26,1.1400870000006762,down,1,270,down,0.45448979591836736,conf,0.72,0.7554083000004539,3.512212299825226,2.314386620842726,0.5057651133471367,3,27,W,R,
,,7,Main,27,0.9526011999996626,down,0,90,up,0.5353061224489796,conf,0.6799999999999999,0.7596196000004056,4.438968359155387,2.4763123031713885,0.6514037075184694,3,27,W,R,
,,7,Main,28,1.2122867999996743,up,1,90,up,0.5151020408163265,conf,0.8,0.8209546999996746,4.967922320445649,3.3198143650006156,0.29392982945901863,3,27,W,R,
,,7,Main,29,1.0524535999993532,down,1,270,down,0.29285714285714287,control,0.3999999999999999,1.5818184999998266,3.9476221255857933,2.783513245890645,0.25954101602410773,3,27,W,R,
,,7,Main,30,1.2867627000005086,down,1,270,down,0.07061224489795918,conf,0.26,1.1215288000003056,2.892130323115448,2.922537789638379,0.40225895704122616,3,27,W,R,
,,7,Main,31,0.9156735999995362,down,1,270,down,0.5959183673469388,conf,0.72,1.5964001999991524,3.114602886309519,3.4700321255196167,0.5452897485150696,3,27,W,R,
,,7,Main,32,1.8208199999999124,up,1,90,up,0.2120408163265306,conf,0.19999999999999996,1.1644933999996283,2.0667915638111336,3.0418873176166996,0.39757164975610565,3,27,W,R,
,,7,Main,33,0.8800233000001754,down,1,270,down,0.5353061224489796,conf,0.78,1.0427097000001595,3.699562097823673,2.00644263558625,0.5301462839219718,3,27,W,R,
,,7,Main,34,1.5624960000004648,down,0,90,up,0.2120408163265306,control,0.41999999999999993,1.0123031000002811,2.075519123736084,1.7636784134464452,0.5042316378393856,3,27,W,R,
,,7,Main,35,1.6746057000000292,up,1,90,up,0.07061224489795918,conf,0.3400000000000001,0.902000400000361,4.834178241004262,3.0258169901970753,0.7328361767695697,3,27,W,R,
,,7,Main,36,1.92862950000017,up,1,90,up,0.15142857142857144,control,-0.040000000000000036,1.22088740000072,4.167452897885177,1.385822235637509,0.28838100442842646,3,27,W,R,
,,7,Main,37,0.9196973999996771,down,1,270,down,0.7171428571428571,conf,0.94,1.4523497999998654,4.67810118057457,3.032103646999203,0.5039026698602974,3,27,W,R,
,,7,Main,38,1.6036171999994622,down,1,270,down,0.15142857142857144,conf,0.06000000000000005,1.0203168999996706,3.4772065917984576,1.4907318978382122,0.6454836101604748,3,27,W,R,
,,7,Main,39,0.8280173999992257,down,1,270,down,0.5151020408163265,conf,0.96,1.0600991000001159,3.4301373818927248,1.4431472653079478,0.2976396010832011,3,27,W,R,
,,7,Main,40,1.3595388999992792,down,1,270,down,0.23224489795918368,conf,0.10000000000000009,0.8751861000000645,3.127376974532096,1.6062780128600536,0.318937444666589,3,27,W,R,
,,7,Main,41,1.5650786999995034,down,1,270,down,0.09081632653061224,conf,0.1200000000000001,1.0557214000000386,4.519838213372953,2.2963350776774223,0.5161985168711967,3,27,W,R,
,,7,Main,42,1.5650786999995034,[],0,270,down,0.11102040816326529,None,None,None,None,2.6565260627630973,0.5161985168711967,3,27,W,R,
,,7,Main,43,1.4221805999995922,up,0,270,down,0.13122448979591836,conf,0.15999999999999992,0.8200656999997591,3.446045186496125,3.4818368921354255,0.4507120229185887,3,27,W,R,
,,7,Main,44,1.1224751999998261,up,1,90,up,0.4140816326530612,control,0.3600000000000001,1.0366358000001128,4.381002431543637,2.5792820576808624,0.34616648853239584,3,27,W,R,
,,7,Main,45,1.006939699999748,down,1,270,down,0.45448979591836736,conf,0.8999999999999999,0.8821761999997761,3.269088400536857,1.7065465666969466,0.5678134918805484,3,27,W,R,
,,8,Main,0,1.607504699999481,down,1,270,down,0.030204081632653063,conf,0.06000000000000005,0.9844261999996888,2.1668435558637555,2.252276364123769,0.709950395385532,3,27,W,R,
,,8,Main,1,1.1025792999998885,down,1,270,down,0.35346938775510206,conf,0.98,1.454062900000281,3.5104418981419108,1.9365313471680967,0.5912910729099488,3,27,W,R,
,,8,Main,2,0.7888388999999734,down,1,270,down,0.4140816326530612,conf,0.98,0.7648480999996536,4.903288890174043,1.8523742851939697,0.7067515617417166,3,27,W,R,
,,8,Main,3,1.1996110999998564,up,1,90,up,0.5555102040816327,control,0.98,0.99772750000011,4.496206599901205,1.0628267367591646,0.5408569301064046,3,27,W,R,
,,8,Main,4,0.8882510000003094,down,0,90,up,0.3130612244897959,conf,0.17999999999999994,0.9885473999993337,2.4415829731570033,2.8316126824329557,0.2892753594559435,3,27,W,R,
,,8,Main,5,1.2227495000006456,down,1,270,down,0.13122448979591836,conf,0.1399999999999999,0.7667727999996714,2.064261614813983,3.4029372873244585,0.5676062545294457,3,27,W,R,
,,8,Main,6,1.154148599999644,up,1,90,up,0.333265306122449,conf,0.8600000000000001,0.6581829999995534,3.504947900809888,1.890311589552193,0.7303064390004955,3,27,W,R,
,,8,Main,7,0.9306642999999895,up,1,90,up,0.676734693877551,control,0.9199999999999999,1.7231568999995943,4.552673097512114,2.4567001913821653,0.45440755500353525,3,27,W,R,
,,8,Main,8,1.1476777999996557,up,1,90,up,0.1716326530612245,control,0.8400000000000001,0.837836900000184,4.306089340761228,3.5571104764576056,0.4800044646887541,3,27,W,R,
,,8,Main,9,0.8476452999993853,down,1,270,down,0.656530612244898,control,0.8799999999999999,0.8766641000001982,3.917080450171505,2.5943586809374253,0.7102407330228805,3,27,W,R,
,,8,Main,10,1.4766970999999103,down,1,270,down,0.5959183673469388,control,0.040000000000000036,1.4445842000004632,2.959180518199923,2.3075095226302147,0.6908675182920089,3,27,W,R,
,,8,Main,11,1.0461367000007158,down,1,270,down,0.6969387755102041,control,0.9199999999999999,0.8020215999995344,4.654824561845263,2.586836588243745,0.5861928896704987,3,27,W,R,
,,8,Main,12,1.6995099000005212,up,1,90,up,0.01,conf,-0.020000000000000018,0.950234900000396,3.59334198489236,2.7156724017011977,0.7380857988247435,3,27,W,R,
,,8,Main,13,1.0381081999994421,down,1,270,down,0.7575510204081632,conf,0.96,0.8301226000003226,4.986758385612014,2.172961144599092,0.4911304392422265,3,27,W,R,
,,8,Main,14,0.994573599999967,down,1,270,down,0.5757142857142857,conf,0.94,1.0556779999997161,3.0172185357466392,2.3718323163903063,0.46263686359950495,3,27,W,R,
,,8,Main,15,1.6637971999998626,up,1,90,up,0.2120408163265306,conf,0.17999999999999994,1.1677515999999741,4.640765611312052,3.3631833389996793,0.6688435952080414,3,27,W,R,
,,8,Main,16,0.9236569000004238,down,1,270,down,0.35346938775510206,conf,0.9199999999999999,1.0462826000002678,2.6036673724707633,2.0453662387499674,0.6116898910023629,3,27,W,R,
,,8,Main,17,1.0240987999995923,down,1,270,down,0.4746938775510204,conf,0.8799999999999999,2.727171399999861,2.81000117693654,1.9341704470062022,0.5456126300138567,3,27,W,R,
,,8,Main,18,0.8168461999994179,down,1,270,down,0.7575510204081632,conf,0.8999999999999999,1.0472286000003805,3.1639398158385013,2.8921204396154123,0.6971443226063093,3,27,W,R,
,,8,Main,19,1.5462891999995918,down,1,270,down,0.09081632653061224,control,0.040000000000000036,1.360282699999516,3.0449794998662174,1.3923368114085788,0.4092671686203812,3,27,W,R,
,,8,Main,20,1.2282134999995833,up,1,90,up,0.7171428571428571,conf,0.8999999999999999,0.9781960999998773,4.627955268541255,2.3428856102835125,0.3909114530856757,3,27,W,R,
,,8,Main,21,1.459347699999853,up,0,270,down,0.2726530612244898,conf,0.8600000000000001,0.6989769000001615,4.038644902737935,3.6524343246299464,0.7426728533342626,3,27,W,R,
,,8,Main,22,1.233717400000387,up,1,90,up,0.5555102040816327,conf,0.8200000000000001,0.8749219000001176,4.535572275269349,1.3781023447980953,0.6773904690108137,3,27,W,R,
,,8,Main,23,1.4444405000003826,up,0,270,down,0.29285714285714287,conf,0.24,0.7039296999992075,3.1327486904318165,2.949545807499687,0.5443790985519682,3,27,W,R,
,,8,Main,24,1.372252500000286,up,1,90,up,0.19183673469387755,conf,0.56,1.057312400000228,3.4259450871642523,2.67918470426818,0.3514686546155885,3,27,W,R,
,,8,Main,25,1.356547899999896,up,1,90,up,0.29285714285714287,conf,0.9199999999999999,1.1386485000002722,3.91186604571135,2.3430483245869675,0.471835843084525,3,27,W,R,
,,8,Main,26,0.9949052000001757,up,1,90,up,0.2524489795918367,conf,0.8799999999999999,1.0075458999999682,2.5634919596205155,3.1741551087211226,0.6173792747102413,3,27,W,R,
,,8,Main,27,0.8496464999998352,down,1,270,down,0.8585714285714285,conf,0.96,0.792540999999801,3.7516002287046257,3.6780347338439032,0.5650341165184402,3,27,W,R,
,,8,Main,28,0.7604250000003958,up,1,90,up,0.7373469387755102,control,0.96,1.1851145999999062,4.688464910483413,2.7006916673499903,0.5874989891337479,3,27,W,R,
,,8,Main,29,0.9020175000005111,up,1,90,up,0.29285714285714287,conf,0.8999999999999999,1.2044143000002805,4.576509175079453,2.801896490010754,0.3249119570067174,3,27,W,R,
,,8,Main,30,0.9709889000005205,down,0,90,up,0.8181632653061224,conf,-1.0,1.68690289999995,3.8284410127573363,3.909941311604347,0.45634047200019806,3,27,W,R,
,,8,Main,31,0.6948527000004106,down,1,270,down,0.8181632653061224,control,0.96,1.082031900000402,4.324207411409596,2.184356263064558,0.45203669875953806,3,27,W,R,
,,8,Main,32,0.8710959999998522,down,1,270,down,0.5757142857142857,conf,0.94,0.8642023000002155,3.66699474309937,3.4603296172640263,0.5355343401315368,3,27,W,R,
,,8,Main,33,0.8128613999997469,up,1,90,up,0.5757142857142857,conf,0.94,1.1341575000005832,2.407339506347976,2.1529549671932124,0.25877518920223896,3,27,W,R,
,,8,Main,34,0.7155108000006294,up,1,90,up,0.5353061224489796,conf,0.96,2.4474159999999756,4.764450407748884,3.020795968780308,0.5772253368589751,3,27,W,R,
,,8,Main,35,0.8842355999995561,up,1,90,up,0.7575510204081632,conf,0.96,1.2222443000000567,3.3582008280529707,2.477972316809092,0.7006007844165026,3,27,W,R,
,,8,Main,36,1.1423187999998845,up,1,90,up,0.23224489795918368,conf,0.28,0.9923177000000578,2.977110574790118,2.0622872538811285,0.6098351425535767,3,27,W,R,
,,8,Main,37,1.2970613000006779,up,1,90,up,0.19183673469387755,conf,0.32000000000000006,1.0469460000003892,3.6609066994647783,1.811222332077134,0.3414705909469879,3,27,W,R,
,,8,Main,38,1.092862000000423,up,0,270,down,0.5555102040816327,conf,0.19999999999999996,1.0768223999994007,2.325924666210666,3.553281056793179,0.3398769010378163,3,27,W,R,
,,8,Main,39,0.8517234000000826,up,1,90,up,0.676734693877551,conf,0.8200000000000001,0.8731755000007979,4.989690442258524,1.2488069595637747,0.6912668736454295,3,27,W,R,
,,8,Main,40,0.7886914999999135,up,0,270,down,0.5757142857142857,control,0.8200000000000001,0.8712009000000762,2.977791171705852,2.1704899090205902,0.4907135975520845,3,27,W,R,
,,8,Main,41,0.8168279000001348,down,1,270,down,0.5959183673469388,conf,0.94,1.037106099999619,4.4914113197924905,3.540912907709595,0.3731801014669255,3,27,W,R,
,,8,Main,42,1.3649932000007539,down,1,270,down,0.19183673469387755,conf,0.15999999999999992,0.8465954000002966,3.4964333737962807,3.7943686603038937,0.27835412308371077,3,27,W,R,
,,8,Main,43,0.8769050000000789,down,0,90,up,0.5959183673469388,conf,-0.09999999999999998,0.8276571999995213,4.879175114455273,3.9818481587785044,0.3907543032840099,3,27,W,R,
,,8,Main,44,1.6397805999995398,down,0,90,up,0.09081632653061224,conf,0.28,0.8924199000002773,3.0399192212503734,2.826614123256417,0.5503626876908208,3,27,W,R,
,,8,Main,45,1.8309951999999612,down,1,270,down,0.05040816326530612,conf,0.0,1.5673799999995026,4.859751046188043,1.74838040656109,0.660827861102075,3,27,W,R,
,,9,Main,0,0.9905346000005011,up,1,90,up,0.5757142857142857,conf,0.8,0.6384736999998495,2.4790416317313744,3.5543177186484396,0.5621101983078856,3,27,W,R,
,,9,Main,1,0.9009623999991163,down,1,270,down,0.656530612244898,control,0.28,1.282544799999414,2.180523368299579,2.1225428016981547,0.4193264421174956,3,27,W,R,
,,9,Main,2,1.014013499999237,up,1,90,up,0.2726530612244898,conf,0.8999999999999999,0.7376677000002019,4.154954076365479,2.146926980494242,0.5213259809457854,3,27,W,R,
,,9,Main,3,1.1549709000000803,up,0,270,down,0.1716326530612245,conf,0.17999999999999994,0.8211928000000626,2.259536984230248,2.2050653826738857,0.7226380708875669,3,27,W,R,
,,9,Main,4,0.8666597999999794,up,1,90,up,0.4342857142857143,conf,0.6000000000000001,0.6478944000000411,2.5445614298664085,2.934978676435673,0.6867357809287994,3,27,W,R,
,,9,Main,5,0.8049172999999428,up,1,90,up,0.6969387755102041,conf,0.96,2.563458499999797,3.98718021168638,1.703105493914482,0.2909511524667377,3,27,W,R,
,,9,Main,6,1.0214334000002054,down,1,270,down,0.8383673469387755,conf,0.94,0.9413196999994398,3.62193238692356,2.956334454006367,0.34508224000075743,3,27,W,R,
,,9,Main,7,0.7492791000004217,down,1,270,down,0.5555102040816327,control,1.0,0.9034990999998627,4.6586200031390455,2.9643208760587583,0.5360677047881005,3,27,W,R,
,,9,Main,8,0.8898099999996703,down,1,270,down,0.7777551020408163,conf,0.96,1.1894263000003775,3.9958195886619565,2.8343867085188466,0.4037702473444383,3,27,W,R,
,,9,Main,9,0.8538931000002776,down,1,270,down,0.9191836734693878,conf,0.98,0.934247599999253,4.230860581561234,3.6040279866664324,0.7351571904792101,3,27,W,R,
,,9,Main,10,0.7662970000001224,up,1,90,up,0.39387755102040817,conf,0.8999999999999999,0.82961879999948,2.079128462070285,3.7757550422224564,0.49696231844152494,3,27,W,R,
,,9,Main,11,0.8610355000000709,up,1,90,up,0.2120408163265306,conf,0.3600000000000001,0.6789894000003187,2.558756970270746,2.3443817218084884,0.48652254993923727,3,27,W,R,
,,9,Main,12,0.7791395000003831,down,1,270,down,0.676734693877551,control,0.6399999999999999,0.8654553999995187,4.8926955007735735,2.5040776396672997,0.5084341673179699,3,27,W,R,
,,9,Main,13,0.8313388000005943,up,1,90,up,0.7575510204081632,conf,0.54,1.1647875999997268,4.479420587332745,2.768428360233184,0.3012865101254831,3,27,W,R,
,,9,Main,14,1.3365997000000789,up,1,90,up,0.15142857142857144,conf,0.1200000000000001,0.8752435999995214,4.8239047684790775,3.1482584404470457,0.3448852846288868,3,27,W,R,
,,9,Main,15,1.6718507999994472,down,1,270,down,0.11102040816326529,conf,0.040000000000000036,1.1070896000001085,3.6424506117216002,1.4938290658150233,0.427610020904087,3,27,W,R,
,,9,Main,16,1.058820399999604,up,1,90,up,0.2726530612244898,control,0.24,0.7238115999998627,2.7292193376132388,2.9426717585666875,0.4803504985142898,3,27,W,R,
,,9,Main,17,0.8820057000002635,down,1,270,down,0.7373469387755102,conf,0.94,0.8798851000001378,4.281305234380509,2.2288880912900155,0.7277200288274679,3,27,W,R,
,,9,Main,18,0.941282400000091,up,1,90,up,0.5555102040816327,conf,0.8400000000000001,0.9089701000002606,2.891259215428313,3.4825559533738377,0.7240714084591938,3,27,W,R,
,,9,Main,19,0.8204464000000371,down,1,270,down,0.656530612244898,conf,0.9199999999999999,0.6520402000005561,2.461166655176971,3.4497016000010676,0.7269637650147892,3,27,W,R,
,,9,Main,20,0.792296599999645,down,1,270,down,0.8787755102040816,conf,0.8600000000000001,0.8671967999998742,2.067537124515594,3.3099384650668946,0.295545493505917,3,27,W,R,
,,9,Main,21,0.9133807999996861,down,1,270,down,0.7979591836734694,control,0.96,0.694001599999865,2.8817269548861772,2.16668776885527,0.4771084148499455,3,27,W,R,
,,9,Main,22,0.7866167000001951,down,1,270,down,0.2120408163265306,conf,0.98,0.9148967000000994,4.184218836374092,2.4850381369776082,0.3178900889093116,3,27,W,R,
,,9,Main,23,0.750293099999908,down,1,270,down,0.8383673469387755,conf,0.94,0.867253499999606,3.2246817254321125,2.2386226233663713,0.4802753583493431,3,27,W,R,
,,9,Main,24,1.7032034000003478,down,0,90,up,0.23224489795918368,conf,0.10000000000000009,1.0351703999995152,3.1442287564473945,3.070147660804795,0.2782795003480657,3,27,W,R,
,,9,Main,25,0.8328879000000597,down,1,270,down,0.8787755102040816,conf,0.94,2.3885136999997485,2.2201019650105014,1.4293195305945348,0.38249657629213113,3,27,W,R,
,,9,Main,26,0.8585737999992489,up,1,90,up,0.7171428571428571,conf,0.9199999999999999,0.8301261000005979,2.805582983726085,2.9622752179414706,0.7483615839939275,3,27,W,R,
,,9,Main,27,0.6913562999998248,down,1,270,down,0.8787755102040816,conf,0.96,0.8205717000000732,3.4175739355246684,2.927952465784439,0.64213341139999,3,27,W,R,
,,9,Main,28,1.9105749999998807,up,0,270,down,0.01,conf,0.08000000000000007,1.5590316999996503,2.2293165976415614,1.1141914017385073,0.3172651378745261,3,27,W,R,
,,9,Main,29,0.820255200000247,down,1,270,down,0.8585714285714285,control,0.98,2.0367378999999346,3.5619181919830867,1.696811311169328,0.3656463209591102,3,27,W,R,
,,9,Main,30,1.3915596999995614,up,1,90,up,0.45448979591836736,conf,0.8,1.0875421000000642,2.3471864845222052,2.8043700956077187,0.6581060672377412,3,27,W,R,
,,9,Main,31,0.7812939999994342,down,1,270,down,0.8787755102040816,conf,0.5800000000000001,0.7697585000005347,4.272509653083844,2.9051414474726274,0.6155377706506087,3,27,W,R,
,,9,Main,32,1.0654465000006894,up,1,90,up,0.9595918367346938,control,0.8799999999999999,1.0156010999999125,3.9441937846571746,3.219324871394154,0.2614767083885742,3,27,W,R,
,,9,Main,33,1.0845447000001514,up,1,90,up,0.2726530612244898,conf,0.8999999999999999,0.9709720000000743,4.809397846854056,3.3438003883055987,0.6187724077176636,3,27,W,R,
,,9,Main,34,0.7599018999999316,down,1,270,down,0.7979591836734694,control,0.96,2.2529317999997147,2.270560476409206,2.7874512936563964,0.3252127864035379,3,27,W,R,
,,9,Main,35,0.9478312000001097,down,1,270,down,0.7373469387755102,conf,0.96,1.1830764999995154,4.227319253982471,3.4412137134622203,0.6052344623710934,3,27,W,R,
,,9,Main,36,1.632420099999763,up,0,270,down,0.15142857142857144,control,-0.040000000000000036,1.0662756000001536,4.29517698482721,2.711250726443639,0.32979434605915314,3,27,W,R,
,,9,Main,37,1.1248825000002398,up,1,90,up,0.5151020408163265,conf,0.9199999999999999,0.956213999999818,3.512429204027283,3.1014605385000467,0.5976345819827269,3,27,W,R,
,,9,Main,38,0.9028462000005675,up,1,90,up,0.7777551020408163,conf,0.8999999999999999,1.0090933000001314,2.6689862254278287,3.126169326318869,0.35500397478952733,3,27,W,R,
,,9,Main,39,0.7928572999999233,up,1,90,up,0.8585714285714285,conf,0.9199999999999999,1.2642109999997047,3.689257447568212,2.294258250431071,0.4189958306158647,3,27,W,R,
,,9,Main,40,0.8435061999998652,up,1,90,up,0.5151020408163265,control,0.96,1.2036154999996143,4.920015374635183,1.981122171970167,0.4490930095451987,3,27,W,R,
,,9,Main,41,1.1724394000002576,up,1,90,up,0.15142857142857144,conf,0.6599999999999999,1.5073287000004711,3.8270053244406386,1.7168369555981808,0.31243549794303926,3,27,W,R,
,,9,Main,42,1.204167900000357,up,1,90,up,0.3130612244897959,conf,0.78,0.9503645000004326,3.8307137620117913,3.347283951175291,0.6080696020833465,3,27,W,R,
,,9,Main,43,0.7558159999998679,up,1,90,up,0.39387755102040817,conf,0.8200000000000001,1.3054794999998194,2.4613785888000406,2.6086963048641807,0.4162629142460685,3,27,W,R,
,,9,Main,44,1.2307493000007526,up,0,270,down,0.39387755102040817,conf,0.8999999999999999,0.7056795999997121,2.6507382552597765,1.909655426899839,0.5788499171263668,3,27,W,R,
,,9,Main,45,0.808567299999595,up,1,90,up,0.6969387755102041,conf,0.96,0.7474990999999136,4.10621621719988,3.900760930046025,0.6109011154985832,3,27,W,R,
