"","thisRow.t","notes","block","Trialtype","withinblocktrial","RTdec","resp","cor","dots.direction","cor_resp","coherence","scale","SR_conf","RTrating","interval","interTrial.interval","start_conf","subject","age","gender","handedness"
"1",NA,NA,0,"Training - easy",0,1.62314289999995,"down",0,90,"up",0.8,"",NA,"","",NA,NA,3,27,"W","R"
"2",NA,NA,0,"Training - easy",1,0.700533199999882,"down",0,90,"up",0.8,"",NA,"","",NA,NA,3,27,"W","R"
"3",NA,NA,0,"Training - easy",2,0.615775700000086,"up",1,90,"up",0.8,"",NA,"","",NA,NA,3,27,"W","R"
"4",NA,NA,0,"Training - easy",3,0.615174499999739,"down",0,90,"up",0.8,"",NA,"","",NA,NA,3,27,"W","R"
"5",NA,NA,0,"Training - easy",4,0.900256799999624,"up",1,90,"up",0.8,"",NA,"","",NA,NA,3,27,"W","R"
"6",NA,NA,0,"Training - easy",5,0.700203700000202,"down",0,90,"up",0.8,"",NA,"","",NA,NA,3,27,"W","R"
"7",NA,NA,0,"Training - easy",6,1.01918209999985,"down",1,270,"down",0.8,"",NA,"","",NA,NA,3,27,"W","R"
"8",NA,NA,0,"Training - easy",7,0.734657899999547,"down",1,270,"down",0.8,"",NA,"","",NA,NA,3,27,"W","R"
"9",NA,NA,0,"Training - easy",8,0.582898700000442,"up",1,90,"up",0.8,"",NA,"","",NA,NA,3,27,"W","R"
"10",NA,NA,0,"Training - easy",9,0.616523500000767,"down",0,90,"up",0.8,"",NA,"","",NA,NA,3,27,"W","R"
"11",NA,NA,0,"Training - easy",10,0.885670300000129,"down",0,90,"up",0.8,"",NA,"","",NA,NA,3,27,"W","R"
"12",NA,NA,0,"Training - easy",11,0.7167129999998,"up",0,270,"down",0.8,"",NA,"","",NA,NA,3,27,"W","R"
"13",NA,NA,0,"Training - easy",12,0.767791399999624,"down",1,270,"down",0.8,"",NA,"","",NA,NA,3,27,"W","R"
"14",NA,NA,0,"Training - easy",13,0.785316200000125,"down",1,270,"down",0.8,"",NA,"","",NA,NA,3,27,"W","R"
"15",NA,NA,0,"Training - easy",14,0.968331699999908,"up",0,270,"down",0.8,"",NA,"","",NA,NA,3,27,"W","R"
"16",NA,NA,0,"Training - easy",15,0.784113800000341,"up",0,270,"down",0.8,"",NA,"","",NA,NA,3,27,"W","R"
"17",NA,NA,0,"Training - easy",16,0.699518999999782,"down",1,270,"down",0.8,"",NA,"","",NA,NA,3,27,"W","R"
"18",NA,NA,0,"Training - easy",17,0.684940900000583,"down",1,270,"down",0.8,"",NA,"","",NA,NA,3,27,"W","R"
"19",NA,NA,0,"Training - easy",18,0.670113799999854,"down",0,90,"up",0.8,"",NA,"","",NA,NA,3,27,"W","R"
"20",NA,NA,0,"Training - easy",19,0.617885499999829,"up",0,270,"down",0.8,"",NA,"","",NA,NA,3,27,"W","R"
"21",NA,NA,0,"Training - easy",0,0.753302799999801,"down",0,90,"up",0.8,"",NA,"","",NA,NA,3,27,"W","R"
"22",NA,NA,0,"Training - easy",1,0.935534399999597,"down",1,270,"down",0.8,"",NA,"","",NA,NA,3,27,"W","R"
"23",NA,NA,0,"Training - easy",2,0.482022199999847,"up",0,270,"down",0.8,"",NA,"","",NA,NA,3,27,"W","R"
"24",NA,NA,0,"Training - easy",3,0.500204800000574,"up",1,90,"up",0.8,"",NA,"","",NA,NA,3,27,"W","R"
"25",NA,NA,0,"Training - easy",4,0.483195900000283,"down",1,270,"down",0.8,"",NA,"","",NA,NA,3,27,"W","R"
"26",NA,NA,0,"Training - easy",5,0.566765600000508,"up",0,270,"down",0.8,"",NA,"","",NA,NA,3,27,"W","R"
"27",NA,NA,0,"Training - easy",6,0.632583000000523,"down",1,270,"down",0.8,"",NA,"","",NA,NA,3,27,"W","R"
"28",NA,NA,0,"Training - easy",7,0.684046900000794,"up",1,90,"up",0.8,"",NA,"","",NA,NA,3,27,"W","R"
"29",NA,NA,0,"Training - easy",8,0.784914100000606,"up",1,90,"up",0.8,"",NA,"","",NA,NA,3,27,"W","R"
"30",NA,NA,0,"Training - easy",9,1.0505905,"up",1,90,"up",0.8,"",NA,"","",NA,NA,3,27,"W","R"
"31",NA,NA,0,"Training - easy",10,0.698708800000531,"up",1,90,"up",0.8,"",NA,"","",NA,NA,3,27,"W","R"
"32",NA,NA,0,"Training - easy",11,0.566033100000823,"down",1,270,"down",0.8,"",NA,"","",NA,NA,3,27,"W","R"
"33",NA,NA,0,"Training - easy",12,0.517478799999481,"up",1,90,"up",0.8,"",NA,"","",NA,NA,3,27,"W","R"
"34",NA,NA,0,"Training - easy",13,0.418718699999772,"down",1,270,"down",0.8,"",NA,"","",NA,NA,3,27,"W","R"
"35",NA,NA,0,"Training - easy",14,0.583991200000128,"up",1,90,"up",0.8,"",NA,"","",NA,NA,3,27,"W","R"
"36",NA,NA,0,"Training - easy",15,0.400230799999918,"down",1,270,"down",0.8,"",NA,"","",NA,NA,3,27,"W","R"
"37",NA,NA,0,"Training - easy",16,0.434866199999306,"up",1,90,"up",0.8,"",NA,"","",NA,NA,3,27,"W","R"
"38",NA,NA,0,"Training - easy",17,0.448909900000217,"down",1,270,"down",0.8,"",NA,"","",NA,NA,3,27,"W","R"
"39",NA,NA,0,"Training - easy",18,0.750530799999979,"down",1,270,"down",0.8,"",NA,"","",NA,NA,3,27,"W","R"
"40",NA,NA,0,"Training - easy",19,0.449831599999925,"up",1,90,"up",0.8,"",NA,"","",NA,NA,3,27,"W","R"
"41",NA,NA,0,"Training - hard",0,0.952607300000636,"up",1,90,"up",0.4,"",NA,"","",NA,NA,3,27,"W","R"
"42",NA,NA,0,"Training - hard",1,0.400372600000082,"down",0,90,"up",0.4,"",NA,"","",NA,NA,3,27,"W","R"
"43",NA,NA,0,"Training - hard",2,0.882843199999115,"down",1,270,"down",0.4,"",NA,"","",NA,NA,3,27,"W","R"
"44",NA,NA,0,"Training - hard",3,0.56699000000026,"up",0,270,"down",0.4,"",NA,"","",NA,NA,3,27,"W","R"
"45",NA,NA,0,"Training - hard",4,0.850111800000377,"down",0,90,"up",0.4,"",NA,"","",NA,NA,3,27,"W","R"
"46",NA,NA,0,"Training - hard",5,0.79977129999952,"down",1,270,"down",0.4,"",NA,"","",NA,NA,3,27,"W","R"
"47",NA,NA,0,"Training - hard",6,0.850397199999861,"up",1,90,"up",0.4,"",NA,"","",NA,NA,3,27,"W","R"
"48",NA,NA,0,"Training - hard",7,0.633333400000083,"down",1,270,"down",0.4,"",NA,"","",NA,NA,3,27,"W","R"
"49",NA,NA,0,"Training - hard",8,0.618607800000063,"up",1,90,"up",0.4,"",NA,"","",NA,NA,3,27,"W","R"
"50",NA,NA,0,"Training - hard",9,0.668109599999298,"down",0,90,"up",0.4,"",NA,"","",NA,NA,3,27,"W","R"
"51",NA,NA,0,"Training - hard",10,0.633287700000437,"up",1,90,"up",0.4,"",NA,"","",NA,NA,3,27,"W","R"
"52",NA,NA,0,"Training - hard",11,0.534123700000237,"down",1,270,"down",0.4,"",NA,"","",NA,NA,3,27,"W","R"
"53",NA,NA,0,"Training - hard",12,0.835497699999905,"down",1,270,"down",0.4,"",NA,"","",NA,NA,3,27,"W","R"
"54",NA,NA,0,"Training - hard",13,0.766185899999982,"down",1,270,"down",0.4,"",NA,"","",NA,NA,3,27,"W","R"
"55",NA,NA,0,"Training - hard",14,0.700996900000064,"down",1,270,"down",0.4,"",NA,"","",NA,NA,3,27,"W","R"
"56",NA,NA,0,"Training - hard",15,0.766361199999665,"up",0,270,"down",0.4,"",NA,"","",NA,NA,3,27,"W","R"
"57",NA,NA,0,"Training - hard",16,0.615197400000397,"up",1,90,"up",0.4,"",NA,"","",NA,NA,3,27,"W","R"
"58",NA,NA,0,"Training - hard",17,0.46614960000079,"down",1,270,"down",0.4,"",NA,"","",NA,NA,3,27,"W","R"
"59",NA,NA,0,"Training - hard",18,0.683106800000132,"down",0,90,"up",0.4,"",NA,"","",NA,NA,3,27,"W","R"
"60",NA,NA,0,"Training - hard",19,0.649631999999656,"up",1,90,"up",0.4,"",NA,"","",NA,NA,3,27,"W","R"
"61",NA,NA,1,"Training - scales",0,0.892696500000056,"up",1,90,"up",0.6,"control",0.82,"0.9870242999995753","",NA,NA,3,27,"W","R"
"62",NA,NA,1,"Training - scales",1,0.499385899999652,"down",1,270,"down",1,"conf",0.86,"0.7181055999999444","",NA,NA,3,27,"W","R"
"63",NA,NA,1,"Training - scales",2,1.33429429999978,"up",1,90,"up",0.1,"conf",0.58,"1.035225999999966","",NA,NA,3,27,"W","R"
"64",NA,NA,1,"Training - scales",3,1.15081279999958,"up",1,90,"up",0.7,"conf",0.65,"1.053342000000157","",NA,NA,3,27,"W","R"
"65",NA,NA,1,"Training - scales",4,0.752163699999983,"down",1,270,"down",0.4,"control",0.84,"1.6029801999993651","",NA,NA,3,27,"W","R"
"66",NA,NA,1,"Training - scales",5,1.00128589999986,"down",1,270,"down",0.8,"control",0.73,"0.6672859000000244","",NA,NA,3,27,"W","R"
"67",NA,NA,1,"Training - scales",6,1.06772009999986,"down",1,270,"down",0.5,"conf",0.82,"1.5007618999998158","",NA,NA,3,27,"W","R"
"68",NA,NA,1,"Training - scales",7,NA,"[]",0,270,"down",0.2,"None",NA,"None","",NA,NA,3,27,"W","R"
"69",NA,NA,1,"Training - scales",8,0.796662300000207,"up",1,90,"up",0.9,"control",0.88,"0.816222999999809","",NA,NA,3,27,"W","R"
"70",NA,NA,1,"Training - scales",9,1.68505129999994,"up",1,90,"up",0.3,"conf",0.61,"0.5195526999996218","",NA,NA,3,27,"W","R"
"71",NA,NA,2,"Main",0,1.77544450000005,"up",0,270,"down",0.515102040816326,"conf",0.48,"0.7806241999996928","2.9078752038253803",2.47266367156717,0.606543359823341,3,27,"W","R"
"72",NA,NA,2,"Main",1,1.77881689999958,"up",1,90,"up",0.73734693877551,"conf",0.61,"1.0642118000005212","3.1745440895001065",3.62926602235392,0.748569799506558,3,27,"W","R"
"73",NA,NA,2,"Main",2,1.05863580000005,"down",1,270,"down",0.696938775510204,"conf",0.68,"1.1889492999998765","4.7641990490164075",2.39881564610102,0.68619135771448,3,27,"W","R"
"74",NA,NA,2,"Main",3,0.82229499999994,"down",1,270,"down",0.676734693877551,"conf",0.9,"0.8891608999992968","4.346688578681731",1.27026253671515,0.382988787727552,3,27,"W","R"
"75",NA,NA,2,"Main",4,1.98243640000055,"up",1,90,"up",0.636326530612245,"conf",0.56,"0.8526254999997036","3.621472037620962",2.67154143235514,0.407553501834355,3,27,"W","R"
"76",NA,NA,2,"Main",5,1.28530160000082,"up",1,90,"up",0.575714285714286,"conf",0.68,"0.8110206000001199","3.2679770986249967",3.72468227755974,0.654952343362647,3,27,"W","R"
"77",NA,NA,2,"Main",6,0.962347700000464,"down",1,270,"down",0.47469387755102,"conf",0.62,"0.8093189999999595","2.197009207576678",3.93971437462747,0.669142086660262,3,27,"W","R"
"78",NA,NA,2,"Main",7,1.53171830000065,"up",1,90,"up",0.434285714285714,"conf",0.59,"1.7121749000007185","2.8642300865094015",2.54625923756046,0.316031757946176,3,27,"W","R"
"79",NA,NA,2,"Main",8,1.29033549999986,"down",1,270,"down",0.393877551020408,"conf",0.58,"1.114763700000367","2.717801064773784",1.31647030954236,0.450859206311856,3,27,"W","R"
"80",NA,NA,2,"Main",9,0.888257499999781,"down",1,270,"down",0.373673469387755,"conf",0.66,"1.034639999999854","2.5649932591529003",2.44054970437633,0.456291203245005,3,27,"W","R"
"81",NA,NA,2,"Main",10,1.76259899999968,"up",1,90,"up",0.333265306122449,"conf",0.56,"0.9439433999996254","4.847153688090008",2.87999810817444,0.632158922717901,3,27,"W","R"
"82",NA,NA,2,"Main",11,0.888985200000207,"down",1,270,"down",0.292857142857143,"control",0.67,"0.9231602999998358","4.094500314452518",2.53523204695044,0.524214964383225,3,27,"W","R"
"83",NA,NA,2,"Main",12,1.73597229999996,"up",1,90,"up",0.252448979591837,"conf",0.56,"1.3670431999998982","3.563052145430521",2.91983175861636,0.392460948374984,3,27,"W","R"
"84",NA,NA,2,"Main",13,3.01956259999952,"up",1,90,"up",0.212040816326531,"conf",0.52,"2.337330700000166","3.4728737184583114",3.58342591747008,0.383160186288126,3,27,"W","R"
"85",NA,NA,2,"Main",14,1.5884333999993,"up",1,90,"up",0.191836734693878,"conf",0.56,"1.3963881999998193","3.9690009301157305",1.05048039006356,0.329312059127587,3,27,"W","R"
"86",NA,NA,2,"Main",15,1.95432400000027,"up",1,90,"up",0.171632653061224,"control",0.52,"1.8092163000001165","4.456981952759601",1.83401642284697,0.638044665059902,3,27,"W","R"
"87",NA,NA,2,"Main",16,1.73802500000056,"up",0,270,"down",0.151428571428571,"control",0.51,"0.8261573999998291","4.956590292939737",2.92989921953618,0.396619209784335,3,27,"W","R"
"88",NA,NA,2,"Main",17,1.45651530000032,"up",1,90,"up",0.232244897959184,"conf",0.57,"1.3231900999999198","2.074416110158505",3.4317246756248,0.282322958847889,3,27,"W","R"
"89",NA,NA,2,"Main",18,1.38980459999948,"up",1,90,"up",0.212040816326531,"conf",0.51,"1.2359231000000364","3.047654258964598",3.33999174874819,0.353724199395762,3,27,"W","R"
"90",NA,NA,2,"Main",19,1.70036640000035,"up",1,90,"up",0.191836734693878,"control",0.61,"1.514622500000769","4.515657047803948",3.16237698653819,0.371143425109874,3,27,"W","R"
"91",NA,NA,2,"Main",20,1.70962880000025,"down",0,90,"up",0.171632653061224,"conf",0.51,"0.9129753999995955","4.02481703735773",2.96313249061869,0.581514366676379,3,27,"W","R"
"92",NA,NA,2,"Main",21,1.61036390000027,"up",1,90,"up",0.252448979591837,"conf",0.58,"0.93780070000048","4.0501088302625305",2.86811120388946,0.565080890433417,3,27,"W","R"
"93",NA,NA,2,"Main",22,1.43752399999994,"down",0,90,"up",0.232244897959184,"control",0.56,"1.385378099999798","4.280211853419278",1.73370337364538,0.484127144192636,3,27,"W","R"
"94",NA,NA,2,"Main",23,1.23726369999986,"down",1,270,"down",0.292857142857143,"control",0.6,"1.6420834999998988","4.209121394658965",3.79627999150101,0.297655403769673,3,27,"W","R"
"95",NA,NA,2,"Main",24,1.53974550000021,"down",1,270,"down",0.292857142857143,"conf",0.64,"1.6762997999994695","2.892754013696888",3.45088638518954,0.440364992626085,3,27,"W","R"
"96",NA,NA,2,"Main",25,1.18800900000042,"down",1,270,"down",0.27265306122449,"conf",0.62,"1.3780022999999346","3.9709496651093175",1.83964470727911,0.736834542749901,3,27,"W","R"
"97",NA,NA,2,"Main",26,1.59612479999942,"down",0,90,"up",0.252448979591837,"conf",0.64,"1.0144521000001987","3.6262073531196033",3.29951868395908,0.444728495543398,3,27,"W","R"
"98",NA,NA,2,"Main",27,1.47244609999962,"down",0,90,"up",0.313061224489796,"conf",0.54,"1.397326900000735","2.885313143902036",3.00440286024302,0.366960403333178,3,27,"W","R"
"99",NA,NA,2,"Main",28,1.24871250000069,"down",1,270,"down",0.393877551020408,"control",0.72,"0.9449364000001879","2.8633185844590523",1.48649263078029,0.511578294319202,3,27,"W","R"
"100",NA,NA,2,"Main",29,1.61670310000045,"up",1,90,"up",0.373673469387755,"control",0.64,"1.1805270999993809","2.2964951675583904",2.1132926279494,0.407957270618907,3,27,"W","R"
"101",NA,NA,2,"Main",30,1.57494169999973,"up",1,90,"up",0.353469387755102,"conf",0.68,"0.8599045000000842","3.3583634016286035",2.89266309278151,0.458269283941196,3,27,"W","R"
"102",NA,NA,2,"Main",31,1.50816599999962,"up",0,270,"down",0.333265306122449,"control",0.52,"0.6539527000004455","3.9150160257122693",3.18259681874222,0.525614009385533,3,27,"W","R"
"103",NA,NA,2,"Main",32,0.854752199999893,"down",1,270,"down",0.414081632653061,"conf",0.64,"0.9779946999997264","2.2712966356131865",1.6069368376701,0.456683467273583,3,27,"W","R"
"104",NA,NA,2,"Main",33,1.54783279999992,"up",0,270,"down",0.393877551020408,"conf",0.51,"0.7998631000000387","3.64131947469384",2.32145160316482,0.407796446430989,3,27,"W","R"
"105",NA,NA,2,"Main",34,1.13138209999943,"down",1,270,"down",0.454489795918367,"conf",0.82,"1.1005893000001379","3.175147399531859",1.7846817088461,0.682554756488165,3,27,"W","R"
"106",NA,NA,2,"Main",35,1.33619609999914,"down",1,270,"down",0.434285714285714,"conf",0.78,"1.1210546000002068","3.29216972276394",2.03698145134395,0.609456783360538,3,27,"W","R"
"107",NA,NA,2,"Main",36,1.53265449999981,"down",1,270,"down",0.434285714285714,"conf",0.68,"0.8585132999996858","3.0018656853949857",3.94614969199231,0.393431727810067,3,27,"W","R"
"108",NA,NA,2,"Main",37,1.3748243,"down",1,270,"down",0.414081632653061,"conf",0.62,"1.517302700000073","4.185310779055962",2.59520777366763,0.310725718490578,3,27,"W","R"
"109",NA,NA,2,"Main",38,1.79438000000027,"up",1,90,"up",0.414081632653061,"conf",0.6,"1.1962305000006381","4.776351974891753",3.21863068720182,0.294761709317518,3,27,"W","R"
"110",NA,NA,2,"Main",39,1.34005119999983,"down",1,270,"down",0.393877551020408,"conf",0.6,"1.1002528999997594","4.901477457423516",2.91276723604251,0.649795320176716,3,27,"W","R"
"111",NA,NA,2,"Main",40,1.34052350000002,"up",1,90,"up",0.373673469387755,"conf",0.72,"1.0633310000002894","2.886717448963422",3.89859864729695,0.460895330741011,3,27,"W","R"
"112",NA,NA,2,"Main",41,1.60606300000018,"up",1,90,"up",0.353469387755102,"conf",0.68,"1.3314269000002241","4.600717529152782",1.9546142957759,0.461234875771639,3,27,"W","R"
"113",NA,NA,2,"Main",42,1.80160419999993,"up",1,90,"up",0.353469387755102,"control",0.62,"1.1881687999994028","4.6921323662323005",2.59138932614933,0.503935454338461,3,27,"W","R"
"114",NA,NA,2,"Main",43,1.74802700000055,"down",1,270,"down",0.333265306122449,"conf",0.51,"1.173080800000207","2.182609359761366",3.84647372671692,0.280915000317934,3,27,"W","R"
"115",NA,NA,2,"Main",44,1.57705290000013,"down",1,270,"down",0.313061224489796,"conf",0.52,"1.310214499999347","2.9952586402910333",2.26267706610557,0.262030508138365,3,27,"W","R"
"116",NA,NA,2,"Main",45,1.57705290000013,"[]",0,270,"down",0.313061224489796,"None",NA,"None","None",3.32885441358857,0.262030508138365,3,27,"W","R"
"117",NA,NA,3,"Main",0,1.18505229999937,"up",1,90,"up",0.353469387755102,"conf",0.84,"0.6814836000003197","3.263604912205825",1.51810286733796,0.732014788629042,3,27,"W","R"
"118",NA,NA,3,"Main",1,1.40627270000005,"up",0,270,"down",0.292857142857143,"conf",0.46,"1.0318551000000298","3.6331811964793075",2.79370037736393,0.671254720016284,3,27,"W","R"
"119",NA,NA,3,"Main",2,0.825597099999868,"down",1,270,"down",0.454489795918367,"control",0.82,"1.0597983999996359","2.224964597309942",2.3263525934989,0.50348098651737,3,27,"W","R"
"120",NA,NA,3,"Main",3,1.29603140000017,"down",0,90,"up",0.434285714285714,"control",0.35,"1.093075100000533","4.46437649543353",1.27124871988207,0.262857061083359,3,27,"W","R"
"121",NA,NA,3,"Main",4,1.36632649999956,"down",1,270,"down",0.373673469387755,"conf",0.56,"0.9186939999999595","4.142426736126936",2.60982547176703,0.598503321666764,3,27,"W","R"
"122",NA,NA,3,"Main",5,1.29519170000003,"down",1,270,"down",0.47469387755102,"conf",0.63,"1.1674179999999978","4.771784287644001",1.15916789511463,0.47315874093888,3,27,"W","R"
"123",NA,NA,3,"Main",6,1.52473900000041,"down",0,90,"up",0.353469387755102,"control",0.52,"1.0724844999995184","2.8625787502054996",2.29859916446553,0.607132521923026,3,27,"W","R"
"124",NA,NA,3,"Main",7,1.47171519999938,"up",1,90,"up",0.515102040816326,"conf",0.68,"0.8324161000000458","2.0999581405857333",1.1302562651733,0.578904006386816,3,27,"W","R"
"125",NA,NA,3,"Main",8,1.33856020000076,"up",1,90,"up",0.454489795918367,"conf",0.9,"1.1460111000005782","4.037838713016443",2.70086246451569,0.27919850567795,3,27,"W","R"
"126",NA,NA,3,"Main",9,1.53701880000062,"up",1,90,"up",0.393877551020408,"conf",0.86,"1.5310081999996328","4.98742116327613",3.75211396513887,0.421582476608922,3,27,"W","R"
"127",NA,NA,3,"Main",10,1.25204529999974,"up",1,90,"up",0.393877551020408,"conf",0.88,"0.6713270000000193","3.7263685461169533",1.47557757404948,0.747240582228712,3,27,"W","R"
"128",NA,NA,3,"Main",11,1.25204529999974,"[]",0,270,"down",0.353469387755102,"None",NA,"None","None",3.48395222906431,0.747240582228712,3,27,"W","R"
"129",NA,NA,3,"Main",12,1.11484289999953,"down",1,270,"down",0.414081632653061,"conf",0.89,"1.0700693999997384","2.055559314091941",2.83285324237964,0.642158902338711,3,27,"W","R"
"130",NA,NA,3,"Main",13,1.31876819999979,"up",1,90,"up",0.454489795918367,"conf",0.66,"0.9721493000006376","3.0227627850535006",2.90433483845242,0.290337327676452,3,27,"W","R"
"131",NA,NA,3,"Main",14,1.26834010000039,"down",1,270,"down",0.454489795918367,"conf",0.75,"0.9016486000000441","4.2276576873049425",2.06402451656373,0.383167459664321,3,27,"W","R"
"132",NA,NA,3,"Main",15,1.18881799999963,"down",1,270,"down",0.393877551020408,"conf",0.69,"1.247994600000311","2.2675618016981174",3.51276191658191,0.31910005402252,3,27,"W","R"
"133",NA,NA,3,"Main",16,1.29202029999942,"down",1,270,"down",0.414081632653061,"conf",0.78,"1.0848469000002297","4.284111517998025",2.40263241716998,0.382040980112727,3,27,"W","R"
"134",NA,NA,3,"Main",17,1.36943059999976,"up",1,90,"up",0.434285714285714,"conf",0.62,"0.9026622999999745","3.6438047812819834",1.82947060187727,0.46391732239638,3,27,"W","R"
"135",NA,NA,3,"Main",18,0.955087400000593,"down",1,270,"down",0.414081632653061,"control",0.8,"1.1257672000001548","3.1249973558804247",2.90550956909543,0.301512535944024,3,27,"W","R"
"136",NA,NA,3,"Main",19,1.34657249999964,"up",1,90,"up",0.292857142857143,"conf",0.57,"1.779217499999504","3.263304133931814",1.87877323563277,0.411531292151786,3,27,"W","R"
"137",NA,NA,3,"Main",20,1.30693820000033,"up",1,90,"up",0.373673469387755,"control",0.56,"1.351525600000059","3.3181399275526426",2.37704377072985,0.289921198070804,3,27,"W","R"
"138",NA,NA,3,"Main",21,1.49208590000035,"down",1,270,"down",0.393877551020408,"control",0.86,"0.8126914000004035","3.3899710603296174",3.30020848483884,0.702069430575361,3,27,"W","R"
"139",NA,NA,3,"Main",22,1.03824179999992,"down",1,270,"down",0.292857142857143,"conf",0.53,"0.9333294999996724","4.832611480068956",2.38543926816227,0.574357679354314,3,27,"W","R"
"140",NA,NA,3,"Main",23,1.21798239999953,"up",1,90,"up",0.191836734693878,"conf",0.5,"1.5315812999997434","2.564364972742014",1.75880544366912,0.675410206020977,3,27,"W","R"
"141",NA,NA,3,"Main",24,1.16249309999966,"down",1,270,"down",0.414081632653061,"conf",0.83,"0.9275314999995317","4.897576356153949",2.00176561858929,0.466541845823098,3,27,"W","R"
"142",NA,NA,3,"Main",25,1.23253729999942,"down",1,270,"down",0.252448979591837,"conf",0.54,"1.0216120999994018","2.707609755081637",1.36252558180482,0.403344185733207,3,27,"W","R"
"143",NA,NA,3,"Main",26,1.28831469999932,"down",1,270,"down",0.191836734693878,"control",0.7,"1.128719600000295","4.720888197224696",2.28055917536395,0.576621739056521,3,27,"W","R"
"144",NA,NA,3,"Main",27,1.62256980000075,"down",1,270,"down",0.252448979591837,"conf",0.52,"1.2586256999993566","4.310310250457841",2.62953542826335,0.389946531197434,3,27,"W","R"
"145",NA,NA,3,"Main",28,1.65762189999987,"up",1,90,"up",0.232244897959184,"conf",0.51,"1.8468603000001167","3.1375459506929726",2.21372698719692,0.705581291492872,3,27,"W","R"
"146",NA,NA,3,"Main",29,1.54045210000004,"down",1,270,"down",0.232244897959184,"conf",0.6,"0.9829538000003595","3.753313109475802",3.17199785053809,0.454734163888917,3,27,"W","R"
"147",NA,NA,3,"Main",30,1.71803220000038,"up",1,90,"up",0.212040816326531,"conf",0.54,"0.908468399999947","3.6057092759313845",1.39473147392711,0.612637524933048,3,27,"W","R"
"148",NA,NA,3,"Main",31,1.62394009999934,"up",1,90,"up",0.191836734693878,"control",0.59,"0.8706705999993574","4.7815524121890665",2.13019135890223,0.497040659424922,3,27,"W","R"
"149",NA,NA,3,"Main",32,1.93468980000034,"up",1,90,"up",0.232244897959184,"conf",0.51,"1.074634700000388","4.221321165244847",3.73916927256084,0.612642109301776,3,27,"W","R"
"150",NA,NA,3,"Main",33,1.53130770000007,"up",0,270,"down",0.111020408163265,"conf",0.64,"1.1757559999996374","4.333478666172505",2.70199868469519,0.694675885773686,3,27,"W","R"
"151",NA,NA,3,"Main",34,1.53485909999927,"up",1,90,"up",0.151428571428571,"conf",0.68,"1.0871059000000969","2.4911491052217185",2.04897314035458,0.290168387026902,3,27,"W","R"
"152",NA,NA,3,"Main",35,1.21884510000018,"up",0,270,"down",0.232244897959184,"conf",0.65,"0.8106826000002911","3.7341917865034038",3.29051812314026,0.48965422877669,3,27,"W","R"
"153",NA,NA,3,"Main",36,1.31443709999985,"up",1,90,"up",0.212040816326531,"conf",0.6,"1.0810928999999305","4.277355228820317",1.45750869048095,0.690954726404857,3,27,"W","R"
"154",NA,NA,3,"Main",37,1.47789120000016,"up",1,90,"up",0.111020408163265,"conf",0.64,"0.802082899999732","3.1048600364600945",2.75978442089505,0.654858623494348,3,27,"W","R"
"155",NA,NA,3,"Main",38,1.82822589999978,"up",1,90,"up",0.111020408163265,"conf",0.47,"1.2502721000000747","4.622831410128222",1.17556201218597,0.412136358083337,3,27,"W","R"
"156",NA,NA,3,"Main",39,1.51023929999974,"down",0,90,"up",0.131224489795918,"conf",0.51,"1.1126980999997613","3.576027142426251",2.57035298777215,0.305535601499326,3,27,"W","R"
"157",NA,NA,3,"Main",40,1.41665310000008,"down",0,90,"up",0.131224489795918,"conf",0.61,"1.660766599999988","2.7002680029747643",2.19241098734687,0.626814984560349,3,27,"W","R"
"158",NA,NA,3,"Main",41,1.71436170000015,"up",0,270,"down",0.171632653061224,"conf",0.52,"1.1050621999993382","3.368941911063053",3.14981245372177,0.585618040413641,3,27,"W","R"
"159",NA,NA,3,"Main",42,1.72230539999964,"up",0,270,"down",0.27265306122449,"control",0.54,"1.4971903999994538","2.2673076966388352",3.8856199477604,0.718731104508721,3,27,"W","R"
"160",NA,NA,3,"Main",43,1.40067220000037,"up",1,90,"up",0.414081632653061,"conf",0.8,"1.1976785999995627","3.646161247079542",2.13864544543487,0.548641493777631,3,27,"W","R"
"161",NA,NA,3,"Main",44,1.66546689999996,"down",1,270,"down",0.27265306122449,"conf",0.72,"0.7171633999996629","4.026644479747372",1.73205806067636,0.657562059616554,3,27,"W","R"
"162",NA,NA,3,"Main",45,1.72228249999989,"down",1,270,"down",0.191836734693878,"control",0.56,"1.0317125000001397","2.631827863450839",2.39777358459591,0.454654568662479,3,27,"W","R"
"163",NA,NA,4,"Main",0,1.55968639999992,"down",0,90,"up",0.171632653061224,"conf",0.51,"0.8725774000004094","3.414226152958102",3.83130183978856,0.63104198177757,3,27,"W","R"
"164",NA,NA,4,"Main",1,1.69212040000002,"down",1,270,"down",0.171632653061224,"conf",0.54,"1.0846452999994654","3.968348441147623",1.46975638368726,0.407485429881527,3,27,"W","R"
"165",NA,NA,4,"Main",2,1.31652380000014,"down",1,270,"down",0.232244897959184,"conf",0.62,"1.0095444999997198","3.2326923893641615",2.98324533076035,0.481480699814728,3,27,"W","R"
"166",NA,NA,4,"Main",3,1.0915401000002,"down",1,270,"down",0.252448979591837,"conf",0.9,"0.8062255999993795","2.481569509204687",3.08824086990091,0.546647608979349,3,27,"W","R"
"167",NA,NA,4,"Main",4,1.18387399999938,"down",1,270,"down",0.212040816326531,"conf",0.86,"0.7543288000006214","2.42476904325646",2.64273372269431,0.410834202100548,3,27,"W","R"
"168",NA,NA,4,"Main",5,1.39590450000014,"down",0,90,"up",0.414081632653061,"control",0.69,"1.158355799999299","4.232299620669976",1.50933378275201,0.445758952840715,3,27,"W","R"
"169",NA,NA,4,"Main",6,1.87670560000061,"up",1,90,"up",0.494897959183673,"conf",0.53,"1.1472192000001087","3.7408479726863564",1.72770893566605,0.539182158239009,3,27,"W","R"
"170",NA,NA,4,"Main",7,0.862977300000239,"down",1,270,"down",0.494897959183673,"conf",0.94,"2.560743800000637","3.197803712488823",2.16669248816448,0.485329930085845,3,27,"W","R"
"171",NA,NA,4,"Main",8,1.53968759999952,"up",1,90,"up",0.232244897959184,"conf",0.83,"1.077867399999377","4.274491262575809",2.15919221615577,0.308232605709178,3,27,"W","R"
"172",NA,NA,4,"Main",9,1.54521270000077,"up",1,90,"up",0.151428571428571,"conf",0.59,"0.8729398999994373","3.5676105682371277",3.25701500692267,0.405056521127627,3,27,"W","R"
"173",NA,NA,4,"Main",10,1.3534611999994,"up",1,90,"up",0.252448979591837,"conf",0.6,"1.0209744999992836","2.275834153768148",2.04277911590236,0.701812810436362,3,27,"W","R"
"174",NA,NA,4,"Main",11,1.09715079999933,"up",1,90,"up",0.47469387755102,"conf",0.93,"2.2378747000002477","2.388317487892486",2.23724619879942,0.476953556549734,3,27,"W","R"
"175",NA,NA,4,"Main",12,0.966522400000031,"down",1,270,"down",0.393877551020408,"control",0.96,"0.9444489999996222","4.551462205967358",3.34041358396563,0.474120103750092,3,27,"W","R"
"176",NA,NA,4,"Main",13,1.27934730000015,"up",1,90,"up",0.191836734693878,"conf",0.78,"0.8443896000007953","2.2281780640951308",3.46542807433011,0.259619904568426,3,27,"W","R"
"177",NA,NA,4,"Main",14,1.38955530000021,"up",1,90,"up",0.0706122448979592,"control",0.67,"0.8289000000004307","3.638507081422277",2.15438772183029,0.38900430833485,3,27,"W","R"
"178",NA,NA,4,"Main",15,1.38138949999939,"up",1,90,"up",0.393877551020408,"control",0.76,"1.016017799999645","3.0592477325972602",1.61736046840791,0.281268570558093,3,27,"W","R"
"179",NA,NA,4,"Main",16,1.53412840000055,"up",0,270,"down",0.434285714285714,"conf",0.93,"0.7788529999997991","3.247662939608951",2.1988877081118,0.41152391983808,3,27,"W","R"
"180",NA,NA,4,"Main",17,1.04039569999986,"up",1,90,"up",0.494897959183673,"conf",0.94,"0.9301034999998592","2.5541890475412243",3.26753462134451,0.561675529675053,3,27,"W","R"
"181",NA,NA,4,"Main",18,1.1702693999996,"up",0,270,"down",0.232244897959184,"control",0.86,"0.7210461000004216","2.54190445309146",1.7753878658448,0.722078835473609,3,27,"W","R"
"182",NA,NA,4,"Main",19,1.51226690000021,"up",0,270,"down",0.434285714285714,"conf",0.59,"0.7086503999998968","4.582489960568882",1.67449632734137,0.603944106402633,3,27,"W","R"
"183",NA,NA,4,"Main",20,1.58000039999934,"up",1,90,"up",0.191836734693878,"conf",0.64,"0.9618273000005502","2.4785429878137863",2.85024615338436,0.533538708450582,3,27,"W","R"
"184",NA,NA,4,"Main",21,0.85365180000008,"down",1,270,"down",0.53530612244898,"conf",0.71,"0.7975851999999577","2.8663959716105745",2.72898157875132,0.335478545717839,3,27,"W","R"
"185",NA,NA,4,"Main",22,1.42496680000022,"up",0,270,"down",0.212040816326531,"conf",0.68,"0.760298000000148","4.775749230639023",2.22508705196042,0.354464054336646,3,27,"W","R"
"186",NA,NA,4,"Main",23,1.42496680000022,"[]",0,270,"down",0.171632653061224,"None",NA,"None","None",3.18691812633932,0.354464054336646,3,27,"W","R"
"187",NA,NA,4,"Main",24,1.3429900000001,"up",1,90,"up",0.212040816326531,"control",0.56,"0.9480819000000338","2.354204994047196",2.55108590585203,0.653187291685151,3,27,"W","R"
"188",NA,NA,4,"Main",25,1.18868509999993,"up",1,90,"up",0.454489795918367,"conf",0.74,"0.7085488000002442","2.7571612539094694",1.68977195234682,0.66727264539748,3,27,"W","R"
"189",NA,NA,4,"Main",26,0.945547700000134,"up",1,90,"up",0.454489795918367,"conf",0.98,"1.5812920999997004","3.1761782693156766",1.5021007377326,0.447223827571518,3,27,"W","R"
"190",NA,NA,4,"Main",27,1.97934019999957,"up",0,270,"down",0.131224489795918,"conf",0.54,"0.842163299999811","2.0959030469382163",1.68310497273859,0.478899727312129,3,27,"W","R"
"191",NA,NA,4,"Main",28,1.06856380000045,"up",1,90,"up",0.373673469387755,"control",0.9,"1.0633462999994663","3.684723900018513",3.48886414193188,0.388422217762301,3,27,"W","R"
"192",NA,NA,4,"Main",29,1.51463690000037,"down",1,270,"down",0.47469387755102,"conf",0.9,"1.1934526999993977","4.149598232460894",2.11430208550272,0.479626633778437,3,27,"W","R"
"193",NA,NA,4,"Main",30,0.954687299999932,"down",1,270,"down",0.434285714285714,"conf",0.98,"1.0301310999993802","2.969230607436845",2.61499262578601,0.409227951050665,3,27,"W","R"
"194",NA,NA,4,"Main",31,0.958573100000649,"down",1,270,"down",0.373673469387755,"conf",0.79,"1.444848500000262","3.608527173814788",1.98189678858938,0.673736203616225,3,27,"W","R"
"195",NA,NA,4,"Main",32,1.20545609999954,"up",1,90,"up",0.53530612244898,"conf",0.9,"0.9835704000006444","2.548217919736053",3.03340097323101,0.298093174411857,3,27,"W","R"
"196",NA,NA,4,"Main",33,1.55478669999957,"down",1,270,"down",0.151428571428571,"conf",0.52,"1.0452103999996325","4.0688830664862525",2.81963285653772,0.303060471354082,3,27,"W","R"
"197",NA,NA,4,"Main",34,1.27188219999971,"up",1,90,"up",0.414081632653061,"conf",0.76,"0.7580510999996477","4.13986843095612",2.91511070281702,0.382468028654541,3,27,"W","R"
"198",NA,NA,4,"Main",35,1.25936009999987,"up",1,90,"up",0.454489795918367,"conf",0.75,"0.9198143000003256","3.7002451891675956",2.6291812068918,0.273691613655371,3,27,"W","R"
"199",NA,NA,4,"Main",36,0.992193500000212,"down",1,270,"down",0.515102040816326,"conf",0.85,"0.7509025000008478","3.7040088723671563",2.49211223503559,0.570446846184887,3,27,"W","R"
"200",NA,NA,4,"Main",37,1.34608010000011,"up",0,270,"down",0.131224489795918,"conf",0.52,"1.180832800000644","4.393862150545431",2.19697164459312,0.342268344510466,3,27,"W","R"
"201",NA,NA,4,"Main",38,0.988143599999603,"down",1,270,"down",0.434285714285714,"conf",0.89,"0.8332645000000412","2.5807773626515305",2.55455941678766,0.432008661570706,3,27,"W","R"
"202",NA,NA,4,"Main",39,0.882796199999575,"down",1,270,"down",0.454489795918367,"control",0.88,"1.0529756000005364","4.341993718060184",1.2398297772276,0.536570914888698,3,27,"W","R"
"203",NA,NA,4,"Main",40,1.46354080000037,"up",1,90,"up",0.353469387755102,"conf",0.85,"1.0619337999996787","2.364053599259637",1.93360146830661,0.396573126619834,3,27,"W","R"
"204",NA,NA,4,"Main",41,1.33705620000001,"up",1,90,"up",0.373673469387755,"conf",0.82,"0.785566600000493","3.895644900246062",2.83875134494825,0.42768379571695,3,27,"W","R"
"205",NA,NA,4,"Main",42,0.998122899999544,"down",1,270,"down",0.232244897959184,"control",0.74,"0.9130472000006193","2.4608958487926964",1.4287822049122,0.592497278437458,3,27,"W","R"
"206",NA,NA,4,"Main",43,1.1585597000003,"up",1,90,"up",0.232244897959184,"conf",0.78,"1.1996195000001535","4.438094220514699",1.78413668978572,0.714728079614251,3,27,"W","R"
"207",NA,NA,4,"Main",44,1.62055370000053,"down",1,270,"down",0.373673469387755,"conf",0.51,"1.0499089999993885","3.6822652748642914",1.84511079211502,0.632845846523587,3,27,"W","R"
"208",NA,NA,4,"Main",45,1.3408174999995,"up",1,90,"up",0.111020408163265,"control",0.63,"0.8150279000001319","3.537628158005253",2.00287603143669,0.294476612011325,3,27,"W","R"
"209",NA,NA,5,"Main",0,1.62206680000054,"up",1,90,"up",0.0706122448979592,"control",0.5,"1.3137322000002314","2.0700309612130785",3.88313291331263,0.277358275844978,3,27,"W","R"
"210",NA,NA,5,"Main",1,1.23849979999977,"up",1,90,"up",0.27265306122449,"conf",0.84,"1.0348628000001554","2.0485173914557118",3.33147741842533,0.461808152049509,3,27,"W","R"
"211",NA,NA,5,"Main",2,1.29030390000025,"up",1,90,"up",0.0908163265306122,"conf",0.5,"0.9247807000001558","2.9420790948780136",3.33106735766738,0.284704527360939,3,27,"W","R"
"212",NA,NA,5,"Main",3,1.25726779999968,"up",1,90,"up",0.0908163265306122,"conf",0.57,"0.835581600000296","2.7817453895642124",1.11520201136755,0.577398492317718,3,27,"W","R"
"213",NA,NA,5,"Main",4,1.72129769999992,"up",0,270,"down",0.393877551020408,"conf",0.42,"0.6388497999996616","3.8424825515622745",1.81036456324106,0.569677737701227,3,27,"W","R"
"214",NA,NA,5,"Main",5,1.15863960000024,"down",1,270,"down",0.47469387755102,"conf",0.88,"0.8132623999999851","3.405384554685221",2.57987019656549,0.569426634644395,3,27,"W","R"
"215",NA,NA,5,"Main",6,1.45881060000011,"down",1,270,"down",0.01,"conf",0.48,"0.9843033999995896","3.1192876539943333",3.92298363328106,0.303833495258828,3,27,"W","R"
"216",NA,NA,5,"Main",7,1.0306172999999,"up",1,90,"up",0.252448979591837,"conf",0.93,"0.8074404999997569","3.515681141665997",1.47180256448756,0.421714904527935,3,27,"W","R"
"217",NA,NA,5,"Main",8,1.36259840000002,"up",1,90,"up",0.414081632653061,"conf",0.74,"0.7605667999996513","4.763343097642553",3.79481129240652,0.66174547393074,3,27,"W","R"
"218",NA,NA,5,"Main",9,0.959731400000237,"up",1,90,"up",0.494897959183673,"conf",0.7,"0.8166825999996945","2.552975434325564",3.28499870659202,0.660451577498627,3,27,"W","R"
"219",NA,NA,5,"Main",10,1.28613680000035,"up",1,90,"up",0.131224489795918,"control",0.61,"1.038592900000367","2.84138702961748",1.19184212816749,0.508389993229653,3,27,"W","R"
"220",NA,NA,5,"Main",11,0.9437183,"up",1,90,"up",0.414081632653061,"conf",0.79,"0.8394379000001209","4.733782644156752",2.65552206117234,0.49705765552095,3,27,"W","R"
"221",NA,NA,5,"Main",12,1.38067709999996,"up",1,90,"up",0.0302040816326531,"control",0.64,"0.9134696000000986","4.27876561433509",3.03792091245024,0.278891399834343,3,27,"W","R"
"222",NA,NA,5,"Main",13,1.51461680000011,"up",0,270,"down",0.434285714285714,"control",0.58,"0.8631396999999197","3.261055864987947",1.82900465921525,0.503513522277397,3,27,"W","R"
"223",NA,NA,5,"Main",14,1.17383809999956,"down",1,270,"down",0.171632653061224,"control",0.6,"0.85383499999989","3.6139551006891724",3.33883741101539,0.707031228348452,3,27,"W","R"
"224",NA,NA,5,"Main",15,1.58278280000013,"up",0,270,"down",0.01,"conf",0.52,"1.046553700000004","3.412544909614165",2.49836865753911,0.673522091610637,3,27,"W","R"
"225",NA,NA,5,"Main",16,1.05405219999921,"down",1,270,"down",0.414081632653061,"conf",0.92,"0.9830310000006648","2.163882874160685",3.17806983082803,0.381753381439332,3,27,"W","R"
"226",NA,NA,5,"Main",17,1.30924429999959,"down",1,270,"down",0.454489795918367,"conf",0.7,"0.9913961000002018","4.513985991439797",2.42662447348629,0.272127899929802,3,27,"W","R"
"227",NA,NA,5,"Main",18,1.42856940000001,"down",0,90,"up",0.0706122448979592,"control",0.55,"0.9642896999994264","4.124550483713743",1.663669221691,0.662652427658126,3,27,"W","R"
"228",NA,NA,5,"Main",19,0.959912700000132,"down",1,270,"down",0.414081632653061,"conf",1,"1.0688779000001887","3.1003036049540036",2.05388992262343,0.747898138921606,3,27,"W","R"
"229",NA,NA,5,"Main",20,1.84789939999973,"down",0,90,"up",0.0706122448979592,"conf",0.6,"0.9032951999997749","3.7214640143217093",2.29447078409005,0.71130706952239,3,27,"W","R"
"230",NA,NA,5,"Main",21,1.26022149999972,"down",0,90,"up",0.171632653061224,"conf",0.53,"0.8999526999996306","3.403839541473466",2.34214754093114,0.556777145611583,3,27,"W","R"
"231",NA,NA,5,"Main",22,1.44351779999943,"down",0,90,"up",0.171632653061224,"control",0.49,"0.7057881999999154","4.66666536920197",3.7688035237678,0.393932513176513,3,27,"W","R"
"232",NA,NA,5,"Main",23,1.44351779999943,"[]",0,90,"up",0.252448979591837,"None",NA,"None","None",2.28320998745656,0.393932513176513,3,27,"W","R"
"233",NA,NA,5,"Main",24,1.42716219999966,"down",0,90,"up",0.373673469387755,"conf",0.42,"0.9786665000001449","4.2593744376311315",2.5567496543503,0.25755362463991,3,27,"W","R"
"234",NA,NA,5,"Main",25,1.38289910000003,"up",0,270,"down",0.131224489795918,"conf",0.52,"1.1139922000002116","4.964103363961055",3.3506463298425,0.649808170988967,3,27,"W","R"
"235",NA,NA,5,"Main",26,1.20363859999998,"down",1,270,"down",0.515102040816326,"conf",0.95,"0.9756369999995513","4.838876249407063",3.27898135668592,0.689448980706289,3,27,"W","R"
"236",NA,NA,5,"Main",27,1.4932572000007,"up",1,90,"up",0.27265306122449,"conf",0.52,"1.09791419999965","4.47602575439044",1.29064481383708,0.670023418553698,3,27,"W","R"
"237",NA,NA,5,"Main",28,1.81227209999997,"up",1,90,"up",0.191836734693878,"conf",0.36,"1.2007505000001402","3.655905518817106",2.08822100496604,0.732925337557586,3,27,"W","R"
"238",NA,NA,5,"Main",29,1.24920099999963,"up",0,270,"down",0.0706122448979592,"conf",0.57,"0.7936132000004363","2.6834032588466217",2.30387790540828,0.578658145230403,3,27,"W","R"
"239",NA,NA,5,"Main",30,1.33345640000061,"up",1,90,"up",0.111020408163265,"conf",0.5,"0.9058783999998923","2.9879300527462473",2.32976600103894,0.69820494583443,3,27,"W","R"
"240",NA,NA,5,"Main",31,1.37486190000072,"up",0,270,"down",0.393877551020408,"conf",0.42,"0.881358800000271","4.038530082740014",2.59836793639535,0.50886195109845,3,27,"W","R"
"241",NA,NA,5,"Main",32,0.953089300000102,"down",1,270,"down",0.555510204081633,"control",0.86,"0.8309007999996538","4.7847466901086895",2.4028660876689,0.27878183358399,3,27,"W","R"
"242",NA,NA,5,"Main",33,1.68724420000035,"down",1,270,"down",0.252448979591837,"conf",0.6,"0.9121728000000076","3.354743136124604",3.70571829637456,0.703656152755785,3,27,"W","R"
"243",NA,NA,5,"Main",34,1.84399029999986,"down",1,270,"down",0.111020408163265,"conf",0.53,"1.2880284000002575","2.44741113143101",2.70927208187418,0.463564801407057,3,27,"W","R"
"244",NA,NA,5,"Main",35,1.86623770000006,"up",0,270,"down",0.212040816326531,"conf",0.48,"0.9103955999999016","4.335650672002685",1.89611802789048,0.358890395529946,3,27,"W","R"
"245",NA,NA,5,"Main",36,3.0224517000006,"down",1,270,"down",0.393877551020408,"conf",0.49,"1.9705933999994159","4.0277965165345355",2.02700632351104,0.401002204765725,3,27,"W","R"
"246",NA,NA,5,"Main",37,1.22614340000018,"up",1,90,"up",0.191836734693878,"conf",0.56,"0.9001508000001195","3.853467634196138",1.328991820047,0.382263564252249,3,27,"W","R"
"247",NA,NA,5,"Main",38,1.43960979999974,"down",1,270,"down",0.494897959183673,"conf",0.62,"0.6866945000001579","3.162290254047809",2.88450241440282,0.536891433828166,3,27,"W","R"
"248",NA,NA,5,"Main",39,1.3509924,"up",0,270,"down",0.232244897959184,"conf",0.7,"0.8850099000001137","3.460563657993469",1.60904617090211,0.600390794409197,3,27,"W","R"
"249",NA,NA,5,"Main",40,0.97748589999992,"up",1,90,"up",0.555510204081633,"conf",0.93,"1.288644799999929","3.8980179491562",3.68119819885284,0.340369837372818,3,27,"W","R"
"250",NA,NA,5,"Main",41,1.30946959999983,"up",0,270,"down",0.232244897959184,"control",0.5,"0.9823373999997784","4.854705507847522",1.79730296912677,0.473715604236113,3,27,"W","R"
"251",NA,NA,5,"Main",42,0.990572799999427,"up",1,90,"up",0.515102040816326,"conf",0.9,"0.8437520000006771","3.2232815613441725",3.47351787898923,0.73837961538221,3,27,"W","R"
"252",NA,NA,5,"Main",43,1.4159410000002,"up",0,270,"down",0.212040816326531,"control",0.92,"1.0179982999998174","4.092993073092149",2.44483159053929,0.394611089443011,3,27,"W","R"
"253",NA,NA,5,"Main",44,1.24150370000007,"up",0,270,"down",0.191836734693878,"conf",0.92,"0.9790683000001081","3.6569734330380763",3.55669969679056,0.273870198812098,3,27,"W","R"
"254",NA,NA,5,"Main",45,1.34950040000058,"up",1,90,"up",0.232244897959184,"conf",0.95,"0.8918837999999596","2.2998854763533396",1.58253008092629,0.392227210682101,3,27,"W","R"
"255",NA,NA,6,"Main",0,1.43202670000028,"up",1,90,"up",0.0302040816326531,"conf",0.51,"1.9734523999995872","3.9203757286000105",1.80469495440695,0.617503696644646,3,27,"W","R"
"256",NA,NA,6,"Main",1,1.13167239999984,"down",1,270,"down",0.313061224489796,"conf",0.89,"0.7287043000005724","4.231526501638854",2.82596494973693,0.347818232578499,3,27,"W","R"
"257",NA,NA,6,"Main",2,1.04423529999985,"down",1,270,"down",0.232244897959184,"conf",0.9,"0.7395577999996021","2.4795947834126535",2.14228813978131,0.589912978363392,3,27,"W","R"
"258",NA,NA,6,"Main",3,1.32799250000062,"down",0,90,"up",0.0504081632653061,"conf",0.59,"1.0192615999994814","3.252161811109379",2.11911936612861,0.329728502781634,3,27,"W","R"
"259",NA,NA,6,"Main",4,0.865338900000097,"down",1,270,"down",0.47469387755102,"conf",0.98,"0.8431764999995721","4.935226227156687",2.25403917293396,0.530256831381989,3,27,"W","R"
"260",NA,NA,6,"Main",5,1.23153590000038,"down",1,270,"down",0.0706122448979592,"conf",0.57,"1.2060921000002054","4.304147803445728",2.48614424798883,0.306258570858791,3,27,"W","R"
"261",NA,NA,6,"Main",6,1.40023359999941,"down",1,270,"down",0.0706122448979592,"conf",0.51,"1.5726803999996264","4.090395138486292",2.31960117152436,0.332576997361846,3,27,"W","R"
"262",NA,NA,6,"Main",7,1.20370629999979,"down",0,90,"up",0.0504081632653061,"conf",0.57,"0.9150987000002715","4.147027644556714",2.71183127278897,0.526271644795086,3,27,"W","R"
"263",NA,NA,6,"Main",8,1.14587300000039,"down",1,270,"down",0.252448979591837,"conf",0.59,"0.9580394000004162","2.398779674767414",3.39725655685558,0.516748916467423,3,27,"W","R"
"264",NA,NA,6,"Main",9,1.30780140000024,"up",1,90,"up",0.494897959183673,"conf",0.99,"1.3520680000001448","2.5803819946033957",1.61736694402798,0.605569329741376,3,27,"W","R"
"265",NA,NA,6,"Main",10,1.53842889999942,"up",1,90,"up",0.27265306122449,"conf",0.88,"0.7942069999999148","2.7379118958187307",1.98399744013599,0.438439950421437,3,27,"W","R"
"266",NA,NA,6,"Main",11,0.854935800000021,"down",1,270,"down",0.434285714285714,"conf",0.11,"1.0588383999993312","4.576669947793764",3.09435306953903,0.64826536498468,3,27,"W","R"
"267",NA,NA,6,"Main",12,1.80937630000062,"up",0,270,"down",0.434285714285714,"control",0.38,"1.196263099999669","3.9571463015120516",1.74772146206237,0.665585641739821,3,27,"W","R"
"268",NA,NA,6,"Main",13,1.50444979999975,"up",1,90,"up",0.0908163265306122,"control",0.63,"0.8758060999998634","4.004452513712713",2.42585358363422,0.263615551279872,3,27,"W","R"
"269",NA,NA,6,"Main",14,1.4156954,"up",0,270,"down",0.0706122448979592,"control",0.58,"0.8372282000000268","3.107420963437778",1.33991500124136,0.354270065908533,3,27,"W","R"
"270",NA,NA,6,"Main",15,1.39430489999995,"up",0,270,"down",0.111020408163265,"conf",0.55,"0.9844547000002422","3.252653371749293",1.89591077555938,0.604688377356126,3,27,"W","R"
"271",NA,NA,6,"Main",16,1.48911769999995,"up",1,90,"up",0.0302040816326531,"control",0.72,"0.8027705999993486","3.413038645801401",2.07327785248258,0.555111238432591,3,27,"W","R"
"272",NA,NA,6,"Main",17,1.0474404000006,"up",1,90,"up",0.393877551020408,"conf",0.81,"0.8405577000003177","3.0010986419162853",2.38787305159507,0.298761708500104,3,27,"W","R"
"273",NA,NA,6,"Main",18,1.33267159999923,"up",0,270,"down",0.313061224489796,"control",0.82,"0.7965181999998094","4.480673374266708",1.88267530786539,0.486907809298579,3,27,"W","R"
"274",NA,NA,6,"Main",19,1.30376109999997,"up",0,270,"down",0.313061224489796,"conf",0.71,"0.8811136000003899","2.651483057457182",2.79794072542644,0.480127088052345,3,27,"W","R"
"275",NA,NA,6,"Main",20,1.33983369999987,"up",1,90,"up",0.292857142857143,"control",0.92,"1.0544932000002518","4.064499333536524",1.08747344911179,0.5900504018208,3,27,"W","R"
"276",NA,NA,6,"Main",21,1.66683720000037,"up",1,90,"up",0.0302040816326531,"conf",0.64,"1.3525393999998414","2.424590331586905",1.58992691974656,0.414752002171626,3,27,"W","R"
"277",NA,NA,6,"Main",22,1.83243649999986,"up",0,270,"down",0.555510204081633,"conf",0.94,"0.9125358999999662","2.44443963891057",2.27027124981989,0.382567542966055,3,27,"W","R"
"278",NA,NA,6,"Main",23,1.4489180999999,"up",0,270,"down",0.0706122448979592,"conf",0.94,"0.8788073999994594","2.6950830400832144",3.92386169877336,0.468464229760754,3,27,"W","R"
"279",NA,NA,6,"Main",24,1.03067459999966,"up",1,90,"up",0.414081632653061,"conf",0.9,"0.7757503999991968","3.597607808435478",2.12435848142745,0.43941850754819,3,27,"W","R"
"280",NA,NA,6,"Main",25,1.04558120000002,"up",1,90,"up",0.232244897959184,"conf",0.94,"1.2089986999999383","3.4821399640921316",3.65805997099405,0.549059815431264,3,27,"W","R"
"281",NA,NA,6,"Main",26,1.06355010000061,"up",1,90,"up",0.252448979591837,"conf",0.94,"1.1105543000003308","4.798200215370269",2.8562074434625,0.466095463901591,3,27,"W","R"
"282",NA,NA,6,"Main",27,1.84710840000025,"up",1,90,"up",0.0706122448979592,"conf",0.9,"0.9399990000001708","4.433501321762302",2.64920469029173,0.332699947409865,3,27,"W","R"
"283",NA,NA,6,"Main",28,1.83993499999997,"up",0,270,"down",0.212040816326531,"control",0.52,"0.86507630000051","2.4020330716350307",2.70082018356454,0.391720229447212,3,27,"W","R"
"284",NA,NA,6,"Main",29,1.81760410000061,"down",1,270,"down",0.0908163265306122,"conf",0.48,"1.0062786999997115","2.121621470717021",3.04334315248491,0.289912577439708,3,27,"W","R"
"285",NA,NA,6,"Main",30,1.19476080000004,"up",1,90,"up",0.151428571428571,"conf",0.86,"0.7250361000005796","4.479146253300048",2.3328769573636,0.466153180534416,3,27,"W","R"
"286",NA,NA,6,"Main",31,1.15729819999979,"down",1,270,"down",0.454489795918367,"conf",0.68,"0.8863443000000188","4.315505975537441",1.15471564065603,0.35877141108416,3,27,"W","R"
"287",NA,NA,6,"Main",32,1.28164749999996,"up",1,90,"up",0.515102040816326,"control",0.91,"0.9115153000002465","2.562999255424772",3.10176117624825,0.520631293098684,3,27,"W","R"
"288",NA,NA,6,"Main",33,1.05447709999953,"down",0,90,"up",0.212040816326531,"control",0.42,"0.7073315999996339","2.7253050057535297",3.91837845704251,0.557855151958787,3,27,"W","R"
"289",NA,NA,6,"Main",34,1.05447709999953,"[]",0,270,"down",0.151428571428571,"None",NA,"None","None",3.95321026129616,0.557855151958787,3,27,"W","R"
"290",NA,NA,6,"Main",35,0.912079499999891,"down",1,270,"down",0.393877551020408,"conf",0.82,"0.9222442000000228","4.819330056209667",3.0034292049263,0.581808375985234,3,27,"W","R"
"291",NA,NA,6,"Main",36,1.20088140000007,"down",1,270,"down",0.0908163265306122,"control",0.82,"0.7498771000000488","3.997564106303191",1.70480472832544,0.572683413965567,3,27,"W","R"
"292",NA,NA,6,"Main",37,0.981877999999597,"down",0,90,"up",0.515102040816326,"conf",0.9,"0.8842099000003145","4.0270553154381545",1.70245945344147,0.44448063568524,3,27,"W","R"
"293",NA,NA,6,"Main",38,1.28404839999985,"up",1,90,"up",0.47469387755102,"conf",0.9,"0.9959128000000419","4.999717880538255",3.78231452038935,0.543206963989123,3,27,"W","R"
"294",NA,NA,6,"Main",39,1.22202850000031,"up",1,90,"up",0.53530612244898,"conf",0.91,"0.7287738000004538","4.887721791403157",2.15731433034803,0.605926525283089,3,27,"W","R"
"295",NA,NA,6,"Main",40,1.2986176000004,"up",1,90,"up",0.232244897959184,"conf",0.82,"1.1285094000004392","3.6647478335370787",2.11617631498734,0.352159244198368,3,27,"W","R"
"296",NA,NA,6,"Main",41,1.35595269999976,"up",0,270,"down",0.111020408163265,"conf",0.85,"0.7981823999998596","3.717708221986074",2.71946002244484,0.593321251788023,3,27,"W","R"
"297",NA,NA,6,"Main",42,1.38542219999999,"up",1,90,"up",0.252448979591837,"conf",0.9,"0.845329099999617","3.881957840881773",1.36040696795268,0.280610538317993,3,27,"W","R"
"298",NA,NA,6,"Main",43,1.44212439999956,"up",0,270,"down",0.494897959183673,"conf",0.89,"1.0571485000000393","3.978735095395213",3.81645302498475,0.47536986235383,3,27,"W","R"
"299",NA,NA,6,"Main",44,1.12110920000032,"up",1,90,"up",0.47469387755102,"conf",0.78,"0.856454599999779","3.7432333210998427",2.43041441574785,0.68818756883165,3,27,"W","R"
"300",NA,NA,6,"Main",45,1.50727499999994,"up",0,270,"down",0.171632653061224,"conf",0.54,"1.150231700000404","3.367351045525119",3.67430828226083,0.70120384091409,3,27,"W","R"
"301",NA,NA,7,"Main",0,0.841076300000168,"down",1,270,"down",0.515102040816326,"conf",0.99,"0.9180601999996725","2.4513118445634343",2.83715053002838,0.380666143506163,3,27,"W","R"
"302",NA,NA,7,"Main",1,1.09755469999982,"up",1,90,"up",0.252448979591837,"conf",0.79,"0.9819593000001987","2.8924134719625254",2.58424355169868,0.668586410019038,3,27,"W","R"
"303",NA,NA,7,"Main",2,0.901775000000271,"up",1,90,"up",0.131224489795918,"conf",0.67,"0.7732709000001705","2.1366047445325886",1.66655503020595,0.404188332448449,3,27,"W","R"
"304",NA,NA,7,"Main",3,0.984900299999936,"up",1,90,"up",0.191836734693878,"conf",0.69,"0.6765960000002451","4.071840036317586",1.37309865331756,0.571949075239639,3,27,"W","R"
"305",NA,NA,7,"Main",4,0.996245599999384,"down",1,270,"down",0.292857142857143,"conf",0.86,"0.6491491000006135","2.6420638361493114",2.4286204873601,0.561692058915339,3,27,"W","R"
"306",NA,NA,7,"Main",5,0.891061500000433,"up",1,90,"up",0.414081632653061,"conf",0.83,"1.2866870999996536","3.0136676270214853",3.58029778632343,0.294306429196102,3,27,"W","R"
"307",NA,NA,7,"Main",6,1.10947529999976,"up",1,90,"up",0.252448979591837,"conf",0.84,"1.82088769999973","3.46709329233323",1.8933272879765,0.422748563784716,3,27,"W","R"
"308",NA,NA,7,"Main",7,1.46170220000022,"up",1,90,"up",0.111020408163265,"control",0.74,"1.2523987000004126","3.7017198771294106",3.41798989141876,0.299534977141115,3,27,"W","R"
"309",NA,NA,7,"Main",8,0.938782700000047,"up",1,90,"up",0.434285714285714,"control",0.9,"0.9594199000002845","4.356543723838513",2.31924643955078,0.566482810011162,3,27,"W","R"
"310",NA,NA,7,"Main",9,1.53445060000013,"up",0,270,"down",0.191836734693878,"conf",0.56,"0.8100732999992033","2.000382656769334",1.76386336975308,0.474431501036128,3,27,"W","R"
"311",NA,NA,7,"Main",10,0.957891899999595,"up",1,90,"up",0.313061224489796,"conf",0.91,"0.8262135000004491","3.858757554072832",2.74795707358994,0.693086552081165,3,27,"W","R"
"312",NA,NA,7,"Main",11,0.821712799999659,"up",1,90,"up",0.616122448979592,"conf",0.96,"0.6799338000000716","3.552695209104983",3.43169568854308,0.643968242477802,3,27,"W","R"
"313",NA,NA,7,"Main",12,0.903469099999711,"up",1,90,"up",0.696938775510204,"conf",0.95,"0.6610509000001912","4.539171677108201",3.8139349111492,0.717505954369192,3,27,"W","R"
"314",NA,NA,7,"Main",13,0.922146099999736,"up",1,90,"up",0.313061224489796,"conf",0.91,"0.867136599999867","4.699623436889439",2.84060629838187,0.413996429896028,3,27,"W","R"
"315",NA,NA,7,"Main",14,1.58217070000046,"up",0,270,"down",0.0908163265306122,"control",0.52,"1.0990434000004825","4.378737558010169",3.25129276855639,0.301428383422583,3,27,"W","R"
"316",NA,NA,7,"Main",15,1.82099139999991,"down",1,270,"down",0.333265306122449,"conf",0.54,"0.9148728999998639","2.8161003534485647",2.46402499166652,0.585313839394719,3,27,"W","R"
"317",NA,NA,7,"Main",16,1.39324179999949,"down",0,90,"up",0.0908163265306122,"control",0.54,"0.9504962000000887","3.5695229943345095",2.55863782472341,0.548584753223076,3,27,"W","R"
"318",NA,NA,7,"Main",17,1.81148060000032,"down",1,270,"down",0.171632653061224,"conf",0.56,"0.8247380999991947","2.6135215465576755",1.92314618014954,0.589759905560215,3,27,"W","R"
"319",NA,NA,7,"Main",18,0.979242600000362,"up",1,90,"up",0.616122448979592,"conf",0.95,"0.7948001000004297","2.062235019117681",2.59875067643353,0.513875277376826,3,27,"W","R"
"320",NA,NA,7,"Main",19,1.33498770000006,"up",1,90,"up",0.01,"conf",0.59,"1.077983499999391","2.565694852469757",2.50589881432453,0.432541455441129,3,27,"W","R"
"321",NA,NA,7,"Main",20,1.76544840000042,"up",0,270,"down",0.232244897959184,"conf",0.51,"1.2794875999998112","2.895825943549618",2.23177436721698,0.70941467320084,3,27,"W","R"
"322",NA,NA,7,"Main",21,1.72416520000024,"down",0,90,"up",0.171632653061224,"conf",0.5,"0.8217401000001701","3.111957885018022",2.21321390895412,0.666041897942367,3,27,"W","R"
"323",NA,NA,7,"Main",22,1.5360456999997,"down",0,90,"up",0.151428571428571,"conf",0.53,"0.8923623000000589","4.571692307150792",2.65455834665097,0.661189149699551,3,27,"W","R"
"324",NA,NA,7,"Main",23,1.63203090000025,"up",0,270,"down",0.232244897959184,"conf",0.52,"0.9460306000000855","4.164077514772359",1.00550412745593,0.597342260487193,3,27,"W","R"
"325",NA,NA,7,"Main",24,1.69896869999957,"down",1,270,"down",0.191836734693878,"control",0.56,"1.14742490000026","3.244426790141055",1.79088879034958,0.438255355004242,3,27,"W","R"
"326",NA,NA,7,"Main",25,1.13018060000013,"down",1,270,"down",0.555510204081633,"conf",0.76,"0.8449890000001687","3.243537390075298",2.13303922210656,0.640692246351907,3,27,"W","R"
"327",NA,NA,7,"Main",26,1.14008700000068,"down",1,270,"down",0.454489795918367,"conf",0.86,"0.7554083000004539","3.512212299825226",2.31438662084273,0.505765113347137,3,27,"W","R"
"328",NA,NA,7,"Main",27,0.952601199999663,"down",0,90,"up",0.53530612244898,"conf",0.84,"0.7596196000004056","4.438968359155387",2.47631230317139,0.651403707518469,3,27,"W","R"
"329",NA,NA,7,"Main",28,1.21228679999967,"up",1,90,"up",0.515102040816326,"conf",0.9,"0.8209546999996746","4.967922320445649",3.31981436500062,0.293929829459019,3,27,"W","R"
"330",NA,NA,7,"Main",29,1.05245359999935,"down",1,270,"down",0.292857142857143,"control",0.7,"1.5818184999998266","3.9476221255857933",2.78351324589064,0.259541016024108,3,27,"W","R"
"331",NA,NA,7,"Main",30,1.28676270000051,"down",1,270,"down",0.0706122448979592,"conf",0.63,"1.1215288000003056","2.892130323115448",2.92253778963838,0.402258957041226,3,27,"W","R"
"332",NA,NA,7,"Main",31,0.915673599999536,"down",1,270,"down",0.595918367346939,"conf",0.86,"1.5964001999991524","3.114602886309519",3.47003212551962,0.54528974851507,3,27,"W","R"
"333",NA,NA,7,"Main",32,1.82081999999991,"up",1,90,"up",0.212040816326531,"conf",0.6,"1.1644933999996283","2.0667915638111336",3.0418873176167,0.397571649756106,3,27,"W","R"
"334",NA,NA,7,"Main",33,0.880023300000175,"down",1,270,"down",0.53530612244898,"conf",0.89,"1.0427097000001595","3.699562097823673",2.00644263558625,0.530146283921972,3,27,"W","R"
"335",NA,NA,7,"Main",34,1.56249600000046,"down",0,90,"up",0.212040816326531,"control",0.71,"1.0123031000002811","2.075519123736084",1.76367841344645,0.504231637839386,3,27,"W","R"
"336",NA,NA,7,"Main",35,1.67460570000003,"up",1,90,"up",0.0706122448979592,"conf",0.67,"0.902000400000361","4.834178241004262",3.02581699019708,0.73283617676957,3,27,"W","R"
"337",NA,NA,7,"Main",36,1.92862950000017,"up",1,90,"up",0.151428571428571,"control",0.48,"1.22088740000072","4.167452897885177",1.38582223563751,0.288381004428426,3,27,"W","R"
"338",NA,NA,7,"Main",37,0.919697399999677,"down",1,270,"down",0.717142857142857,"conf",0.97,"1.4523497999998654","4.67810118057457",3.0321036469992,0.503902669860297,3,27,"W","R"
"339",NA,NA,7,"Main",38,1.60361719999946,"down",1,270,"down",0.151428571428571,"conf",0.53,"1.0203168999996706","3.4772065917984576",1.49073189783821,0.645483610160475,3,27,"W","R"
"340",NA,NA,7,"Main",39,0.828017399999226,"down",1,270,"down",0.515102040816326,"conf",0.98,"1.0600991000001159","3.4301373818927248",1.44314726530795,0.297639601083201,3,27,"W","R"
"341",NA,NA,7,"Main",40,1.35953889999928,"down",1,270,"down",0.232244897959184,"conf",0.55,"0.8751861000000645","3.127376974532096",1.60627801286005,0.318937444666589,3,27,"W","R"
"342",NA,NA,7,"Main",41,1.5650786999995,"down",1,270,"down",0.0908163265306122,"conf",0.56,"1.0557214000000386","4.519838213372953",2.29633507767742,0.516198516871197,3,27,"W","R"
"343",NA,NA,7,"Main",42,1.5650786999995,"[]",0,270,"down",0.111020408163265,"None",NA,"None","None",2.6565260627631,0.516198516871197,3,27,"W","R"
"344",NA,NA,7,"Main",43,1.42218059999959,"up",0,270,"down",0.131224489795918,"conf",0.58,"0.8200656999997591","3.446045186496125",3.48183689213543,0.450712022918589,3,27,"W","R"
"345",NA,NA,7,"Main",44,1.12247519999983,"up",1,90,"up",0.414081632653061,"control",0.68,"1.0366358000001128","4.381002431543637",2.57928205768086,0.346166488532396,3,27,"W","R"
"346",NA,NA,7,"Main",45,1.00693969999975,"down",1,270,"down",0.454489795918367,"conf",0.95,"0.8821761999997761","3.269088400536857",1.70654656669695,0.567813491880548,3,27,"W","R"
"347",NA,NA,8,"Main",0,1.60750469999948,"down",1,270,"down",0.0302040816326531,"conf",0.53,"0.9844261999996888","2.1668435558637555",2.25227636412377,0.709950395385532,3,27,"W","R"
"348",NA,NA,8,"Main",1,1.10257929999989,"down",1,270,"down",0.353469387755102,"conf",0.99,"1.454062900000281","3.5104418981419108",1.9365313471681,0.591291072909949,3,27,"W","R"
"349",NA,NA,8,"Main",2,0.788838899999973,"down",1,270,"down",0.414081632653061,"conf",0.99,"0.7648480999996536","4.903288890174043",1.85237428519397,0.706751561741717,3,27,"W","R"
"350",NA,NA,8,"Main",3,1.19961109999986,"up",1,90,"up",0.555510204081633,"control",0.99,"0.99772750000011","4.496206599901205",1.06282673675916,0.540856930106405,3,27,"W","R"
"351",NA,NA,8,"Main",4,0.888251000000309,"down",0,90,"up",0.313061224489796,"conf",0.59,"0.9885473999993337","2.4415829731570033",2.83161268243296,0.289275359455944,3,27,"W","R"
"352",NA,NA,8,"Main",5,1.22274950000065,"down",1,270,"down",0.131224489795918,"conf",0.57,"0.7667727999996714","2.064261614813983",3.40293728732446,0.567606254529446,3,27,"W","R"
"353",NA,NA,8,"Main",6,1.15414859999964,"up",1,90,"up",0.333265306122449,"conf",0.93,"0.6581829999995534","3.504947900809888",1.89031158955219,0.730306439000496,3,27,"W","R"
"354",NA,NA,8,"Main",7,0.930664299999989,"up",1,90,"up",0.676734693877551,"control",0.96,"1.7231568999995943","4.552673097512114",2.45670019138217,0.454407555003535,3,27,"W","R"
"355",NA,NA,8,"Main",8,1.14767779999966,"up",1,90,"up",0.171632653061224,"control",0.92,"0.837836900000184","4.306089340761228",3.55711047645761,0.480004464688754,3,27,"W","R"
"356",NA,NA,8,"Main",9,0.847645299999385,"down",1,270,"down",0.656530612244898,"control",0.94,"0.8766641000001982","3.917080450171505",2.59435868093743,0.71024073302288,3,27,"W","R"
"357",NA,NA,8,"Main",10,1.47669709999991,"down",1,270,"down",0.595918367346939,"control",0.52,"1.4445842000004632","2.959180518199923",2.30750952263021,0.690867518292009,3,27,"W","R"
"358",NA,NA,8,"Main",11,1.04613670000072,"down",1,270,"down",0.696938775510204,"control",0.96,"0.8020215999995344","4.654824561845263",2.58683658824375,0.586192889670499,3,27,"W","R"
"359",NA,NA,8,"Main",12,1.69950990000052,"up",1,90,"up",0.01,"conf",0.49,"0.950234900000396","3.59334198489236",2.7156724017012,0.738085798824743,3,27,"W","R"
"360",NA,NA,8,"Main",13,1.03810819999944,"down",1,270,"down",0.757551020408163,"conf",0.98,"0.8301226000003226","4.986758385612014",2.17296114459909,0.491130439242226,3,27,"W","R"
"361",NA,NA,8,"Main",14,0.994573599999967,"down",1,270,"down",0.575714285714286,"conf",0.97,"1.0556779999997161","3.0172185357466392",2.37183231639031,0.462636863599505,3,27,"W","R"
"362",NA,NA,8,"Main",15,1.66379719999986,"up",1,90,"up",0.212040816326531,"conf",0.59,"1.1677515999999741","4.640765611312052",3.36318333899968,0.668843595208041,3,27,"W","R"
"363",NA,NA,8,"Main",16,0.923656900000424,"down",1,270,"down",0.353469387755102,"conf",0.96,"1.0462826000002678","2.6036673724707633",2.04536623874997,0.611689891002363,3,27,"W","R"
"364",NA,NA,8,"Main",17,1.02409879999959,"down",1,270,"down",0.47469387755102,"conf",0.94,"2.727171399999861","2.81000117693654",1.9341704470062,0.545612630013857,3,27,"W","R"
"365",NA,NA,8,"Main",18,0.816846199999418,"down",1,270,"down",0.757551020408163,"conf",0.95,"1.0472286000003805","3.1639398158385013",2.89212043961541,0.697144322606309,3,27,"W","R"
"366",NA,NA,8,"Main",19,1.54628919999959,"down",1,270,"down",0.0908163265306122,"control",0.52,"1.360282699999516","3.0449794998662174",1.39233681140858,0.409267168620381,3,27,"W","R"
"367",NA,NA,8,"Main",20,1.22821349999958,"up",1,90,"up",0.717142857142857,"conf",0.95,"0.9781960999998773","4.627955268541255",2.34288561028351,0.390911453085676,3,27,"W","R"
"368",NA,NA,8,"Main",21,1.45934769999985,"up",0,270,"down",0.27265306122449,"conf",0.93,"0.6989769000001615","4.038644902737935",3.65243432462995,0.742672853334263,3,27,"W","R"
"369",NA,NA,8,"Main",22,1.23371740000039,"up",1,90,"up",0.555510204081633,"conf",0.91,"0.8749219000001176","4.535572275269349",1.3781023447981,0.677390469010814,3,27,"W","R"
"370",NA,NA,8,"Main",23,1.44444050000038,"up",0,270,"down",0.292857142857143,"conf",0.62,"0.7039296999992075","3.1327486904318165",2.94954580749969,0.544379098551968,3,27,"W","R"
"371",NA,NA,8,"Main",24,1.37225250000029,"up",1,90,"up",0.191836734693878,"conf",0.78,"1.057312400000228","3.4259450871642523",2.67918470426818,0.351468654615589,3,27,"W","R"
"372",NA,NA,8,"Main",25,1.3565478999999,"up",1,90,"up",0.292857142857143,"conf",0.96,"1.1386485000002722","3.91186604571135",2.34304832458697,0.471835843084525,3,27,"W","R"
"373",NA,NA,8,"Main",26,0.994905200000176,"up",1,90,"up",0.252448979591837,"conf",0.94,"1.0075458999999682","2.5634919596205155",3.17415510872112,0.617379274710241,3,27,"W","R"
"374",NA,NA,8,"Main",27,0.849646499999835,"down",1,270,"down",0.858571428571429,"conf",0.98,"0.792540999999801","3.7516002287046257",3.6780347338439,0.56503411651844,3,27,"W","R"
"375",NA,NA,8,"Main",28,0.760425000000396,"up",1,90,"up",0.73734693877551,"control",0.98,"1.1851145999999062","4.688464910483413",2.70069166734999,0.587498989133748,3,27,"W","R"
"376",NA,NA,8,"Main",29,0.902017500000511,"up",1,90,"up",0.292857142857143,"conf",0.95,"1.2044143000002805","4.576509175079453",2.80189649001075,0.324911957006717,3,27,"W","R"
"377",NA,NA,8,"Main",30,0.970988900000521,"down",0,90,"up",0.818163265306122,"conf",0,"1.68690289999995","3.8284410127573363",3.90994131160435,0.456340472000198,3,27,"W","R"
"378",NA,NA,8,"Main",31,0.694852700000411,"down",1,270,"down",0.818163265306122,"control",0.98,"1.082031900000402","4.324207411409596",2.18435626306456,0.452036698759538,3,27,"W","R"
"379",NA,NA,8,"Main",32,0.871095999999852,"down",1,270,"down",0.575714285714286,"conf",0.97,"0.8642023000002155","3.66699474309937",3.46032961726403,0.535534340131537,3,27,"W","R"
"380",NA,NA,8,"Main",33,0.812861399999747,"up",1,90,"up",0.575714285714286,"conf",0.97,"1.1341575000005832","2.407339506347976",2.15295496719321,0.258775189202239,3,27,"W","R"
"381",NA,NA,8,"Main",34,0.715510800000629,"up",1,90,"up",0.53530612244898,"conf",0.98,"2.4474159999999756","4.764450407748884",3.02079596878031,0.577225336858975,3,27,"W","R"
"382",NA,NA,8,"Main",35,0.884235599999556,"up",1,90,"up",0.757551020408163,"conf",0.98,"1.2222443000000567","3.3582008280529707",2.47797231680909,0.700600784416503,3,27,"W","R"
"383",NA,NA,8,"Main",36,1.14231879999988,"up",1,90,"up",0.232244897959184,"conf",0.64,"0.9923177000000578","2.977110574790118",2.06228725388113,0.609835142553577,3,27,"W","R"
"384",NA,NA,8,"Main",37,1.29706130000068,"up",1,90,"up",0.191836734693878,"conf",0.66,"1.0469460000003892","3.6609066994647783",1.81122233207713,0.341470590946988,3,27,"W","R"
"385",NA,NA,8,"Main",38,1.09286200000042,"up",0,270,"down",0.555510204081633,"conf",0.6,"1.0768223999994007","2.325924666210666",3.55328105679318,0.339876901037816,3,27,"W","R"
"386",NA,NA,8,"Main",39,0.851723400000083,"up",1,90,"up",0.676734693877551,"conf",0.91,"0.8731755000007979","4.989690442258524",1.24880695956377,0.691266873645429,3,27,"W","R"
"387",NA,NA,8,"Main",40,0.788691499999914,"up",0,270,"down",0.575714285714286,"control",0.91,"0.8712009000000762","2.977791171705852",2.17048990902059,0.490713597552084,3,27,"W","R"
"388",NA,NA,8,"Main",41,0.816827900000135,"down",1,270,"down",0.595918367346939,"conf",0.97,"1.037106099999619","4.4914113197924905",3.5409129077096,0.373180101466925,3,27,"W","R"
"389",NA,NA,8,"Main",42,1.36499320000075,"down",1,270,"down",0.191836734693878,"conf",0.58,"0.8465954000002966","3.4964333737962807",3.79436866030389,0.278354123083711,3,27,"W","R"
"390",NA,NA,8,"Main",43,0.876905000000079,"down",0,90,"up",0.595918367346939,"conf",0.45,"0.8276571999995213","4.879175114455273",3.9818481587785,0.39075430328401,3,27,"W","R"
"391",NA,NA,8,"Main",44,1.63978059999954,"down",0,90,"up",0.0908163265306122,"conf",0.64,"0.8924199000002773","3.0399192212503734",2.82661412325642,0.550362687690821,3,27,"W","R"
"392",NA,NA,8,"Main",45,1.83099519999996,"down",1,270,"down",0.0504081632653061,"conf",0.5,"1.5673799999995026","4.859751046188043",1.74838040656109,0.660827861102075,3,27,"W","R"
"393",NA,NA,9,"Main",0,0.990534600000501,"up",1,90,"up",0.575714285714286,"conf",0.9,"0.6384736999998495","2.4790416317313744",3.55431771864844,0.562110198307886,3,27,"W","R"
"394",NA,NA,9,"Main",1,0.900962399999116,"down",1,270,"down",0.656530612244898,"control",0.64,"1.282544799999414","2.180523368299579",2.12254280169815,0.419326442117496,3,27,"W","R"
"395",NA,NA,9,"Main",2,1.01401349999924,"up",1,90,"up",0.27265306122449,"conf",0.95,"0.7376677000002019","4.154954076365479",2.14692698049424,0.521325980945785,3,27,"W","R"
"396",NA,NA,9,"Main",3,1.15497090000008,"up",0,270,"down",0.171632653061224,"conf",0.59,"0.8211928000000626","2.259536984230248",2.20506538267389,0.722638070887567,3,27,"W","R"
"397",NA,NA,9,"Main",4,0.866659799999979,"up",1,90,"up",0.434285714285714,"conf",0.8,"0.6478944000000411","2.5445614298664085",2.93497867643567,0.686735780928799,3,27,"W","R"
"398",NA,NA,9,"Main",5,0.804917299999943,"up",1,90,"up",0.696938775510204,"conf",0.98,"2.563458499999797","3.98718021168638",1.70310549391448,0.290951152466738,3,27,"W","R"
"399",NA,NA,9,"Main",6,1.02143340000021,"down",1,270,"down",0.838367346938775,"conf",0.97,"0.9413196999994398","3.62193238692356",2.95633445400637,0.345082240000757,3,27,"W","R"
"400",NA,NA,9,"Main",7,0.749279100000422,"down",1,270,"down",0.555510204081633,"control",1,"0.9034990999998627","4.6586200031390455",2.96432087605876,0.536067704788101,3,27,"W","R"
"401",NA,NA,9,"Main",8,0.88980999999967,"down",1,270,"down",0.777755102040816,"conf",0.98,"1.1894263000003775","3.9958195886619565",2.83438670851885,0.403770247344438,3,27,"W","R"
"402",NA,NA,9,"Main",9,0.853893100000278,"down",1,270,"down",0.919183673469388,"conf",0.99,"0.934247599999253","4.230860581561234",3.60402798666643,0.73515719047921,3,27,"W","R"
"403",NA,NA,9,"Main",10,0.766297000000122,"up",1,90,"up",0.393877551020408,"conf",0.95,"0.82961879999948","2.079128462070285",3.77575504222246,0.496962318441525,3,27,"W","R"
"404",NA,NA,9,"Main",11,0.861035500000071,"up",1,90,"up",0.212040816326531,"conf",0.68,"0.6789894000003187","2.558756970270746",2.34438172180849,0.486522549939237,3,27,"W","R"
"405",NA,NA,9,"Main",12,0.779139500000383,"down",1,270,"down",0.676734693877551,"control",0.82,"0.8654553999995187","4.8926955007735735",2.5040776396673,0.50843416731797,3,27,"W","R"
"406",NA,NA,9,"Main",13,0.831338800000594,"up",1,90,"up",0.757551020408163,"conf",0.77,"1.1647875999997268","4.479420587332745",2.76842836023318,0.301286510125483,3,27,"W","R"
"407",NA,NA,9,"Main",14,1.33659970000008,"up",1,90,"up",0.151428571428571,"conf",0.56,"0.8752435999995214","4.8239047684790775",3.14825844044705,0.344885284628887,3,27,"W","R"
"408",NA,NA,9,"Main",15,1.67185079999945,"down",1,270,"down",0.111020408163265,"conf",0.52,"1.1070896000001085","3.6424506117216002",1.49382906581502,0.427610020904087,3,27,"W","R"
"409",NA,NA,9,"Main",16,1.0588203999996,"up",1,90,"up",0.27265306122449,"control",0.62,"0.7238115999998627","2.7292193376132388",2.94267175856669,0.48035049851429,3,27,"W","R"
"410",NA,NA,9,"Main",17,0.882005700000263,"down",1,270,"down",0.73734693877551,"conf",0.97,"0.8798851000001378","4.281305234380509",2.22888809129002,0.727720028827468,3,27,"W","R"
"411",NA,NA,9,"Main",18,0.941282400000091,"up",1,90,"up",0.555510204081633,"conf",0.92,"0.9089701000002606","2.891259215428313",3.48255595337384,0.724071408459194,3,27,"W","R"
"412",NA,NA,9,"Main",19,0.820446400000037,"down",1,270,"down",0.656530612244898,"conf",0.96,"0.6520402000005561","2.461166655176971",3.44970160000107,0.726963765014789,3,27,"W","R"
"413",NA,NA,9,"Main",20,0.792296599999645,"down",1,270,"down",0.878775510204082,"conf",0.93,"0.8671967999998742","2.067537124515594",3.30993846506689,0.295545493505917,3,27,"W","R"
"414",NA,NA,9,"Main",21,0.913380799999686,"down",1,270,"down",0.797959183673469,"control",0.98,"0.694001599999865","2.8817269548861772",2.16668776885527,0.477108414849945,3,27,"W","R"
"415",NA,NA,9,"Main",22,0.786616700000195,"down",1,270,"down",0.212040816326531,"conf",0.99,"0.9148967000000994","4.184218836374092",2.48503813697761,0.317890088909312,3,27,"W","R"
"416",NA,NA,9,"Main",23,0.750293099999908,"down",1,270,"down",0.838367346938775,"conf",0.97,"0.867253499999606","3.2246817254321125",2.23862262336637,0.480275358349343,3,27,"W","R"
"417",NA,NA,9,"Main",24,1.70320340000035,"down",0,90,"up",0.232244897959184,"conf",0.55,"1.0351703999995152","3.1442287564473945",3.07014766080479,0.278279500348066,3,27,"W","R"
"418",NA,NA,9,"Main",25,0.83288790000006,"down",1,270,"down",0.878775510204082,"conf",0.97,"2.3885136999997485","2.2201019650105014",1.42931953059453,0.382496576292131,3,27,"W","R"
"419",NA,NA,9,"Main",26,0.858573799999249,"up",1,90,"up",0.717142857142857,"conf",0.96,"0.8301261000005979","2.805582983726085",2.96227521794147,0.748361583993927,3,27,"W","R"
"420",NA,NA,9,"Main",27,0.691356299999825,"down",1,270,"down",0.878775510204082,"conf",0.98,"0.8205717000000732","3.4175739355246684",2.92795246578444,0.64213341139999,3,27,"W","R"
"421",NA,NA,9,"Main",28,1.91057499999988,"up",0,270,"down",0.01,"conf",0.54,"1.5590316999996503","2.2293165976415614",1.11419140173851,0.317265137874526,3,27,"W","R"
"422",NA,NA,9,"Main",29,0.820255200000247,"down",1,270,"down",0.858571428571429,"control",0.99,"2.0367378999999346","3.5619181919830867",1.69681131116933,0.36564632095911,3,27,"W","R"
"423",NA,NA,9,"Main",30,1.39155969999956,"up",1,90,"up",0.454489795918367,"conf",0.9,"1.0875421000000642","2.3471864845222052",2.80437009560772,0.658106067237741,3,27,"W","R"
"424",NA,NA,9,"Main",31,0.781293999999434,"down",1,270,"down",0.878775510204082,"conf",0.79,"0.7697585000005347","4.272509653083844",2.90514144747263,0.615537770650609,3,27,"W","R"
"425",NA,NA,9,"Main",32,1.06544650000069,"up",1,90,"up",0.959591836734694,"control",0.94,"1.0156010999999125","3.9441937846571746",3.21932487139415,0.261476708388574,3,27,"W","R"
"426",NA,NA,9,"Main",33,1.08454470000015,"up",1,90,"up",0.27265306122449,"conf",0.95,"0.9709720000000743","4.809397846854056",3.3438003883056,0.618772407717664,3,27,"W","R"
"427",NA,NA,9,"Main",34,0.759901899999932,"down",1,270,"down",0.797959183673469,"control",0.98,"2.2529317999997147","2.270560476409206",2.7874512936564,0.325212786403538,3,27,"W","R"
"428",NA,NA,9,"Main",35,0.94783120000011,"down",1,270,"down",0.73734693877551,"conf",0.98,"1.1830764999995154","4.227319253982471",3.44121371346222,0.605234462371093,3,27,"W","R"
"429",NA,NA,9,"Main",36,1.63242009999976,"up",0,270,"down",0.151428571428571,"control",0.48,"1.0662756000001536","4.29517698482721",2.71125072644364,0.329794346059153,3,27,"W","R"
"430",NA,NA,9,"Main",37,1.12488250000024,"up",1,90,"up",0.515102040816326,"conf",0.96,"0.956213999999818","3.512429204027283",3.10146053850005,0.597634581982727,3,27,"W","R"
"431",NA,NA,9,"Main",38,0.902846200000567,"up",1,90,"up",0.777755102040816,"conf",0.95,"1.0090933000001314","2.6689862254278287",3.12616932631887,0.355003974789527,3,27,"W","R"
"432",NA,NA,9,"Main",39,0.792857299999923,"up",1,90,"up",0.858571428571429,"conf",0.96,"1.2642109999997047","3.689257447568212",2.29425825043107,0.418995830615865,3,27,"W","R"
"433",NA,NA,9,"Main",40,0.843506199999865,"up",1,90,"up",0.515102040816326,"control",0.98,"1.2036154999996143","4.920015374635183",1.98112217197017,0.449093009545199,3,27,"W","R"
"434",NA,NA,9,"Main",41,1.17243940000026,"up",1,90,"up",0.151428571428571,"conf",0.83,"1.5073287000004711","3.8270053244406386",1.71683695559818,0.312435497943039,3,27,"W","R"
"435",NA,NA,9,"Main",42,1.20416790000036,"up",1,90,"up",0.313061224489796,"conf",0.89,"0.9503645000004326","3.8307137620117913",3.34728395117529,0.608069602083346,3,27,"W","R"
"436",NA,NA,9,"Main",43,0.755815999999868,"up",1,90,"up",0.393877551020408,"conf",0.91,"1.3054794999998194","2.4613785888000406",2.60869630486418,0.416262914246068,3,27,"W","R"
"437",NA,NA,9,"Main",44,1.23074930000075,"up",0,270,"down",0.393877551020408,"conf",0.95,"0.7056795999997121","2.6507382552597765",1.90965542689984,0.578849917126367,3,27,"W","R"
"438",NA,NA,9,"Main",45,0.808567299999595,"up",1,90,"up",0.696938775510204,"conf",0.98,"0.7474990999999136","4.10621621719988",3.90076093004603,0.610901115498583,3,27,"W","R"
