"","thisRow.t","notes","block","Trialtype","withinblocktrial","RTdec","resp","cor","dots.direction","cor_resp","coherence","dotlife","SR_conf","RTrating","interval","interTrial.interval","scale","start_conf","subject","age","gender","handedness","X"
"1",NA,NA,1,"SC dotlife",0,1.91459140001098,"up",1,90,"up",0.3,29,"","","",NA,"",NA,0,30,"Man","Right",NA
"2",NA,NA,1,"SC dotlife",1,1.18744299997343,"down",1,270,"down",0.3,25,"","","",NA,"",NA,0,30,"Man","Right",NA
"3",NA,NA,1,"SC dotlife",2,1.61114619998261,"up",1,90,"up",0.3,23,"","","",NA,"",NA,0,30,"Man","Right",NA
"4",NA,NA,1,"SC dotlife",3,1.08029980002902,"up",1,90,"up",0.3,21,"","","",NA,"",NA,0,30,"Man","Right",NA
"5",NA,NA,1,"SC dotlife",4,0.64616299996851,"down",1,270,"down",0.3,19,"","","",NA,"",NA,0,30,"Man","Right",NA
"6",NA,NA,1,"SC dotlife",5,0.746883400017396,"up",1,90,"up",0.3,17,"","","",NA,"",NA,0,30,"Man","Right",NA
"7",NA,NA,1,"SC dotlife",6,0.710340899997391,"down",1,270,"down",0.3,15,"","","",NA,"",NA,0,30,"Man","Right",NA
"8",NA,NA,1,"SC dotlife",7,0.778213899990078,"down",1,270,"down",0.3,13,"","","",NA,"",NA,0,30,"Man","Right",NA
"9",NA,NA,1,"SC dotlife",8,1.42640950001078,"up",1,90,"up",0.3,13,"","","",NA,"",NA,0,30,"Man","Right",NA
"10",NA,NA,1,"SC dotlife",9,1.35977039998397,"down",1,270,"down",0.3,11,"","","",NA,"",NA,0,30,"Man","Right",NA
"11",NA,NA,1,"SC dotlife",10,1.61054329999024,"down",1,270,"down",0.3,11,"","","",NA,"",NA,0,30,"Man","Right",NA
"12",NA,NA,1,"SC dotlife",11,1.01075479999417,"up",1,90,"up",0.3,9,"","","",NA,"",NA,0,30,"Man","Right",NA
"13",NA,NA,1,"SC dotlife",12,1.27781900000991,"up",1,90,"up",0.3,9,"","","",NA,"",NA,0,30,"Man","Right",NA
"14",NA,NA,1,"SC dotlife",13,1.843945599976,"up",1,90,"up",0.3,9,"","","",NA,"",NA,0,30,"Man","Right",NA
"15",NA,NA,1,"SC dotlife",14,1.81175300001632,"down",1,270,"down",0.3,9,"","","",NA,"",NA,0,30,"Man","Right",NA
"16",NA,NA,1,"SC dotlife",15,NA,"[]",0,90,"up",0.3,7,"","","",NA,"",NA,0,30,"Man","Right",NA
"17",NA,NA,1,"SC dotlife",16,1.81265999999596,"down",1,270,"down",0.3,11,"","","",NA,"",NA,0,30,"Man","Right",NA
"18",NA,NA,1,"SC dotlife",17,NA,"[]",0,270,"down",0.3,9,"","","",NA,"",NA,0,30,"Man","Right",NA
"19",NA,NA,1,"SC dotlife",18,1.378130600031,"up",1,90,"up",0.3,11,"","","",NA,"",NA,0,30,"Man","Right",NA
"20",NA,NA,1,"SC dotlife",19,0.731564399960916,"up",1,90,"up",0.3,11,"","","",NA,"",NA,0,30,"Man","Right",NA
"21",NA,NA,1,"SC dotlife",20,0.844277299998794,"down",1,270,"down",0.3,11,"","","",NA,"",NA,0,30,"Man","Right",NA
"22",NA,NA,1,"SC dotlife",21,0.763970299973153,"down",1,270,"down",0.3,11,"","","",NA,"",NA,0,30,"Man","Right",NA
"23",NA,NA,1,"SC dotlife",22,0.63035829999717,"up",1,90,"up",0.3,11,"","","",NA,"",NA,0,30,"Man","Right",NA
"24",NA,NA,1,"SC dotlife",23,0.745388600043952,"up",1,90,"up",0.3,11,"","","",NA,"",NA,0,30,"Man","Right",NA
"25",NA,NA,1,"SC dotlife",24,0.746116099995561,"up",1,90,"up",0.3,11,"","","",NA,"",NA,0,30,"Man","Right",NA
"26",NA,NA,1,"SC dotlife",25,0.644496299966704,"down",1,270,"down",0.3,11,"","","",NA,"",NA,0,30,"Man","Right",NA
"27",NA,NA,1,"SC dotlife",26,0.595363700005691,"up",1,90,"up",0.3,11,"","","",NA,"",NA,0,30,"Man","Right",NA
"28",NA,NA,1,"SC dotlife",27,0.545756099978462,"down",1,270,"down",0.3,11,"","","",NA,"",NA,0,30,"Man","Right",NA
"29",NA,NA,1,"SC dotlife",28,0.511901899997611,"down",1,270,"down",0.3,9,"","","",NA,"",NA,0,30,"Man","Right",NA
"30",NA,NA,1,"SC dotlife",29,0.5782642000122,"down",1,270,"down",0.3,9,"","","",NA,"",NA,0,30,"Man","Right",NA
"31",NA,NA,1,"SC dotlife",30,0.829880999983288,"up",1,90,"up",0.3,9,"","","",NA,"",NA,0,30,"Man","Right",NA
"32",NA,NA,1,"SC dotlife",31,0.529854999971576,"down",1,270,"down",0.3,9,"","","",NA,"",NA,0,30,"Man","Right",NA
"33",NA,NA,1,"SC dotlife",32,0.544381999992765,"down",1,270,"down",0.3,9,"","","",NA,"",NA,0,30,"Man","Right",NA
"34",NA,NA,1,"SC dotlife",33,0.512733500043396,"down",1,270,"down",0.3,9,"","","",NA,"",NA,0,30,"Man","Right",NA
"35",NA,NA,1,"SC dotlife",34,0.543933100008871,"up",1,90,"up",0.3,9,"","","",NA,"",NA,0,30,"Man","Right",NA
"36",NA,NA,1,"SC dotlife",35,0.764849100029096,"up",1,90,"up",0.3,9,"","","",NA,"",NA,0,30,"Man","Right",NA
"37",NA,NA,1,"SC dotlife",36,0.761170700017828,"down",1,270,"down",0.3,9,"","","",NA,"",NA,0,30,"Man","Right",NA
"38",NA,NA,1,"SC dotlife",37,0.727959499985445,"up",1,90,"up",0.3,9,"","","",NA,"",NA,0,30,"Man","Right",NA
"39",NA,NA,1,"SC dotlife",38,0.610541799978819,"down",1,270,"down",0.3,9,"","","",NA,"",NA,0,30,"Man","Right",NA
"40",NA,NA,1,"SC dotlife",39,0.611276799987536,"up",1,90,"up",0.3,9,"","","",NA,"",NA,0,30,"Man","Right",NA
"41",NA,NA,2,"SC coherence",0,0.49168739997549,"down",1,270,"down",0.3,7.95556425088969,"","","",NA,"",NA,0,30,"Man","Right",NA
"42",NA,NA,2,"SC coherence",1,NA,"[]",0,90,"up",0,7.95556425088969,"","","",NA,"",NA,0,30,"Man","Right",NA
"43",NA,NA,2,"SC coherence",2,0.678257099993061,"up",1,90,"up",0.283333333333333,7.95556425088969,"","","",NA,"",NA,0,30,"Man","Right",NA
"44",NA,NA,2,"SC coherence",3,0.544646399968769,"down",1,270,"down",0.241666666666667,7.95556425088969,"","","",NA,"",NA,0,30,"Man","Right",NA
"45",NA,NA,2,"SC coherence",4,0.628715400001965,"down",1,270,"down",0.216666666666667,7.95556425088969,"","","",NA,"",NA,0,30,"Man","Right",NA
"46",NA,NA,2,"SC coherence",5,0.611046699981671,"down",1,270,"down",0.183333333333333,7.95556425088969,"","","",NA,"",NA,0,30,"Man","Right",NA
"47",NA,NA,2,"SC coherence",6,0.659731400024612,"up",1,90,"up",0.158333333333333,7.95556425088969,"","","",NA,"",NA,0,30,"Man","Right",NA
"48",NA,NA,2,"SC coherence",7,0.543733800004702,"down",1,270,"down",0.141666666666667,7.95556425088969,"","","",NA,"",NA,0,30,"Man","Right",NA
"49",NA,NA,2,"SC coherence",8,0.811147200001869,"up",1,90,"up",0.116666666666667,7.95556425088969,"","","",NA,"",NA,0,30,"Man","Right",NA
"50",NA,NA,2,"SC coherence",9,NA,"[]",0,90,"up",0.1,7.95556425088969,"","","",NA,"",NA,0,30,"Man","Right",NA
"51",NA,NA,2,"SC coherence",10,0.608644000021741,"down",1,270,"down",0.183333333333333,7.95556425088969,"","","",NA,"",NA,0,30,"Man","Right",NA
"52",NA,NA,2,"SC coherence",11,0.860511000035331,"down",1,270,"down",0.183333333333333,7.95556425088969,"","","",NA,"",NA,0,30,"Man","Right",NA
"53",NA,NA,2,"SC coherence",12,0.842472799995448,"down",1,270,"down",0.158333333333333,7.95556425088969,"","","",NA,"",NA,0,30,"Man","Right",NA
"54",NA,NA,2,"SC coherence",13,0.626064000010956,"up",1,90,"up",0.158333333333333,7.95556425088969,"","","",NA,"",NA,0,30,"Man","Right",NA
"55",NA,NA,2,"SC coherence",14,0.760781099961605,"up",1,90,"up",0.158333333333333,7.95556425088969,"","","",NA,"",NA,0,30,"Man","Right",NA
"56",NA,NA,2,"SC coherence",15,0.676825000031386,"down",1,270,"down",0.141666666666667,7.95556425088969,"","","",NA,"",NA,0,30,"Man","Right",NA
"57",NA,NA,2,"SC coherence",16,0.675452399998903,"up",1,90,"up",0.141666666666667,7.95556425088969,"","","",NA,"",NA,0,30,"Man","Right",NA
"58",NA,NA,2,"SC coherence",17,0.793327499995939,"down",1,270,"down",0.141666666666667,7.95556425088969,"","","",NA,"",NA,0,30,"Man","Right",NA
"59",NA,NA,2,"SC coherence",18,0.943036900018342,"up",1,90,"up",0.141666666666667,7.95556425088969,"","","",NA,"",NA,0,30,"Man","Right",NA
"60",NA,NA,2,"SC coherence",19,0.694160200015176,"down",1,270,"down",0.116666666666667,7.95556425088969,"","","",NA,"",NA,0,30,"Man","Right",NA
"61",NA,NA,2,"SC coherence",20,0.993553499982227,"down",1,270,"down",0.116666666666667,7.95556425088969,"","","",NA,"",NA,0,30,"Man","Right",NA
"62",NA,NA,2,"SC coherence",21,0.692728199996054,"up",1,90,"up",0.116666666666667,7.95556425088969,"","","",NA,"",NA,0,30,"Man","Right",NA
"63",NA,NA,2,"SC coherence",22,0.843787399993744,"down",1,270,"down",0.116666666666667,7.95556425088969,"","","",NA,"",NA,0,30,"Man","Right",NA
"64",NA,NA,2,"SC coherence",23,0.761079999967478,"down",1,270,"down",0.116666666666667,7.95556425088969,"","","",NA,"",NA,0,30,"Man","Right",NA
"65",NA,NA,2,"SC coherence",24,0.760360400017817,"up",1,90,"up",0.116666666666667,7.95556425088969,"","","",NA,"",NA,0,30,"Man","Right",NA
"66",NA,NA,2,"SC coherence",25,0.761357799987309,"down",1,270,"down",0.116666666666667,7.95556425088969,"","","",NA,"",NA,0,30,"Man","Right",NA
"67",NA,NA,2,"SC coherence",26,0.745184500003234,"up",1,90,"up",0.116666666666667,7.95556425088969,"","","",NA,"",NA,0,30,"Man","Right",NA
"68",NA,NA,2,"SC coherence",27,0.828086099994835,"up",1,90,"up",0.116666666666667,7.95556425088969,"","","",NA,"",NA,0,30,"Man","Right",NA
"69",NA,NA,2,"SC coherence",28,0.594399099994916,"down",1,270,"down",0.116666666666667,7.95556425088969,"","","",NA,"",NA,0,30,"Man","Right",NA
"70",NA,NA,2,"SC coherence",29,0.759860399994068,"up",1,90,"up",0.116666666666667,7.95556425088969,"","","",NA,"",NA,0,30,"Man","Right",NA
"71",NA,NA,2,"SC coherence",30,0.777506000013091,"up",1,90,"up",0.116666666666667,7.95556425088969,"","","",NA,"",NA,0,30,"Man","Right",NA
"72",NA,NA,2,"SC coherence",31,0.579112300009001,"down",1,270,"down",0.116666666666667,7.95556425088969,"","","",NA,"",NA,0,30,"Man","Right",NA
"73",NA,NA,2,"SC coherence",32,0.760025299969129,"up",1,90,"up",0.1,7.95556425088969,"","","",NA,"",NA,0,30,"Man","Right",NA
"74",NA,NA,2,"SC coherence",33,0.660817800031509,"down",1,270,"down",0.0833333333333333,7.95556425088969,"","","",NA,"",NA,0,30,"Man","Right",NA
"75",NA,NA,2,"SC coherence",34,0.677261899982113,"up",1,90,"up",0.0833333333333333,7.95556425088969,"","","",NA,"",NA,0,30,"Man","Right",NA
"76",NA,NA,2,"SC coherence",35,0.744092300010379,"down",1,270,"down",0.0833333333333333,7.95556425088969,"","","",NA,"",NA,0,30,"Man","Right",NA
"77",NA,NA,2,"SC coherence",36,0.827395599975716,"up",1,90,"up",0.0833333333333333,7.95556425088969,"","","",NA,"",NA,0,30,"Man","Right",NA
"78",NA,NA,2,"SC coherence",37,0.693825200025458,"down",1,270,"down",0.0833333333333333,7.95556425088969,"","","",NA,"",NA,0,30,"Man","Right",NA
"79",NA,NA,2,"SC coherence",38,0.676477699948009,"up",1,90,"up",0.0833333333333333,7.95556425088969,"","","",NA,"",NA,0,30,"Man","Right",NA
"80",NA,NA,2,"SC coherence",39,0.82815680000931,"down",1,270,"down",0.0833333333333333,7.95556425088969,"","","",NA,"",NA,0,30,"Man","Right",NA
"81",NA,NA,2,"SC coherence",40,0.759035900002345,"down",1,270,"down",0.0833333333333333,7.95556425088969,"","","",NA,"",NA,0,30,"Man","Right",NA
"82",NA,NA,2,"SC coherence",41,1.06182350002928,"up",1,90,"up",0.0583333333333333,7.95556425088969,"","","",NA,"",NA,0,30,"Man","Right",NA
"83",NA,NA,2,"SC coherence",42,0.660614100052044,"down",1,270,"down",0.0583333333333333,7.95556425088969,"","","",NA,"",NA,0,30,"Man","Right",NA
"84",NA,NA,2,"SC coherence",43,0.843683899962343,"up",1,90,"up",0.0583333333333333,7.95556425088969,"","","",NA,"",NA,0,30,"Man","Right",NA
"85",NA,NA,2,"SC coherence",44,1.05876869999338,"down",0,90,"up",0.0583333333333333,7.95556425088969,"","","",NA,"",NA,0,30,"Man","Right",NA
"86",NA,NA,2,"SC coherence",45,1.15938909997931,"down",1,270,"down",0.0833333333333333,7.95556425088969,"","","",NA,"",NA,0,30,"Man","Right",NA
"87",NA,NA,2,"SC coherence",46,0.861102199996822,"up",1,90,"up",0.0583333333333333,7.95556425088969,"","","",NA,"",NA,0,30,"Man","Right",NA
"88",NA,NA,2,"SC coherence",47,1.14429109997582,"down",0,90,"up",0.0583333333333333,7.95556425088969,"","","",NA,"",NA,0,30,"Man","Right",NA
"89",NA,NA,2,"SC coherence",48,0.759329100023024,"down",1,270,"down",0.1,7.95556425088969,"","","",NA,"",NA,0,30,"Man","Right",NA
"90",NA,NA,2,"SC coherence",49,0.89349129999755,"down",1,270,"down",0.1,7.95556425088969,"","","",NA,"",NA,0,30,"Man","Right",NA
"91",NA,NA,2,"SC coherence",50,1.0435795999947,"up",0,270,"down",0.0583333333333333,7.95556425088969,"","","",NA,"",NA,0,30,"Man","Right",NA
"92",NA,NA,2,"SC coherence",51,0.977233099984005,"up",1,90,"up",0.1,7.95556425088969,"","","",NA,"",NA,0,30,"Man","Right",NA
"93",NA,NA,2,"SC coherence",52,1.12652450002497,"down",0,90,"up",0.1,7.95556425088969,"","","",NA,"",NA,0,30,"Man","Right",NA
"94",NA,NA,2,"SC coherence",53,0.87922790000448,"up",1,90,"up",0.1,7.95556425088969,"","","",NA,"",NA,0,30,"Man","Right",NA
"95",NA,NA,2,"SC coherence",54,NA,"[]",0,270,"down",0.1,7.95556425088969,"","","",NA,"",NA,0,30,"Man","Right",NA
"96",NA,NA,2,"SC coherence",55,0.842834000010043,"up",1,90,"up",0.0833333333333333,7.95556425088969,"","","",NA,"",NA,0,30,"Man","Right",NA
"97",NA,NA,2,"SC coherence",56,0.743140499980655,"up",1,90,"up",0.0833333333333333,7.95556425088969,"","","",NA,"",NA,0,30,"Man","Right",NA
"98",NA,NA,2,"SC coherence",57,0.79364450002322,"down",1,270,"down",0.0833333333333333,7.95556425088969,"","","",NA,"",NA,0,30,"Man","Right",NA
"99",NA,NA,2,"SC coherence",58,0.742235400015488,"up",1,90,"up",0.0833333333333333,7.95556425088969,"","","",NA,"",NA,0,30,"Man","Right",NA
"100",NA,NA,2,"SC coherence",59,1.02668180002365,"up",1,90,"up",0.0833333333333333,7.95556425088969,"","","",NA,"",NA,0,30,"Man","Right",NA
"101",NA,NA,2,"SC coherence",60,0.977863900014199,"down",1,270,"down",0.0833333333333333,7.95556425088969,"","","",NA,"",NA,0,30,"Man","Right",NA
"102",NA,NA,2,"SC coherence",61,0.627646999957506,"down",1,270,"down",0.0833333333333333,7.95556425088969,"","","",NA,"",NA,0,30,"Man","Right",NA
"103",NA,NA,2,"SC coherence",62,0.776689299964346,"up",1,90,"up",0.116666666666667,7.95556425088969,"","","",NA,"",NA,0,30,"Man","Right",NA
"104",NA,NA,2,"SC coherence",63,0.675634699990042,"down",1,270,"down",0.1,7.95556425088969,"","","",NA,"",NA,0,30,"Man","Right",NA
"105",NA,NA,2,"SC coherence",64,0.694793999951798,"up",1,90,"up",0.116666666666667,7.95556425088969,"","","",NA,"",NA,0,30,"Man","Right",NA
"106",NA,NA,2,"SC coherence",65,0.825909700011835,"up",1,90,"up",0.1,7.95556425088969,"","","",NA,"",NA,0,30,"Man","Right",NA
"107",NA,NA,2,"SC coherence",66,0.811586899973918,"down",1,270,"down",0.1,7.95556425088969,"","","",NA,"",NA,0,30,"Man","Right",NA
"108",NA,NA,2,"SC coherence",67,0.877143599966075,"up",1,90,"up",0.116666666666667,7.95556425088969,"","","",NA,"",NA,0,30,"Man","Right",NA
"109",NA,NA,2,"SC coherence",68,0.70967109996127,"down",1,270,"down",0.1,7.95556425088969,"","","",NA,"",NA,0,30,"Man","Right",NA
"110",NA,NA,2,"SC coherence",69,0.711014200001955,"down",1,270,"down",0.116666666666667,7.95556425088969,"","","",NA,"",NA,0,30,"Man","Right",NA
"111",NA,NA,2,"SC coherence",70,0.677879300026689,"up",1,90,"up",0.0583333333333333,7.95556425088969,"","","",NA,"",NA,0,30,"Man","Right",NA
"112",NA,NA,2,"SC coherence",71,0.694095799990464,"down",1,270,"down",0.0583333333333333,7.95556425088969,"","","",NA,"",NA,0,30,"Man","Right",NA
"113",NA,NA,2,"SC coherence",72,0.793946199992206,"up",0,270,"down",0.0583333333333333,7.95556425088969,"","","",NA,"",NA,0,30,"Man","Right",NA
"114",NA,NA,2,"SC coherence",73,0.859064300020691,"down",1,270,"down",0.116666666666667,7.95556425088969,"","","",NA,"",NA,0,30,"Man","Right",NA
"115",NA,NA,2,"SC coherence",74,0.709439700003713,"up",1,90,"up",0.116666666666667,7.95556425088969,"","","",NA,"",NA,0,30,"Man","Right",NA
"116",NA,NA,2,"SC coherence",75,0.712152199994307,"up",1,90,"up",0.116666666666667,7.95556425088969,"","","",NA,"",NA,0,30,"Man","Right",NA
"117",NA,NA,2,"SC coherence",76,0.729305399989244,"down",1,270,"down",0.116666666666667,7.95556425088969,"","","",NA,"",NA,0,30,"Man","Right",NA
"118",NA,NA,2,"SC coherence",77,0.97986259998288,"up",1,90,"up",0.1,7.95556425088969,"","","",NA,"",NA,0,30,"Man","Right",NA
"119",NA,NA,2,"SC coherence",78,1.39315579994582,"up",1,90,"up",0.116666666666667,7.95556425088969,"","","",NA,"",NA,0,30,"Man","Right",NA
"120",NA,NA,2,"SC coherence",79,0.644221399968956,"down",1,270,"down",0.116666666666667,7.95556425088969,"","","",NA,"",NA,0,30,"Man","Right",NA
"121",NA,NA,3,"Training - scale",0,1.32180610002251,"up",1,90,"up",1,NA,"None","4.026184499962255","",NA,"",NA,0,30,"Man","Right",NA
"122",NA,NA,3,"Training - scale",1,0.792707900051028,"down",1,270,"down",0.4,NA,"1.0","1.4639465000363998","",NA,"",NA,0,30,"Man","Right",NA
"123",NA,NA,3,"Training - scale",2,0.781779600016307,"up",1,90,"up",0.2,NA,"1.0","1.3295663999742828","",NA,"",NA,0,30,"Man","Right",NA
"124",NA,NA,3,"Training - scale",3,0.801044099964201,"down",1,270,"down",0.3,NA,"1.0","1.2788774000364356","",NA,"",NA,0,30,"Man","Right",NA
"125",NA,NA,3,"Training - scale",4,0.76465950004058,"up",1,90,"up",0.7,NA,"1.0","1.0963117000064813","",NA,"",NA,0,30,"Man","Right",NA
"126",NA,NA,3,"Training - scale",5,0.88208280003164,"up",1,90,"up",0.8,NA,"1.0","1.0126028999802656","",NA,"",NA,0,30,"Man","Right",NA
"127",NA,NA,3,"Training - scale",6,0.632532099960372,"down",1,270,"down",0.9,NA,"1.0","2.9780096000176854","",NA,"",NA,0,30,"Man","Right",NA
"128",NA,NA,3,"Training - scale",7,1.81540349998977,"down",1,270,"down",0.1,NA,"1.0","1.1790738999843597","",NA,"",NA,0,30,"Man","Right",NA
"129",NA,NA,3,"Training - scale",8,0.848890600027516,"up",1,90,"up",0.5,NA,"1.0","1.0137185000348836","",NA,"",NA,0,30,"Man","Right",NA
"130",NA,NA,3,"Training - scale",9,0.782051999995019,"down",1,270,"down",0.6,NA,"1.0","0.8965718999970704","",NA,"",NA,0,30,"Man","Right",NA
"131",NA,NA,2,"Main",0,1.34119309997186,"down",1,270,"down",0.05,NA,"None","None","2.3626002203110725",1.91747475829188,"conf",0.5,0,30,"Man","Right",NA
"132",NA,NA,2,"Main",1,1.24242510000477,"up",1,90,"up",0.075,NA,"0.94","2.258759700052906","2.5958032230568273",2.78954401375667,"conf",0.5,0,30,"Man","Right",NA
"133",NA,NA,2,"Main",2,1.8891650000005,"up",1,90,"up",0.0666666666666667,NA,"0.5","1.7453984000021592","3.891489147303062",2.49933988678612,"conf",0.5,0,30,"Man","Right",NA
"134",NA,NA,2,"Main",3,1.8891650000005,"[]",0,270,"down",0.025,NA,"None","None","None",3.42661006107763,"None",0.5,0,30,"Man","Right",NA
"135",NA,NA,2,"Main",4,1.08409109996865,"up",1,90,"up",0.05,NA,"1.0","0.7826804000069387","2.3324419800592042",1.60664731598579,"conf",0.5,0,30,"Man","Right",NA
"136",NA,NA,2,"Main",5,1.07104960002471,"down",1,270,"down",0.075,NA,"0.86","0.8372497000382282","4.97817042251163",3.83620188632974,"conf",0.5,0,30,"Man","Right",NA
"137",NA,NA,2,"Main",6,1.60838109999895,"down",1,270,"down",0.05,NA,"0.84","1.56623799999943","4.088955510019421",2.08567535204214,"conf",0.5,0,30,"Man","Right",NA
"138",NA,NA,2,"Main",7,0.811904600006528,"up",1,90,"up",0.125,NA,"1","0.8783369000302628","2.481270572867925",2.26456881220501,"conf",0.5,0,30,"Man","Right",NA
"139",NA,NA,2,"Main",8,1.66635390004376,"up",1,90,"up",0.0666666666666667,NA,"1.0","1.5995621000183746","2.3296699628258177",3.47092540380056,"conf",0.5,0,30,"Man","Right",NA
"140",NA,NA,2,"Main",9,1.52324090001639,"down",1,270,"down",0.0666666666666667,NA,"1.0","0.9471299999859184","3.0239533619215804",1.05245417148889,"conf",0.5,0,30,"Man","Right",NA
"141",NA,NA,2,"Main",10,1.09365240001353,"up",1,90,"up",0.075,NA,"1.0","0.9672939999727532","4.639451253126279",1.94077783767408,"conf",0.5,0,30,"Man","Right",NA
"142",NA,NA,2,"Main",11,1.00547729997197,"down",1,270,"down",0.0666666666666667,NA,"1.0","0.8963491999893449","4.171503100160969",2.05361322295559,"conf",0.5,0,30,"Man","Right",NA
"143",NA,NA,2,"Main",12,1.69318220001878,"up",1,90,"up",0.025,NA,"1.0","1.2784442999982275","2.4630650615807435",3.00116390546872,"conf",0.5,0,30,"Man","Right",NA
"144",NA,NA,2,"Main",13,0.941860599967185,"down",1,270,"down",0.075,NA,"1","0.8096325999940746","2.9623742370802955",1.38994270463131,"conf",0.5,0,30,"Man","Right",NA
"145",NA,NA,2,"Main",14,1.22271119995276,"up",1,90,"up",0.0666666666666667,NA,"1.0","0.8989721999969333","3.954118602893188",2.82673206931511,"conf",0.5,0,30,"Man","Right",NA
"146",NA,NA,2,"Main",15,1.23543089994928,"down",1,270,"down",0.0666666666666667,NA,"1.0","1.052676999999676","2.2472059549094467",1.80839168079998,"conf",0.5,0,30,"Man","Right",NA
"147",NA,NA,2,"Main",16,1.07207049999852,"up",1,90,"up",0.05,NA,"1.0","0.9977307000081055","2.4052018936084942",3.44995685181851,"conf",0.5,0,30,"Man","Right",NA
"148",NA,NA,2,"Main",17,0.812388999969698,"down",1,270,"down",0.125,NA,"1.0","1.0258202999830246","3.267261212932098",2.31147930379287,"conf",0.5,0,30,"Man","Right",NA
"149",NA,NA,2,"Main",18,1.68571140000131,"down",1,270,"down",0.075,NA,"0.72","1.6874522999860346","2.6616621650018986",3.46803693777171,"conf",0.5,0,30,"Man","Right",NA
"150",NA,NA,2,"Main",19,1.66221359994961,"down",1,270,"down",0.025,NA,"0.8","1.7371688000275753","4.17095502386769",3.90673447673935,"conf",0.5,0,30,"Man","Right",NA
"151",NA,NA,2,"Main",20,1.42055559996516,"up",1,90,"up",0.025,NA,"1.0","0.8665819999878295","2.4178046343577746",2.72746310801745,"conf",0.5,0,30,"Man","Right",NA
"152",NA,NA,2,"Main",21,1.1533013000153,"up",1,90,"up",0.05,NA,"1.0","0.8874899999937043","2.946653856752998",1.77653852578209,"conf",0.5,0,30,"Man","Right",NA
"153",NA,NA,2,"Main",22,0.987253599974792,"up",1,90,"up",0.125,NA,"1.0","0.9634373000008054","4.935699971580746",3.40641956344156,"conf",0.5,0,30,"Man","Right",NA
"154",NA,NA,2,"Main",23,1.10613400000148,"down",1,270,"down",0.125,NA,"1.0","0.9743554000160657","3.0288143897552473",3.52773527812916,"conf",0.5,0,30,"Man","Right",NA
"155",NA,NA,2,"Main",24,0.934120499994606,"up",1,90,"up",0.075,NA,"1.0","0.9423094000085257","4.4872239677601655",3.0461748519066,"conf",0.5,0,30,"Man","Right",NA
"156",NA,NA,2,"Main",25,0.999814399983734,"down",1,270,"down",0.0666666666666667,NA,"1.0","0.9731565000256523","2.555301717669691",3.48560999800016,"conf",0.5,0,30,"Man","Right",NA
"157",NA,NA,2,"Main",26,1.69263730000239,"down",1,270,"down",0.05,NA,"0.82","1.3606617000186816","2.8785232688823714",3.01904522683447,"conf",0.5,0,30,"Man","Right",NA
"158",NA,NA,2,"Main",27,1.05854300002102,"down",1,270,"down",0.0666666666666667,NA,"1.0","0.9652523000258952","3.440208204739823",2.58803951685442,"conf",0.5,0,30,"Man","Right",NA
"159",NA,NA,2,"Main",28,0.875803600007202,"up",1,90,"up",0.0666666666666667,NA,"1.0","0.9836389000411145","4.821048880204554",2.94764610323826,"conf",0.5,0,30,"Man","Right",NA
"160",NA,NA,2,"Main",29,1.19747539999662,"up",1,90,"up",0.0666666666666667,NA,"1.0","0.8559439000091515","3.3213549911338474",2.28205100389495,"conf",0.5,0,30,"Man","Right",NA
"161",NA,NA,2,"Main",30,0.998755700013135,"down",1,270,"down",0.0666666666666667,NA,"0.9","1.868878000008408","2.6933471203464805",2.56946315157237,"conf",0.5,0,30,"Man","Right",NA
"162",NA,NA,2,"Main",31,0.976773299975321,"down",1,270,"down",0.075,NA,"1.0","0.6919601999688894","3.232490740620137",3.65178519302339,"conf",0.5,0,30,"Man","Right",NA
"163",NA,NA,2,"Main",32,1.12465670000529,"down",1,270,"down",0.05,NA,"0.88","1.7734535000054166","3.447419779175898",2.76816666990584,"conf",0.5,0,30,"Man","Right",NA
"164",NA,NA,2,"Main",33,1.09505639999406,"up",1,90,"up",0.075,NA,"0.76","1.1186242999974638","4.105218379345441",2.87068562949746,"conf",0.5,0,30,"Man","Right",NA
"165",NA,NA,2,"Main",34,1.27440930000739,"up",1,90,"up",0.0666666666666667,NA,"0.84","1.6680035999743268","3.969043599496996",2.70537599989701,"conf",0.5,0,30,"Man","Right",NA
"166",NA,NA,2,"Main",35,1.90579809999326,"up",1,90,"up",0.05,NA,"0.7","2.4649139000102878","4.220459874519561",2.77940214422134,"conf",0.5,0,30,"Man","Right",NA
"167",NA,NA,2,"Main",36,1.64989199995762,"down",1,270,"down",0.0666666666666667,NA,"0.5","1.9330050999997184","2.196269928172712",2.59285515973599,"conf",0.5,0,30,"Man","Right",NA
"168",NA,NA,2,"Main",37,0.803063499974087,"up",1,90,"up",0.125,NA,"1.0","0.8617590999929234","4.153132823485315",2.04732123889321,"conf",0.5,0,30,"Man","Right",NA
"169",NA,NA,2,"Main",38,0.980839199968614,"down",1,270,"down",0.0666666666666667,NA,"1.0","0.8997087000170723","4.6767037100136655",2.19149305066027,"conf",0.5,0,30,"Man","Right",NA
"170",NA,NA,2,"Main",39,1.28748300002189,"up",1,90,"up",0.0666666666666667,NA,"1.0","0.940926400013268","4.55968634995139",3.22965191498027,"conf",0.5,0,30,"Man","Right",NA
"171",NA,NA,2,"Main",40,1.63335370004643,"down",1,270,"down",0.025,NA,"0.66","1.3705539000220597","2.9924980276829514",2.05581612658521,"conf",0.5,0,30,"Man","Right",NA
"172",NA,NA,2,"Main",41,1.4216635999619,"up",1,90,"up",0.05,NA,"1.0","1.2357243000296876","4.382886566935602",1.76876007827042,"conf",0.5,0,30,"Man","Right",NA
"173",NA,NA,2,"Main",42,1.76079470000695,"down",1,270,"down",0.05,NA,"0.78","1.9794046999886632","4.143646824130616",2.22369257661093,"conf",0.5,0,30,"Man","Right",NA
"174",NA,NA,2,"Main",43,0.922514900041278,"up",1,90,"up",0.075,NA,"1.0","0.9363942000200041","3.133232932480275",2.43766619978841,"conf",0.5,0,30,"Man","Right",NA
"175",NA,NA,2,"Main",44,1.07426139997551,"up",1,90,"up",0.0666666666666667,NA,"1.0","1.1448249000241049","2.044176192540139",3.32279586196588,"conf",0.5,0,30,"Man","Right",NA
"176",NA,NA,2,"Main",45,0.939823799999431,"down",1,270,"down",0.125,NA,"1.0","0.8887284999946132","3.1299012769941803",3.32268675286597,"conf",0.5,0,30,"Man","Right",NA
"177",NA,NA,2,"Main",46,1.28934469999513,"down",1,270,"down",0.075,NA,"1.0","2.0271250000223517","3.8590321378877883",1.84281773776844,"conf",0.5,0,30,"Man","Right",NA
"178",NA,NA,2,"Main",47,1.55295839998871,"up",1,90,"up",0.025,NA,"0.64","1.2221556999720633","3.3616450057247977",2.72522479899334,"conf",0.5,0,30,"Man","Right",NA
"179",NA,NA,2,"Main",48,1.32075760001317,"up",1,90,"up",0.075,NA,"0.78","1.4911486000055447","2.3443254913845757",3.41488682114791,"conf",0.5,0,30,"Man","Right",NA
"180",NA,NA,2,"Main",49,1.1629091000068,"down",1,270,"down",0.075,NA,"1.0","1.9832632999750786","3.5759896766423185",1.44908313717527,"conf",0.5,0,30,"Man","Right",NA
"181",NA,NA,2,"Main",50,1.49805460002972,"down",1,270,"down",0.05,NA,"0.76","2.4728066999814473","2.1043655793624394",1.41735156032466,"conf",0.5,0,30,"Man","Right",NA
"182",NA,NA,2,"Main",51,1.09747320000315,"up",1,90,"up",0.05,NA,"1.0","0.9488589999964461","2.2963130762013675",3.17371552599121,"conf",0.5,0,30,"Man","Right",NA
"183",NA,NA,2,"Main",52,1.09000709996326,"up",1,90,"up",0.0666666666666667,NA,"1.0","0.9326829999918118","4.420507640932737",2.11873237785979,"conf",0.5,0,30,"Man","Right",NA
"184",NA,NA,2,"Main",53,1.45985909999581,"down",1,270,"down",0.0666666666666667,NA,"1.0","0.960770700010471","4.195560420051956",2.70595457371516,"conf",0.5,0,30,"Man","Right",NA
"185",NA,NA,3,"Main",0,0.935936900030356,"up",1,90,"up",0.05,NA,"1.0","0.8542252999613993","3.2452775761150936",2.09114737679759,"conf",0.5,0,30,"Man","Right",NA
"186",NA,NA,3,"Main",1,0.787955300009344,"up",1,90,"up",0.0666666666666667,NA,"1.0","0.852890300040599","3.3149741194993876",2.812579170879,"conf",0.5,0,30,"Man","Right",NA
"187",NA,NA,3,"Main",2,1.11629899998661,"down",1,270,"down",0.05,NA,"1","0.8593448000028729","4.353670774942817",2.2129163865329,"conf",0.5,0,30,"Man","Right",NA
"188",NA,NA,3,"Main",3,0.66820249997545,"down",1,270,"down",0.125,NA,"1.0","0.8576245000003837","2.6408191138510704",2.06489903668869,"conf",0.5,0,30,"Man","Right",NA
"189",NA,NA,3,"Main",4,0.648456300026737,"up",1,90,"up",0.075,NA,"1","0.7649688000092283","2.2976769180299748",3.55160761076583,"conf",0.5,0,30,"Man","Right",NA
"190",NA,NA,3,"Main",5,0.512125100009143,"down",1,270,"down",0.075,NA,"0.84","1.229465699987486","3.7621777808657844",1.96370351401799,"conf",0.5,0,30,"Man","Right",NA
"191",NA,NA,3,"Main",6,1.06491730001289,"down",1,270,"down",0.0666666666666667,NA,"0.9","1.5904019000008702","2.5045026564203674",2.26046349795229,"conf",0.5,0,30,"Man","Right",NA
"192",NA,NA,3,"Main",7,0.66720709996298,"down",1,270,"down",0.0666666666666667,NA,"1.0","0.9020925000077114","4.311625307489791",3.70967015058599,"conf",0.5,0,30,"Man","Right",NA
"193",NA,NA,3,"Main",8,0.50090809998801,"up",1,90,"up",0.125,NA,"1.0","0.9088660000124946","3.1043444840174184",1.67064143011208,"conf",0.5,0,30,"Man","Right",NA
"194",NA,NA,3,"Main",9,1.0254667000263,"up",1,90,"up",0.025,NA,"0.84","1.9302030999679118","2.675736087480993",2.15362282629327,"conf",0.5,0,30,"Man","Right",NA
"195",NA,NA,3,"Main",10,0.64173450000817,"down",1,270,"down",0.05,NA,"1.0","0.6463255999842659","4.574216600371964",2.50266761234379,"conf",0.5,0,30,"Man","Right",NA
"196",NA,NA,3,"Main",11,1.42357470002025,"up",0,270,"down",0.025,NA,"0.52","1.8718344999942929","2.3485953559952844",2.46532397652174,"conf",0.5,0,30,"Man","Right",NA
"197",NA,NA,3,"Main",12,0.647425999981351,"up",1,90,"up",0.0666666666666667,NA,"1","0.8506969999871217","4.791994970221375",1.86628241372999,"conf",0.5,0,30,"Man","Right",NA
"198",NA,NA,3,"Main",13,0.78010470001027,"up",1,90,"up",0.0666666666666667,NA,"1.0","0.7530326000414789","4.20639224706609",2.89496911112456,"conf",0.5,0,30,"Man","Right",NA
"199",NA,NA,3,"Main",14,1.30200719996355,"up",1,90,"up",0.075,NA,"0.9","1.9367809999966994","2.411988768093647",2.01052584300517,"conf",0.5,0,30,"Man","Right",NA
"200",NA,NA,3,"Main",15,1.00208589999238,"down",1,270,"down",0.0666666666666667,NA,"0.88","1.2182615000056103","2.597641433297482",3.43701586185642,"conf",0.5,0,30,"Man","Right",NA
"201",NA,NA,3,"Main",16,0.874273499997798,"up",1,90,"up",0.05,NA,"1.0","0.930020899977535","2.391565250119898",2.33167216198145,"conf",0.5,0,30,"Man","Right",NA
"202",NA,NA,3,"Main",17,0.714781999995466,"down",1,270,"down",0.075,NA,"1.0","0.9403066000086255","4.337250273440381",3.66842989837162,"conf",0.5,0,30,"Man","Right",NA
"203",NA,NA,3,"Main",18,1.0082945000031,"up",1,90,"up",0.025,NA,"1.0","0.8773747000377625","3.678304333442345",1.27530860233165,"conf",0.5,0,30,"Man","Right",NA
"204",NA,NA,3,"Main",19,0.988283600017894,"up",1,90,"up",0.05,NA,"1.0","0.9039380000322126","3.1137300077377494",2.07518547479385,"conf",0.5,0,30,"Man","Right",NA
"205",NA,NA,3,"Main",20,1.1375018999679,"down",1,270,"down",0.0666666666666667,NA,"1.0","0.8891458999714814","4.011787307124112",2.25752151460751,"conf",0.5,0,30,"Man","Right",NA
"206",NA,NA,3,"Main",21,1.53839899995364,"up",0,270,"down",0.05,NA,"0.5","0.41019750002305955","3.1426979923582032",3.1756729704688,"conf",0.5,0,30,"Man","Right",NA
"207",NA,NA,3,"Main",22,0.818900100013707,"up",1,90,"up",0.0666666666666667,NA,"0.74","1.7359663999523036","2.595214760318673",2.85776238802589,"conf",0.5,0,30,"Man","Right",NA
"208",NA,NA,3,"Main",23,0.736604999983683,"down",1,270,"down",0.125,NA,"1.0","0.9219324999721721","2.4116104325164307",2.15283017833599,"conf",0.5,0,30,"Man","Right",NA
"209",NA,NA,3,"Main",24,0.760060899949167,"up",1,90,"up",0.075,NA,"1.0","0.7370627999771386","4.935556792332894",3.41124297526262,"conf",0.5,0,30,"Man","Right",NA
"210",NA,NA,3,"Main",25,1.0174656000454,"up",1,90,"up",0.0666666666666667,NA,"1.0","0.967795800010208","2.4805587240970497",1.81085218236531,"conf",0.5,0,30,"Man","Right",NA
"211",NA,NA,3,"Main",26,0.950172299984843,"down",1,270,"down",0.025,NA,"0.8","1.2174792000441812","2.1470413395419086",2.40554189941095,"conf",0.5,0,30,"Man","Right",NA
"212",NA,NA,3,"Main",27,0.806481500039808,"down",1,270,"down",0.0666666666666667,NA,"1.0","0.878482099971734","3.4244130881286137",3.17594916021981,"conf",0.5,0,30,"Man","Right",NA
"213",NA,NA,3,"Main",28,0.486263700004201,"up",1,90,"up",0.125,NA,"1","0.8158880999544635","2.1512658625518775",2.87447235609394,"conf",0.5,0,30,"Man","Right",NA
"214",NA,NA,3,"Main",29,0.588761100021657,"down",1,270,"down",0.05,NA,"1.0","0.9515570000512525","4.05005750869463",2.73971612184994,"conf",0.5,0,30,"Man","Right",NA
"215",NA,NA,3,"Main",30,0.821629700018093,"up",1,90,"up",0.0666666666666667,NA,"1.0","0.8722689999849536","4.745882181982851",3.10365742692938,"conf",0.5,0,30,"Man","Right",NA
"216",NA,NA,3,"Main",31,0.908324800024275,"up",0,270,"down",0.075,NA,"0.24","1.9184664000058547","3.0027783296021138",2.77732519025223,"conf",0.5,0,30,"Man","Right",NA
"217",NA,NA,3,"Main",32,0.567696500045713,"up",1,90,"up",0.05,NA,"1.0","0.8624307999853045","4.2013626104485855",2.6045339866295,"conf",0.5,0,30,"Man","Right",NA
"218",NA,NA,3,"Main",33,0.690554900036659,"down",1,270,"down",0.0666666666666667,NA,"1.0","0.9138351999572478","2.3569681592492246",2.26478248056032,"conf",0.5,0,30,"Man","Right",NA
"219",NA,NA,3,"Main",34,0.764486600004602,"down",1,270,"down",0.075,NA,"0.62","0.9887274000211619","3.7709646805830372",3.10574122367447,"conf",0.5,0,30,"Man","Right",NA
"220",NA,NA,3,"Main",35,0.82303959998535,"up",1,90,"up",0.075,NA,"1.0","0.967801499995403","2.203645486835229",1.38467907144171,"conf",0.5,0,30,"Man","Right",NA
"221",NA,NA,3,"Main",36,1.12817080004606,"up",1,90,"up",0.05,NA,"1.0","0.8949365000007674","4.946218401491119",2.16968134375524,"conf",0.5,0,30,"Man","Right",NA
"222",NA,NA,3,"Main",37,1.20902420004131,"up",0,270,"down",0.025,NA,"0.7","1.3097232000436634","4.628840728828513",2.09074909969709,"conf",0.5,0,30,"Man","Right",NA
"223",NA,NA,3,"Main",38,0.769488500023726,"up",1,90,"up",0.05,NA,"1.0","0.892275599995628","3.790549150248065",2.4744283930447,"conf",0.5,0,30,"Man","Right",NA
"224",NA,NA,3,"Main",39,0.688462099991739,"down",1,270,"down",0.0666666666666667,NA,"0.8","1.1173274000175297","2.3355529448585512",1.22674142676471,"conf",0.5,0,30,"Man","Right",NA
"225",NA,NA,3,"Main",40,0.769152399967425,"up",1,90,"up",0.125,NA,"1.0","0.9053948000073433","4.393044999310648",2.83266544600823,"conf",0.5,0,30,"Man","Right",NA
"226",NA,NA,3,"Main",41,0.877188799961004,"down",1,270,"down",0.125,NA,"1.0","0.9000602000160143","4.072949156445244",1.00942882835523,"conf",0.5,0,30,"Man","Right",NA
"227",NA,NA,3,"Main",42,1.1359594000387,"down",1,270,"down",0.0666666666666667,NA,"1.0","0.8350806999951601","4.347684097091659",2.25078950925412,"conf",0.5,0,30,"Man","Right",NA
"228",NA,NA,3,"Main",43,0.644871600030456,"up",1,90,"up",0.0666666666666667,NA,"1.0","0.8508004000177607","3.8900982649745495",2.06442693079868,"conf",0.5,0,30,"Man","Right",NA
"229",NA,NA,3,"Main",44,0.680656500044279,"down",1,270,"down",0.05,NA,"1.0","0.5245788000174798","3.6529793126825028",2.25919868970674,"conf",0.5,0,30,"Man","Right",NA
"230",NA,NA,3,"Main",45,0.606837400002405,"up",1,90,"up",0.025,NA,"0.86","1.3777337999781594","2.2924307256260414",3.09240533660157,"conf",0.5,0,30,"Man","Right",NA
"231",NA,NA,3,"Main",46,0.719427700038068,"down",1,270,"down",0.05,NA,"1.0","0.8536118000047281","2.54524397605866",2.19568719304422,"conf",0.5,0,30,"Man","Right",NA
"232",NA,NA,3,"Main",47,0.866847599972971,"down",1,270,"down",0.0666666666666667,NA,"1.0","1.0521353000076488","3.827488448877399",3.19926182121725,"conf",0.5,0,30,"Man","Right",NA
"233",NA,NA,3,"Main",48,0.544414700008929,"up",1,90,"up",0.075,NA,"1.0","0.8796384000452235","3.459992449800342",2.63115512955238,"conf",0.5,0,30,"Man","Right",NA
"234",NA,NA,3,"Main",49,0.964739800023381,"up",1,90,"up",0.0666666666666667,NA,"0.74","1.158208700013347","3.685614975619645",3.22776110172365,"conf",0.5,0,30,"Man","Right",NA
"235",NA,NA,3,"Main",50,1.30083389999345,"down",1,270,"down",0.075,NA,"1.0","0.9272432000143453","2.703824465484008",3.20060430717735,"conf",0.5,0,30,"Man","Right",NA
"236",NA,NA,3,"Main",51,0.845784900011495,"up",1,90,"up",0.0666666666666667,NA,"1.0","0.8447704000282101","4.896170796885551",2.65490447936308,"conf",0.5,0,30,"Man","Right",NA
"237",NA,NA,3,"Main",52,0.739254200016148,"up",1,90,"up",0.075,NA,"1.0","0.9223056000191718","4.795449275135416",1.99316880552576,"conf",0.5,0,30,"Man","Right",NA
"238",NA,NA,3,"Main",53,0.522217000019737,"down",1,270,"down",0.075,NA,"1.0","1.0027848000172526","4.014401144707759",2.54809611088939,"conf",0.5,0,30,"Man","Right",NA
"239",NA,NA,4,"Main",0,0.63930059998529,"up",1,90,"up",0.125,NA,"1.0","0.9330970000009984","3.3031331060107814",3.86333487054543,"conf",0.5,0,30,"Man","Right",NA
"240",NA,NA,4,"Main",1,0.630577099975199,"up",1,90,"up",0.075,NA,"1.0","0.8804699000320397","3.5453984370235325",2.19778752895209,"conf",0.5,0,30,"Man","Right",NA
"241",NA,NA,4,"Main",2,0.465935199987143,"down",1,270,"down",0.075,NA,"1.0","0.832670199975837","2.713643527912088",1.4524886926739,"conf",0.5,0,30,"Man","Right",NA
"242",NA,NA,4,"Main",3,0.478776199975982,"up",1,90,"up",0.0666666666666667,NA,"1.0","0.8723257000092417","4.7020170833817545",2.85412430706668,"conf",0.5,0,30,"Man","Right",NA
"243",NA,NA,4,"Main",4,0.541500299994368,"up",1,90,"up",0.05,NA,"1.0","0.8382215000456199","2.450332001847534",1.43378201738108,"conf",0.5,0,30,"Man","Right",NA
"244",NA,NA,4,"Main",5,0.577625999983866,"down",1,270,"down",0.0666666666666667,NA,"1.0","0.8537219999707304","3.154858094140754",2.35000546621693,"conf",0.5,0,30,"Man","Right",NA
"245",NA,NA,4,"Main",6,0.714730100007728,"up",1,90,"up",0.025,NA,"0.72","1.0548070999793708","2.4892982440142974",3.42710901048812,"conf",0.5,0,30,"Man","Right",NA
"246",NA,NA,4,"Main",7,0.534134000015911,"down",1,270,"down",0.0666666666666667,NA,"1.0","0.8998888999922201","4.580149784299869",1.63860217673365,"conf",0.5,0,30,"Man","Right",NA
"247",NA,NA,4,"Main",8,0.507191999990027,"down",1,270,"down",0.0666666666666667,NA,"1.0","0.8912883999873884","2.013600602737095",2.08740440100034,"conf",0.5,0,30,"Man","Right",NA
"248",NA,NA,4,"Main",9,0.575932400010061,"down",1,270,"down",0.05,NA,"0.82","1.4682606999995187","4.884887256985038",2.98706998618772,"conf",0.5,0,30,"Man","Right",NA
"249",NA,NA,4,"Main",10,1.32664010004373,"up",1,90,"up",0.05,NA,"0.84","1.6308541999896988","4.675205742374217",2.79913438412541,"conf",0.5,0,30,"Man","Right",NA
"250",NA,NA,4,"Main",11,0.514423699991312,"down",1,270,"down",0.075,NA,"1.0","0.8472539000213146","3.1973916233371336",2.96571762983156,"conf",0.5,0,30,"Man","Right",NA
"251",NA,NA,4,"Main",12,0.463692900026217,"up",1,90,"up",0.0666666666666667,NA,"1.0","0.8634373999666423","2.61342700372664",1.97773988340454,"conf",0.5,0,30,"Man","Right",NA
"252",NA,NA,4,"Main",13,0.603249900043011,"up",1,90,"up",0.075,NA,"1.0","0.9094153000041842","4.188652825736321",1.80677754093591,"conf",0.5,0,30,"Man","Right",NA
"253",NA,NA,4,"Main",14,0.58804240002064,"down",1,270,"down",0.125,NA,"1.0","0.8719297999632545","3.1956203796004106",3.61172275673315,"conf",0.5,0,30,"Man","Right",NA
"254",NA,NA,4,"Main",15,0.532403699995484,"up",1,90,"up",0.0666666666666667,NA,"1.0","0.8464087000465952","3.2990581941655672",1.56538834094026,"conf",0.5,0,30,"Man","Right",NA
"255",NA,NA,4,"Main",16,1.04933930002153,"down",1,270,"down",0.025,NA,"0.94","2.4845611000200734","2.4788503958964325",3.33576590245153,"conf",0.5,0,30,"Man","Right",NA
"256",NA,NA,4,"Main",17,0.558654299995396,"down",1,270,"down",0.05,NA,"1.0","0.8514522999757901","3.42126963167292",3.22675467699359,"conf",0.5,0,30,"Man","Right",NA
"257",NA,NA,4,"Main",18,1.19978550000815,"down",1,270,"down",0.05,NA,"1.0","0.9181908000027761","3.0619880633791823",3.51327207675306,"conf",0.5,0,30,"Man","Right",NA
"258",NA,NA,4,"Main",19,0.78235210001003,"up",1,90,"up",0.05,NA,"1.0","0.8600129000260495","3.7857052210485183",2.795198433861,"conf",0.5,0,30,"Man","Right",NA
"259",NA,NA,4,"Main",20,1.31835209997371,"up",1,90,"up",0.075,NA,"1.0","0.8042515000561252","3.195728172372892",2.65988457825122,"conf",0.5,0,30,"Man","Right",NA
"260",NA,NA,4,"Main",21,0.486331899999641,"down",1,270,"down",0.125,NA,"1.0","0.8408780999598093","4.808044031785997",2.88962391777113,"conf",0.5,0,30,"Man","Right",NA
"261",NA,NA,4,"Main",22,0.857104499998968,"up",1,90,"up",0.025,NA,"1.0","0.9210030999965966","4.948528668058882",3.89645269520462,"conf",0.5,0,30,"Man","Right",NA
"262",NA,NA,4,"Main",23,0.698701400018763,"down",1,270,"down",0.0666666666666667,NA,"1.0","0.8763212999911048","2.936589829669268",1.57314524385688,"conf",0.5,0,30,"Man","Right",NA
"263",NA,NA,4,"Main",24,1.37497329997132,"down",1,270,"down",0.025,NA,"0.74","1.6075477999984287","3.914124209930592",3.53809581385992,"conf",0.5,0,30,"Man","Right",NA
"264",NA,NA,4,"Main",25,0.706544300017413,"up",1,90,"up",0.0666666666666667,NA,"1.0","0.8681388999684714","3.301721949656323",3.41395543286642,"conf",0.5,0,30,"Man","Right",NA
"265",NA,NA,4,"Main",26,0.529423400002997,"up",1,90,"up",0.075,NA,"1.0","0.875412099994719","2.8173966573271025",3.01965801778449,"conf",0.5,0,30,"Man","Right",NA
"266",NA,NA,4,"Main",27,0.757346900005359,"down",1,270,"down",0.0666666666666667,NA,"1.0","0.9621395999565721","3.4415426574669876",1.90035577895749,"conf",0.5,0,30,"Man","Right",NA
"267",NA,NA,4,"Main",28,0.480353399994783,"up",1,90,"up",0.125,NA,"1.0","0.8301883999956772","4.878706150490949",3.36435341700502,"conf",0.5,0,30,"Man","Right",NA
"268",NA,NA,4,"Main",29,0.381278599961661,"down",0,90,"up",0.0666666666666667,NA,"0.0","0.9364477000199258","2.840728939975521",2.15651622231356,"conf",0.5,0,30,"Man","Right",NA
"269",NA,NA,4,"Main",30,0.754817499953788,"down",1,270,"down",0.05,NA,"0.88","1.1723699999856763","4.5455240967122394",2.60048910602562,"conf",0.5,0,30,"Man","Right",NA
"270",NA,NA,4,"Main",31,0.545198099978734,"up",1,90,"up",0.0666666666666667,NA,"1.0","0.8382500999723561","4.968252492792897",2.73052412157109,"conf",0.5,0,30,"Man","Right",NA
"271",NA,NA,4,"Main",32,0.633864800038282,"down",1,270,"down",0.0666666666666667,NA,"1.0","0.8882628999999724","4.874643414465052",2.31142049654602,"conf",0.5,0,30,"Man","Right",NA
"272",NA,NA,4,"Main",33,0.723068099992815,"up",1,90,"up",0.05,NA,"1.0","0.8827845000196248","4.9367958678577075",2.37288919203432,"conf",0.5,0,30,"Man","Right",NA
"273",NA,NA,4,"Main",34,0.74161379999714,"down",1,270,"down",0.075,NA,"1.0","0.8654124999884516","4.488994759702097",3.43708998142561,"conf",0.5,0,30,"Man","Right",NA
"274",NA,NA,4,"Main",35,0.656334900006186,"down",1,270,"down",0.075,NA,"0.88","1.3668529999558814","2.9692350853290588",1.35667779750802,"conf",0.5,0,30,"Man","Right",NA
"275",NA,NA,4,"Main",36,1.05526140000438,"up",1,90,"up",0.05,NA,"1.0","0.9519201000221074","2.682737077269938",1.62181682395139,"conf",0.5,0,30,"Man","Right",NA
"276",NA,NA,4,"Main",37,0.59147959999973,"up",1,90,"up",0.125,NA,"1.0","0.8470576999825425","2.4413985076660127",2.33586787840461,"conf",0.5,0,30,"Man","Right",NA
"277",NA,NA,4,"Main",38,0.758264699950814,"down",1,270,"down",0.025,NA,"1.0","0.8208474999992177","2.1351467519857965",2.05094037383057,"conf",0.5,0,30,"Man","Right",NA
"278",NA,NA,4,"Main",39,0.547167200013064,"up",1,90,"up",0.075,NA,"1.0","0.8554434000398032","2.78942374869101",3.55792713911204,"conf",0.5,0,30,"Man","Right",NA
"279",NA,NA,4,"Main",40,0.522265899984632,"up",1,90,"up",0.0666666666666667,NA,"1.0","0.8095170000451617","3.9929251757499777",3.97918207085578,"conf",0.5,0,30,"Man","Right",NA
"280",NA,NA,4,"Main",41,0.483729000028688,"down",1,270,"down",0.05,NA,"0.76","1.5717903000186197","2.076128121406983",2.65448177201698,"conf",0.5,0,30,"Man","Right",NA
"281",NA,NA,4,"Main",42,0.625663099985104,"down",1,270,"down",0.0666666666666667,NA,"1.0","0.5601599999936298","3.311824546924607",1.93005999335351,"conf",0.5,0,30,"Man","Right",NA
"282",NA,NA,4,"Main",43,0.633638499944936,"up",1,90,"up",0.0666666666666667,NA,"1.0","0.8760508000268601","4.851952821043609",2.67867231837744,"conf",0.5,0,30,"Man","Right",NA
"283",NA,NA,4,"Main",44,1.38495870004408,"up",1,90,"up",0.05,NA,"1.0","1.213969399977941","2.3355219678414114",2.46207753069635,"conf",0.5,0,30,"Man","Right",NA
"284",NA,NA,4,"Main",45,0.949680100020487,"up",1,90,"up",0.075,NA,"1.0","0.8467488999594934","2.1008146316269336",1.37479775327262,"conf",0.5,0,30,"Man","Right",NA
"285",NA,NA,4,"Main",46,0.571538999967743,"down",1,270,"down",0.075,NA,"1.0","0.7182209999882616","4.448818701854212",1.60564388912701,"conf",0.5,0,30,"Man","Right",NA
"286",NA,NA,4,"Main",47,0.856707200000528,"down",1,270,"down",0.075,NA,"1.0","0.7986457999795675","3.4219762149752437",3.83741661213515,"conf",0.5,0,30,"Man","Right",NA
"287",NA,NA,4,"Main",48,0.592873099958524,"down",1,270,"down",0.0666666666666667,NA,"1.0","0.9890339999692515","2.183848958819091",3.55753847216152,"conf",0.5,0,30,"Man","Right",NA
"288",NA,NA,4,"Main",49,0.903415799955837,"up",1,90,"up",0.0666666666666667,NA,"1.0","0.9751658000168391","3.174567724121793",3.11905946369035,"conf",0.5,0,30,"Man","Right",NA
"289",NA,NA,4,"Main",50,0.97672659996897,"up",1,90,"up",0.025,NA,"1.0","0.8740119999856688","4.965448135710488",1.52315643093907,"conf",0.5,0,30,"Man","Right",NA
"290",NA,NA,4,"Main",51,1.13789370004088,"down",1,270,"down",0.0666666666666667,NA,"1.0","0.8617814999888651","4.505335659057984",1.46699371897905,"conf",0.5,0,30,"Man","Right",NA
"291",NA,NA,4,"Main",52,0.529136799974367,"down",1,270,"down",0.125,NA,"1.0","1.3558560999808833","2.569768224873914",3.06840182195704,"conf",0.5,0,30,"Man","Right",NA
"292",NA,NA,4,"Main",53,0.794769500032999,"down",1,270,"down",0.05,NA,"1.0","0.8675584999728017","3.4241296121991143",3.54617325623299,"conf",0.5,0,30,"Man","Right",NA
"293",NA,NA,5,"Main",0,0.7456208000076,"up",1,90,"up",0.025,NA,"1.0","0.8488627999904566","2.410807759763647",3.2834020825515,"conf",0.5,0,30,"Man","Right",NA
"294",NA,NA,5,"Main",1,0.712285700021312,"down",1,270,"down",0.0666666666666667,NA,"1.0","0.810812099953182","3.9816770274135846",3.38030785948108,"conf",0.5,0,30,"Man","Right",NA
"295",NA,NA,5,"Main",2,0.665685100015253,"down",1,270,"down",0.125,NA,"1.0","0.9024459000211209","4.908144957355726",1.61190930523827,"conf",0.5,0,30,"Man","Right",NA
"296",NA,NA,5,"Main",3,0.502152100030798,"up",1,90,"up",0.125,NA,"1","0.7842322000069544","4.0468570306880505",2.29041196022063,"conf",0.5,0,30,"Man","Right",NA
"297",NA,NA,5,"Main",4,0.388435899978504,"down",1,270,"down",0.075,NA,"1.0","0.8901095000328496","2.210529923079797",2.88716953991262,"conf",0.5,0,30,"Man","Right",NA
"298",NA,NA,5,"Main",5,0.541490799980238,"down",1,270,"down",0.0666666666666667,NA,"1.0","0.8087474000058137","2.912709473592842",2.45409014323181,"conf",0.5,0,30,"Man","Right",NA
"299",NA,NA,5,"Main",6,0.73985630000243,"up",1,90,"up",0.075,NA,"1.0","0.9333203000132926","3.38656013326721",1.74171588530166,"conf",0.5,0,30,"Man","Right",NA
"300",NA,NA,5,"Main",7,0.63892710005166,"up",1,90,"up",0.0666666666666667,NA,"1.0","1.051789999997709","2.266965822686621",3.77646564954091,"conf",0.5,0,30,"Man","Right",NA
"301",NA,NA,5,"Main",8,0.618164599989541,"up",1,90,"up",0.0666666666666667,NA,"1.0","0.8873673000489362","2.461048093239338",3.98016562066561,"conf",0.5,0,30,"Man","Right",NA
"302",NA,NA,5,"Main",9,0.549147599958815,"down",1,270,"down",0.075,NA,"1.0","0.8497799999895506","3.529502831445803",3.00673432422364,"conf",0.5,0,30,"Man","Right",NA
"303",NA,NA,5,"Main",10,0.58698550000554,"up",1,90,"up",0.0666666666666667,NA,"1.0","0.8519881999818608","3.4148357293430323",1.6903718280741,"conf",0.5,0,30,"Man","Right",NA
"304",NA,NA,5,"Main",11,0.902748100052122,"down",1,270,"down",0.025,NA,"0.74","1.0264503000071272","4.389811456419901",2.22980405059735,"conf",0.5,0,30,"Man","Right",NA
"305",NA,NA,5,"Main",12,0.833072400011588,"up",1,90,"up",0.05,NA,"1.0","0.8423210000037216","3.137053380050431",1.08176206766537,"conf",0.5,0,30,"Man","Right",NA
"306",NA,NA,5,"Main",13,0.632338099996559,"down",1,270,"down",0.0666666666666667,NA,"1.0","0.8479357000323944","2.0656165184553297",3.16230926887894,"conf",0.5,0,30,"Man","Right",NA
"307",NA,NA,5,"Main",14,0.516770899994299,"up",1,90,"up",0.05,NA,"1.0","0.8777201999910176","4.185601425005325",2.27767223397182,"conf",0.5,0,30,"Man","Right",NA
"308",NA,NA,5,"Main",15,0.484697300009429,"down",1,270,"down",0.05,NA,"0.86","1.0681028999970295","3.313230285707145",2.97438178200405,"conf",0.5,0,30,"Man","Right",NA
"309",NA,NA,5,"Main",16,0.557165099948179,"down",1,270,"down",0.05,NA,"0.9","1.4855280999909155","2.0019571063360595",2.07535394652517,"conf",0.5,0,30,"Man","Right",NA
"310",NA,NA,5,"Main",17,0.671361899992917,"up",1,90,"up",0.075,NA,"1.0","0.708032299997285","2.677440406534626",2.04182595186103,"conf",0.5,0,30,"Man","Right",NA
"311",NA,NA,5,"Main",18,0.687975699955132,"up",1,90,"up",0.075,NA,"1.0","0.8345783000113443","2.682579826787789",2.26389120813885,"conf",0.5,0,30,"Man","Right",NA
"312",NA,NA,5,"Main",19,0.465820999990683,"down",1,270,"down",0.125,NA,"1.0","0.8930977999698371","3.103619175143601",2.78446355705878,"conf",0.5,0,30,"Man","Right",NA
"313",NA,NA,5,"Main",20,0.711234399990644,"up",1,90,"up",0.05,NA,"1.0","0.6407058999757282","3.96621731331811",1.2782342559827,"conf",0.5,0,30,"Man","Right",NA
"314",NA,NA,5,"Main",21,0.638066000014078,"down",1,270,"down",0.05,NA,"1.0","0.8815092000295408","2.5690369074682704",3.47422993393448,"conf",0.5,0,30,"Man","Right",NA
"315",NA,NA,5,"Main",22,0.571550499997102,"down",1,270,"down",0.05,NA,"1.0","0.8961750000016764","2.322805377420729",3.41597016850319,"conf",0.5,0,30,"Man","Right",NA
"316",NA,NA,5,"Main",23,0.514438099984545,"up",1,90,"up",0.0666666666666667,NA,"1.0","0.8414703999878839","2.95308216171282",3.38968185212337,"conf",0.5,0,30,"Man","Right",NA
"317",NA,NA,5,"Main",24,0.423977200000081,"down",1,270,"down",0.0666666666666667,NA,"1.0","0.8994851000024937","3.63685178381723",3.75025613921755,"conf",0.5,0,30,"Man","Right",NA
"318",NA,NA,5,"Main",25,0.829915399954189,"down",1,270,"down",0.025,NA,"0.84","1.5800263999844901","2.430270452557669",2.83594247039525,"conf",0.5,0,30,"Man","Right",NA
"319",NA,NA,5,"Main",26,0.494053000002168,"down",1,270,"down",0.075,NA,"1.0","0.9043142000446096","2.3369937924700444",1.68876662967253,"conf",0.5,0,30,"Man","Right",NA
"320",NA,NA,5,"Main",27,0.590705000038724,"up",1,90,"up",0.05,NA,"1.0","0.8343231999897398","3.4688120203525656",2.00150516133981,"conf",0.5,0,30,"Man","Right",NA
"321",NA,NA,5,"Main",28,0.49621469998965,"up",1,90,"up",0.125,NA,"1.0","0.9258364999550395","2.5509541735913386",2.42262419823963,"conf",0.5,0,30,"Man","Right",NA
"322",NA,NA,5,"Main",29,0.489500999974553,"down",0,90,"up",0.025,NA,"0.0","0.9004245999967679","2.4858802899227617",2.47806169967154,"conf",0.5,0,30,"Man","Right",NA
"323",NA,NA,5,"Main",30,0.552679900021758,"down",1,270,"down",0.0666666666666667,NA,"1.0","0.9202539999969304","2.7966207538562466",1.99003121805186,"conf",0.5,0,30,"Man","Right",NA
"324",NA,NA,5,"Main",31,0.638530399999581,"up",1,90,"up",0.0666666666666667,NA,"1.0","0.9339143999968655","2.036073585656392",1.38676367720134,"conf",0.5,0,30,"Man","Right",NA
"325",NA,NA,5,"Main",32,1.66049159999238,"up",1,90,"up",0.075,NA,"1.0","0.9974522999837063","2.9947003714434954",1.81944902174822,"conf",0.5,0,30,"Man","Right",NA
"326",NA,NA,5,"Main",33,0.51082809997024,"down",1,270,"down",0.0666666666666667,NA,"1.0","0.9035081999609247","4.169926824985638",2.26279935030656,"conf",0.5,0,30,"Man","Right",NA
"327",NA,NA,5,"Main",34,0.899467799987178,"down",1,270,"down",0.075,NA,"1.0","0.9334874000051059","2.613619489904053",3.71915809408131,"conf",0.5,0,30,"Man","Right",NA
"328",NA,NA,5,"Main",35,0.541578600008506,"up",1,90,"up",0.0666666666666667,NA,"1.0","0.9135804999968968","3.041732218908616",3.07149450302891,"conf",0.5,0,30,"Man","Right",NA
"329",NA,NA,5,"Main",36,0.541036499955226,"up",1,90,"up",0.05,NA,"1.0","0.9116013000020757","2.6928787758232753",2.99457193386242,"conf",0.5,0,30,"Man","Right",NA
"330",NA,NA,5,"Main",37,0.485548099968582,"up",1,90,"up",0.125,NA,"1.0","0.8554455999983475","3.143494657347629",3.11449839550218,"conf",0.5,0,30,"Man","Right",NA
"331",NA,NA,5,"Main",38,0.465906400000677,"down",1,270,"down",0.05,NA,"0.78","1.744221100001596","3.7345316142855234",1.67843720994654,"conf",0.5,0,30,"Man","Right",NA
"332",NA,NA,5,"Main",39,0.734736199956387,"down",1,270,"down",0.05,NA,"1.0","0.8679998000152409","2.1803495360238445",3.72977890432517,"conf",0.5,0,30,"Man","Right",NA
"333",NA,NA,5,"Main",40,0.532577300036792,"down",1,270,"down",0.0666666666666667,NA,"1.0","0.8540418000193313","3.625521020363716",1.13812566691499,"conf",0.5,0,30,"Man","Right",NA
"334",NA,NA,5,"Main",41,0.62588309997227,"up",1,90,"up",0.0666666666666667,NA,"1.0","1.1139538999996148","4.640853546333766",2.8011553663502,"conf",0.5,0,30,"Man","Right",NA
"335",NA,NA,5,"Main",42,0.528153399995063,"up",1,90,"up",0.075,NA,"1.0","0.8931261000107042","3.3152000102310373",1.32837414805077,"conf",0.5,0,30,"Man","Right",NA
"336",NA,NA,5,"Main",43,0.434049599978607,"down",1,270,"down",0.025,NA,"0.4","2.7018537999829277","3.5091423170953373",2.56680636391294,"conf",0.5,0,30,"Man","Right",NA
"337",NA,NA,5,"Main",44,0.513508199946955,"down",1,270,"down",0.075,NA,"1.0","0.8831831000279635","4.009265235884223",3.68336572336745,"conf",0.5,0,30,"Man","Right",NA
"338",NA,NA,5,"Main",45,0.795253399992362,"up",1,90,"up",0.025,NA,"0.72","1.60686210001586","3.8504206530122733",3.24078680917097,"conf",0.5,0,30,"Man","Right",NA
"339",NA,NA,5,"Main",46,0.623090099950787,"down",1,270,"down",0.0666666666666667,NA,"1.0","0.860625900037121","2.643163430349401",2.26690387244554,"conf",0.5,0,30,"Man","Right",NA
"340",NA,NA,5,"Main",47,0.728782900026999,"down",1,270,"down",0.0666666666666667,NA,"1.0","0.8748659000266343","2.2851434488871902",1.0583341508044,"conf",0.5,0,30,"Man","Right",NA
"341",NA,NA,5,"Main",48,0.622003900003619,"up",1,90,"up",0.0666666666666667,NA,"1.0","0.8592831999994814","3.1421972277457155",1.91187744563588,"conf",0.5,0,30,"Man","Right",NA
"342",NA,NA,5,"Main",49,0.601409200055059,"up",1,90,"up",0.05,NA,"1.0","0.8829164999770001","2.6824811622748372",3.12901300146163,"conf",0.5,0,30,"Man","Right",NA
"343",NA,NA,5,"Main",50,0.517320099985227,"down",1,270,"down",0.125,NA,"1.0","0.8487562000518665","3.6981902902784705",3.32952747974947,"conf",0.5,0,30,"Man","Right",NA
"344",NA,NA,5,"Main",51,0.565803299949039,"up",1,90,"up",0.0666666666666667,NA,"1.0","0.8686982000363059","4.477118701863406",3.1353930521522,"conf",0.5,0,30,"Man","Right",NA
"345",NA,NA,5,"Main",52,0.507537199999206,"up",1,90,"up",0.075,NA,"1.0","0.8947417999734171","3.8417899218224605",2.66933108754937,"conf",0.5,0,30,"Man","Right",NA
"346",NA,NA,5,"Main",53,0.562039899989031,"down",1,270,"down",0.075,NA,"1.0","0.84402570000384","4.0642128228173",1.89361730919164,"conf",0.5,0,30,"Man","Right",NA
"347",NA,NA,6,"Main",0,0.732488600013312,"down",1,270,"down",0.075,NA,"1.0","0.8875104999751784","3.4747310171647228",2.87743370316244,"control",0.5,0,30,"Man","Right",NA
"348",NA,NA,6,"Main",1,0.552483599982224,"up",1,90,"up",0.075,NA,"1.0","0.8693923999671824","2.314522976995904",1.29647073798863,"control",0.5,0,30,"Man","Right",NA
"349",NA,NA,6,"Main",2,0.567702200030908,"down",1,270,"down",0.025,NA,"1.0","0.8237648000358604","4.072891883456826",1.94500698845148,"control",0.5,0,30,"Man","Right",NA
"350",NA,NA,6,"Main",3,0.533217100019101,"down",1,270,"down",0.05,NA,"1.0","0.9506495000096038","4.777655793220818",2.68276062119715,"control",0.5,0,30,"Man","Right",NA
"351",NA,NA,6,"Main",4,0.82907300000079,"down",1,270,"down",0.0666666666666667,NA,"1.0","0.9136134999571368","3.762163839238513",2.11415718086712,"control",0.5,0,30,"Man","Right",NA
"352",NA,NA,6,"Main",5,0.432596699974965,"up",1,90,"up",0.0666666666666667,NA,"1.0","0.8072932999930345","4.05488565738052",1.74069903560278,"control",0.5,0,30,"Man","Right",NA
"353",NA,NA,6,"Main",6,0.506313599995337,"down",1,270,"down",0.0666666666666667,NA,"1.0","0.8562191000091843","2.1134357673759867",3.16470104203369,"control",0.5,0,30,"Man","Right",NA
"354",NA,NA,6,"Main",7,1.26322279998567,"down",0,90,"up",0.025,NA,"0.0","1.0510875000036322","2.643754723067311",2.51679186764587,"control",0.5,0,30,"Man","Right",NA
"355",NA,NA,6,"Main",8,0.597184999962337,"up",1,90,"up",0.0666666666666667,NA,"1.0","0.8202588999993168","4.122405870072152",3.26332560038938,"control",0.5,0,30,"Man","Right",NA
"356",NA,NA,6,"Main",9,0.765222600020934,"down",1,270,"down",0.0666666666666667,NA,"1.0","0.8690562000265345","4.275407783254993",2.22080634634585,"control",0.5,0,30,"Man","Right",NA
"357",NA,NA,6,"Main",10,0.541648200014606,"up",1,90,"up",0.05,NA,"1.0","0.811736400006339","4.87658252711251",2.43276613698625,"control",0.5,0,30,"Man","Right",NA
"358",NA,NA,6,"Main",11,0.527620999957435,"up",1,90,"up",0.05,NA,"1.0","0.8784994999878109","3.76181385491878",2.53773165593366,"control",0.5,0,30,"Man","Right",NA
"359",NA,NA,6,"Main",12,0.472613100020681,"down",1,270,"down",0.05,NA,"0.76","1.35084630001802","2.2355783481441023",2.28677589500976,"control",0.5,0,30,"Man","Right",NA
"360",NA,NA,6,"Main",13,0.426590999995824,"up",1,90,"up",0.125,NA,"1.0","0.9315993000054732","2.591020679362262",2.99289743663019,"control",0.5,0,30,"Man","Right",NA
"361",NA,NA,6,"Main",14,0.535043200012296,"down",1,270,"down",0.075,NA,"1.0","0.8463459999766201","3.4857264002529624",1.24106845036393,"control",0.5,0,30,"Man","Right",NA
"362",NA,NA,6,"Main",15,0.541610300017055,"up",1,90,"up",0.075,NA,"1.0","0.8673058999702334","2.3389778454926846",3.54269546583729,"control",0.5,0,30,"Man","Right",NA
"363",NA,NA,6,"Main",16,0.520211800001562,"up",1,90,"up",0.0666666666666667,NA,"1.0","0.8270351000246592","3.5394059577545463",3.56508678067819,"control",0.5,0,30,"Man","Right",NA
"364",NA,NA,6,"Main",17,0.530238999985158,"down",1,270,"down",0.125,NA,"0.84","1.0244996000546962","4.400804134482353",2.82357267428456,"control",0.5,0,30,"Man","Right",NA
"365",NA,NA,6,"Main",18,0.504972500028089,"up",1,90,"up",0.075,NA,"1.0","0.9164868000079878","3.0507520133721",3.26255173106285,"control",0.5,0,30,"Man","Right",NA
"366",NA,NA,6,"Main",19,0.620969699986745,"down",1,270,"down",0.0666666666666667,NA,"1.0","0.8977125000092201","4.834940355131695",2.44776140189809,"control",0.5,0,30,"Man","Right",NA
"367",NA,NA,6,"Main",20,0.448925499978941,"up",1,90,"up",0.05,NA,"1.0","0.9174690999789163","4.1433024112042585",1.49084980047599,"control",0.5,0,30,"Man","Right",NA
"368",NA,NA,6,"Main",21,0.921853900013957,"down",1,270,"down",0.05,NA,"1.0","0.9436413000221364","2.142092434934997",3.09030475163502,"control",0.5,0,30,"Man","Right",NA
"369",NA,NA,6,"Main",22,0.855589499988127,"up",1,90,"up",0.025,NA,"0.74","1.591496000008192","4.108857793772199",3.01182253363165,"control",0.5,0,30,"Man","Right",NA
"370",NA,NA,6,"Main",23,0.517388199979905,"up",1,90,"up",0.05,NA,"1.0","0.8807654999545775","3.0339388962736997",2.83866065886758,"control",0.5,0,30,"Man","Right",NA
"371",NA,NA,6,"Main",24,0.658503699989524,"down",1,270,"down",0.075,NA,"1.0","0.861655900022015","3.5434550471679076",3.87180341016922,"control",0.5,0,30,"Man","Right",NA
"372",NA,NA,6,"Main",25,0.639010400045663,"down",1,270,"down",0.075,NA,"1.0","0.9186288000200875","2.300833249653021",1.88767988562025,"control",0.5,0,30,"Man","Right",NA
"373",NA,NA,6,"Main",26,0.558103699993808,"up",1,90,"up",0.0666666666666667,NA,"1.0","0.8350362000055611","2.587361606749873",2.03924441957537,"control",0.5,0,30,"Man","Right",NA
"374",NA,NA,6,"Main",27,0.440055600018241,"up",1,90,"up",0.125,NA,"1.0","0.8714651999762282","3.748111945943222",2.84062852519077,"control",0.5,0,30,"Man","Right",NA
"375",NA,NA,6,"Main",28,0.437616999959573,"down",1,270,"down",0.025,NA,"1.0","0.8227142000105232","3.1117554450496687",3.18075138323721,"control",0.5,0,30,"Man","Right",NA
"376",NA,NA,6,"Main",29,0.564734000014141,"down",1,270,"down",0.0666666666666667,NA,"1.0","0.927947900025174","2.217599421673513",2.81257529708042,"control",0.5,0,30,"Man","Right",NA
"377",NA,NA,6,"Main",30,0.601828900049441,"up",1,90,"up",0.0666666666666667,NA,"1.0","0.9209167999797501","4.526876166894938",3.26227210559358,"control",0.5,0,30,"Man","Right",NA
"378",NA,NA,6,"Main",31,0.767019500024617,"down",1,270,"down",0.05,NA,"0.82","2.525607699993998","2.037916143023511",2.36150452080548,"control",0.5,0,30,"Man","Right",NA
"379",NA,NA,6,"Main",32,0.585776899999473,"up",1,90,"up",0.075,NA,"1.0","0.7481570999952964","3.967377790318571",3.0094644103579,"control",0.5,0,30,"Man","Right",NA
"380",NA,NA,6,"Main",33,0.499452100018971,"down",1,270,"down",0.0666666666666667,NA,"1.0","0.9200692000449635","3.2928963685198283",3.39851971831129,"control",0.5,0,30,"Man","Right",NA
"381",NA,NA,6,"Main",34,0.480065600015223,"down",1,270,"down",0.125,NA,"1.0","0.8451766999787651","4.363661796201171",2.06217023477931,"control",0.5,0,30,"Man","Right",NA
"382",NA,NA,6,"Main",35,0.717369000019971,"up",1,90,"up",0.0666666666666667,NA,"1.0","0.8556161999586038","3.4413905076641678",2.47968883708569,"control",0.5,0,30,"Man","Right",NA
"383",NA,NA,6,"Main",36,0.431776900019031,"down",1,270,"down",0.05,NA,"0.62","0.9918064000084996","4.919070501648538",3.23620749795468,"control",0.5,0,30,"Man","Right",NA
"384",NA,NA,6,"Main",37,0.708230299991556,"up",1,90,"up",0.125,NA,"1.0","0.8826865999726579","3.4896879753576635",2.24768386122624,"control",0.5,0,30,"Man","Right",NA
"385",NA,NA,6,"Main",38,1.09800160001032,"up",1,90,"up",0.05,NA,"0.82","1.2756392000010237","3.9844408878693747",1.29890981649048,"control",0.5,0,30,"Man","Right",NA
"386",NA,NA,6,"Main",39,0.630067999998573,"up",1,90,"up",0.0666666666666667,NA,"1.0","0.8139158000121824","3.6634282031541967",2.4905324570816,"control",0.5,0,30,"Man","Right",NA
"387",NA,NA,6,"Main",40,0.721860800054856,"down",1,270,"down",0.0666666666666667,NA,"1.0","0.8768210999551229","4.974550724594616",1.20628043067596,"control",0.5,0,30,"Man","Right",NA
"388",NA,NA,6,"Main",41,0.656699599989224,"up",1,90,"up",0.075,NA,"1.0","0.8942425000132062","2.7435339339950846",2.04071332610744,"control",0.5,0,30,"Man","Right",NA
"389",NA,NA,6,"Main",42,0.506957400008105,"down",1,270,"down",0.075,NA,"1.0","0.8661528999800794","3.803946117768987",3.53393219261772,"control",0.5,0,30,"Man","Right",NA
"390",NA,NA,6,"Main",43,0.47836249996908,"down",1,270,"down",0.075,NA,"1.0","0.9884100999915972","3.6021755124726615",2.21240856453734,"control",0.5,0,30,"Man","Right",NA
"391",NA,NA,6,"Main",44,0.583893200033344,"down",1,270,"down",0.0666666666666667,NA,"1.0","0.8675358000327833","4.912325616905097",2.66732910195917,"control",0.5,0,30,"Man","Right",NA
"392",NA,NA,6,"Main",45,0.678027999994811,"up",1,90,"up",0.05,NA,"1.0","0.9172944000456482","2.5070710290227165",2.94026047593452,"control",0.5,0,30,"Man","Right",NA
"393",NA,NA,6,"Main",46,0.669285200012382,"up",1,90,"up",0.025,NA,"1.0","0.8464589999639429","4.285763284992807",2.28662330603492,"control",0.5,0,30,"Man","Right",NA
"394",NA,NA,6,"Main",47,0.859693299978971,"up",1,90,"up",0.0666666666666667,NA,"1.0","0.9966488999780267","4.025349469298018",2.74147392428707,"control",0.5,0,30,"Man","Right",NA
"395",NA,NA,6,"Main",48,0.737067400012165,"down",1,270,"down",0.0666666666666667,NA,"0.76","1.3419779999530874","4.6737481613463565",3.8875518013806,"control",0.5,0,30,"Man","Right",NA
"396",NA,NA,6,"Main",49,0.775054000027012,"up",1,90,"up",0.075,NA,"1.0","0.8532040999853052","3.7852475852398357",3.65925407983568,"control",0.5,0,30,"Man","Right",NA
"397",NA,NA,6,"Main",50,0.652622799971141,"up",1,90,"up",0.0666666666666667,NA,"1.0","0.8424620000296272","4.472913013910334",2.98971244849545,"control",0.5,0,30,"Man","Right",NA
"398",NA,NA,6,"Main",51,0.856892800016794,"down",1,270,"down",0.025,NA,"0.84","1.1816995000117458","3.0726093792279707",1.77346596591451,"control",0.5,0,30,"Man","Right",NA
"399",NA,NA,6,"Main",52,0.888768400007393,"down",1,270,"down",0.05,NA,"0.86","1.1748002999811433","2.4615027844087445",2.98842317949122,"control",0.5,0,30,"Man","Right",NA
"400",NA,NA,6,"Main",53,0.62306960002752,"down",1,270,"down",0.125,NA,"1.0","0.9483307999907993","2.1231656841105737",1.98386091474514,"control",0.5,0,30,"Man","Right",NA
"401",NA,NA,7,"Main",0,0.618354899983387,"down",1,270,"down",0.0666666666666667,NA,"1.0","0.8676367999869399","2.697866501605129",2.04912160273589,"conf",0.5,0,30,"Man","Right",NA
"402",NA,NA,7,"Main",1,0.647763499990106,"up",1,90,"up",0.0666666666666667,NA,"1.0","0.8407942000194453","4.203507442940558",1.73129946947855,"conf",0.5,0,30,"Man","Right",NA
"403",NA,NA,7,"Main",2,0.565037899999879,"up",1,90,"up",0.05,NA,"1.0","0.8674175000051036","2.4785842897958785",3.25978114878888,"conf",0.5,0,30,"Man","Right",NA
"404",NA,NA,7,"Main",3,0.454045299964491,"down",1,270,"down",0.075,NA,"1.0","0.8218375000287779","3.377709782267501",2.57896882481294,"conf",0.5,0,30,"Man","Right",NA
"405",NA,NA,7,"Main",4,0.449560499982908,"up",1,90,"up",0.075,NA,"0.9","1.0563500999705866","3.0726231479457264",3.39103342221381,"conf",0.5,0,30,"Man","Right",NA
"406",NA,NA,7,"Main",5,0.455202599987388,"down",1,270,"down",0.0666666666666667,NA,"1.0","0.8195090999943204","3.2656359522100606",1.59006645497992,"conf",0.5,0,30,"Man","Right",NA
"407",NA,NA,7,"Main",6,0.489207300008275,"down",1,270,"down",0.0666666666666667,NA,"1.0","1.1294701999868266","3.0234217558121568",1.79388105818687,"conf",0.5,0,30,"Man","Right",NA
"408",NA,NA,7,"Main",7,0.402506300015375,"up",1,90,"up",0.0666666666666667,NA,"1.0","0.8503610999905504","3.1996671591896906",3.68812911329597,"conf",0.5,0,30,"Man","Right",NA
"409",NA,NA,7,"Main",8,0.389388699957635,"down",0,90,"up",0.075,NA,"0.72","1.3717807000502944","2.3964823516545604",1.7733503693227,"conf",0.5,0,30,"Man","Right",NA
"410",NA,NA,7,"Main",9,0.723491200013086,"up",1,90,"up",0.025,NA,"1.0","0.8213024000287987","4.6150190458190705",3.85858423523602,"conf",0.5,0,30,"Man","Right",NA
"411",NA,NA,7,"Main",10,0.671029900026042,"down",1,270,"down",0.125,NA,"1.0","0.9789354999666102","3.677028904233842",1.61953647400945,"conf",0.5,0,30,"Man","Right",NA
"412",NA,NA,7,"Main",11,0.58676859998377,"up",1,90,"up",0.125,NA,"1.0","0.9070331000257283","3.9761900948543687",2.77680285062063,"conf",0.5,0,30,"Man","Right",NA
"413",NA,NA,7,"Main",12,0.7194095000159,"down",1,270,"down",0.05,NA,"1.0","0.8255413000006229","3.5240753375617393",2.39821038669173,"conf",0.5,0,30,"Man","Right",NA
"414",NA,NA,7,"Main",13,0.578668200003449,"up",1,90,"up",0.0666666666666667,NA,"1.0","0.8521652999916114","2.122603660523762",2.83155030644704,"conf",0.5,0,30,"Man","Right",NA
"415",NA,NA,7,"Main",14,0.614754099980928,"down",1,270,"down",0.075,NA,"1.0","0.8670112999971025","3.128096370338591",2.92166991908231,"conf",0.5,0,30,"Man","Right",NA
"416",NA,NA,7,"Main",15,0.605241000012029,"up",1,90,"up",0.05,NA,"1.0","0.8307637000107206","3.6199347114526788",3.83099120976903,"conf",0.5,0,30,"Man","Right",NA
"417",NA,NA,7,"Main",16,0.53078029997414,"down",1,270,"down",0.025,NA,"0.84","1.979084699996747","2.5972298520095114",1.33159483776203,"conf",0.5,0,30,"Man","Right",NA
"418",NA,NA,7,"Main",17,0.779488499974832,"down",1,270,"down",0.05,NA,"1.0","0.8645053000072949","2.594567239422412",3.69944079920948,"conf",0.5,0,30,"Man","Right",NA
"419",NA,NA,7,"Main",18,0.644965799991041,"up",1,90,"up",0.075,NA,"1.0","0.8883405000087805","3.7206995578935285",3.45576121583772,"conf",0.5,0,30,"Man","Right",NA
"420",NA,NA,7,"Main",19,0.524770999967586,"down",1,270,"down",0.05,NA,"1.0","0.7243908999953419","4.778831427583292",2.28392304338499,"conf",0.5,0,30,"Man","Right",NA
"421",NA,NA,7,"Main",20,0.96323360002134,"down",1,270,"down",0.0666666666666667,NA,"1.0","0.9091652000206523","2.25165937602363",3.43189414532533,"conf",0.5,0,30,"Man","Right",NA
"422",NA,NA,7,"Main",21,0.530234500009101,"up",1,90,"up",0.05,NA,"1.0","0.8610460000345483","3.699049581059232",3.21341797121063,"conf",0.5,0,30,"Man","Right",NA
"423",NA,NA,7,"Main",22,0.531515199982096,"up",1,90,"up",0.05,NA,"1.0","1.0680489999940619","3.025094422704494",3.54277208831737,"conf",0.5,0,30,"Man","Right",NA
"424",NA,NA,7,"Main",23,0.718379200028721,"up",1,90,"up",0.075,NA,"1.0","0.9343309999676421","2.1638213199147334",2.60633098125503,"conf",0.5,0,30,"Man","Right",NA
"425",NA,NA,7,"Main",24,0.589749500039034,"down",1,270,"down",0.075,NA,"1.0","0.8732089000404812","4.946218937630256",2.64228632143892,"conf",0.5,0,30,"Man","Right",NA
"426",NA,NA,7,"Main",25,0.418362400028855,"up",0,270,"down",0.0666666666666667,NA,"0.0","0.9080567000200972","4.254510348415065",2.87668084386877,"conf",0.5,0,30,"Man","Right",NA
"427",NA,NA,7,"Main",26,0.517426200036425,"up",1,90,"up",0.125,NA,"1.0","0.8771966000203975","3.003578319595357",3.06954773481002,"conf",0.5,0,30,"Man","Right",NA
"428",NA,NA,7,"Main",27,0.527413900010288,"down",1,270,"down",0.125,NA,"1.0","0.8591682999976911","3.314297166941409",2.52740903708127,"conf",0.5,0,30,"Man","Right",NA
"429",NA,NA,7,"Main",28,0.702929600025527,"up",1,90,"up",0.025,NA,"1.0","0.8517897999845445","3.9311219399450295",2.11829716432221,"conf",0.5,0,30,"Man","Right",NA
"430",NA,NA,7,"Main",29,0.610572300036438,"up",1,90,"up",0.0666666666666667,NA,"1.0","0.8955583000206389","2.511997996652892",2.84951350267614,"conf",0.5,0,30,"Man","Right",NA
"431",NA,NA,7,"Main",30,0.895883699995466,"down",1,270,"down",0.0666666666666667,NA,"1.0","0.8919947000104003","3.566683829431347",1.7664684288462,"conf",0.5,0,30,"Man","Right",NA
"432",NA,NA,7,"Main",31,0.628651799983345,"down",1,270,"down",0.025,NA,"1.0","0.9070542000117712","2.11993898935072",2.4911242324274,"conf",0.5,0,30,"Man","Right",NA
"433",NA,NA,7,"Main",32,0.636379600036889,"down",1,270,"down",0.075,NA,"1.0","0.866714800009504","2.1332173792059628",2.92633298697223,"conf",0.5,0,30,"Man","Right",NA
"434",NA,NA,7,"Main",33,0.537628599966411,"up",1,90,"up",0.0666666666666667,NA,"1.0","0.8812901999917813","2.2543394121247777",1.97812130570553,"conf",0.5,0,30,"Man","Right",NA
"435",NA,NA,7,"Main",34,0.550344599992968,"down",1,270,"down",0.05,NA,"1.0","0.8725495999678969","2.8572029091093842",3.97510668620429,"conf",0.5,0,30,"Man","Right",NA
"436",NA,NA,7,"Main",35,0.569804100028705,"up",1,90,"up",0.0666666666666667,NA,"1.0","0.9066526999813505","2.4441658104744595",1.11865905574122,"conf",0.5,0,30,"Man","Right",NA
"437",NA,NA,7,"Main",36,0.89489070000127,"up",1,90,"up",0.05,NA,"1.0","0.8833445999771357","4.441236526695624",1.25858521388401,"conf",0.5,0,30,"Man","Right",NA
"438",NA,NA,7,"Main",37,0.541677600005642,"down",1,270,"down",0.075,NA,"1.0","0.8680250000325032","4.020731197893141",2.07753711384911,"conf",0.5,0,30,"Man","Right",NA
"439",NA,NA,7,"Main",38,0.484670999983791,"up",1,90,"up",0.0666666666666667,NA,"1.0","0.7502223999472335","3.914498900000004",2.77336402622371,"conf",0.5,0,30,"Man","Right",NA
"440",NA,NA,7,"Main",39,0.572664699982852,"up",1,90,"up",0.125,NA,"1.0","0.9120790000306442","2.4072591774648253",1.79095669047537,"conf",0.5,0,30,"Man","Right",NA
"441",NA,NA,7,"Main",40,0.623979299969506,"down",1,270,"down",0.075,NA,"1.0","1.35907840001164","4.776140234947474",2.0491938638089,"conf",0.5,0,30,"Man","Right",NA
"442",NA,NA,7,"Main",41,0.413601499982178,"up",1,90,"up",0.075,NA,"1.0","0.8609802999999374","3.682527599516469",2.78390201467129,"conf",0.5,0,30,"Man","Right",NA
"443",NA,NA,7,"Main",42,0.644356800010428,"down",1,270,"down",0.05,NA,"1.0","0.8452881999546662","3.0449756930286593",1.13593058993263,"conf",0.5,0,30,"Man","Right",NA
"444",NA,NA,7,"Main",43,0.395351000013761,"up",1,90,"up",0.0666666666666667,NA,"1.0","0.881476600014139","3.892893827434846",1.72124042587709,"conf",0.5,0,30,"Man","Right",NA
"445",NA,NA,7,"Main",44,0.824486099998467,"down",1,270,"down",0.025,NA,"0.74","1.9818751999991946","3.4882408395711435",3.27714650926037,"conf",0.5,0,30,"Man","Right",NA
"446",NA,NA,7,"Main",45,0.619254700024612,"down",0,90,"up",0.025,NA,"0.72","1.1264104999718256","3.9883968540662043",2.61697358526058,"conf",0.5,0,30,"Man","Right",NA
"447",NA,NA,7,"Main",46,0.794245800003409,"up",1,90,"up",0.0666666666666667,NA,"0.92","1.425255100009963","3.3487703048751083",1.6708637122028,"conf",0.5,0,30,"Man","Right",NA
"448",NA,NA,7,"Main",47,0.744065499980934,"up",1,90,"up",0.05,NA,"1.0","0.845416700001806","4.044795009317043",3.95476214994314,"conf",0.5,0,30,"Man","Right",NA
"449",NA,NA,7,"Main",48,0.542146300023887,"down",1,270,"down",0.0666666666666667,NA,"1.0","0.8503858000040054","2.521093969100855",1.28849656654854,"conf",0.5,0,30,"Man","Right",NA
"450",NA,NA,7,"Main",49,0.558041199983563,"down",1,270,"down",0.125,NA,"1.0","0.8543907999992371","2.4003337181520448",3.37683589342738,"conf",0.5,0,30,"Man","Right",NA
"451",NA,NA,7,"Main",50,0.469633899978362,"down",1,270,"down",0.05,NA,"1.0","0.8640055999858305","2.5863140210173743",2.61454207820117,"conf",0.5,0,30,"Man","Right",NA
"452",NA,NA,7,"Main",51,0.532680100004654,"up",1,90,"up",0.075,NA,"1.0","0.6657556999707595","3.2301374817392614",3.71901208201574,"conf",0.5,0,30,"Man","Right",NA
"453",NA,NA,7,"Main",52,0.508132199989632,"down",1,270,"down",0.0666666666666667,NA,"0.92","1.2305671999929473","2.658435332393266",2.41243724968216,"conf",0.5,0,30,"Man","Right",NA
"454",NA,NA,7,"Main",53,0.50097170000663,"down",1,270,"down",0.0666666666666667,NA,"1.0","0.9288719000178389","3.5187901624963502",1.21964377868279,"conf",0.5,0,30,"Man","Right",NA
